Added Component: Designator=C1(FP-0402-L_1_0_0_05-W_0_5-IPC_A)
Add component (AddParameter): Name = "Capacitor Type"; Value = "Ceramic"; VariantName = "[No Variations]"
Add component (AddParameter): Name = "Case/Package"; Value = "0402"; VariantName = "[No Variations]"
Add component (AddParameter): Name = "Max Operating Temperature"; Value = "85°C"; VariantName = "[No Variations]"
Add component (AddParameter): Name = "Min Operating Temperature"; Value = "-55°C"; VariantName = "[No Variations]"
Add component (AddParameter): Name = "Mounting Technology"; Value = "Surface Mount"; VariantName = "[No Variations]"
Add component (AddParameter): Name = "Pins"; Value = "2"; VariantName = "[No Variations]"
Add component (AddParameter): Name = "RoHS Compliant"; Value = "Yes"; VariantName = "[No Variations]"
Add component (AddParameter): Name = "Tolerance"; Value = ""; VariantName = "[No Variations]"
Add component (AddParameter): Name = "Value"; Value = ""; VariantName = "[No Variations]"
Add component (AddParameter): Name = "Voltage Rating"; Value = ""; VariantName = "[No Variations]"
Added Component: Designator=C2(FP-0402-L_1_0_0_05-W_0_5-IPC_A)
Add component (AddParameter): Name = "Capacitor Type"; Value = "Ceramic"; VariantName = "[No Variations]"
Add component (AddParameter): Name = "Case/Package"; Value = "0402"; VariantName = "[No Variations]"
Add component (AddParameter): Name = "Max Operating Temperature"; Value = "85°C"; VariantName = "[No Variations]"
Add component (AddParameter): Name = "Min Operating Temperature"; Value = "-55°C"; VariantName = "[No Variations]"
Add component (AddParameter): Name = "Mounting Technology"; Value = "Surface Mount"; VariantName = "[No Variations]"
Add component (AddParameter): Name = "Pins"; Value = "2"; VariantName = "[No Variations]"
Add component (AddParameter): Name = "RoHS Compliant"; Value = "Yes"; VariantName = "[No Variations]"
Add component (AddParameter): Name = "Tolerance"; Value = ""; VariantName = "[No Variations]"
Add component (AddParameter): Name = "Value"; Value = ""; VariantName = "[No Variations]"
Add component (AddParameter): Name = "Voltage Rating"; Value = ""; VariantName = "[No Variations]"
Added Component: Designator=C3(FP-0402-L_1_0_0_05-W_0_5-IPC_A)
Add component (AddParameter): Name = "Capacitor Type"; Value = "Ceramic"; VariantName = "[No Variations]"
Add component (AddParameter): Name = "Case/Package"; Value = "0402"; VariantName = "[No Variations]"
Add component (AddParameter): Name = "Max Operating Temperature"; Value = "85°C"; VariantName = "[No Variations]"
Add component (AddParameter): Name = "Min Operating Temperature"; Value = "-55°C"; VariantName = "[No Variations]"
Add component (AddParameter): Name = "Mounting Technology"; Value = "Surface Mount"; VariantName = "[No Variations]"
Add component (AddParameter): Name = "Pins"; Value = "2"; VariantName = "[No Variations]"
Add component (AddParameter): Name = "RoHS Compliant"; Value = "Yes"; VariantName = "[No Variations]"
Add component (AddParameter): Name = "Tolerance"; Value = ""; VariantName = "[No Variations]"
Add component (AddParameter): Name = "Value"; Value = ""; VariantName = "[No Variations]"
Add component (AddParameter): Name = "Voltage Rating"; Value = ""; VariantName = "[No Variations]"
Added Component: Designator=C4(FP-0402-L_1_0_0_05-W_0_5-IPC_A)
Add component (AddParameter): Name = "Capacitor Type"; Value = "Ceramic"; VariantName = "[No Variations]"
Add component (AddParameter): Name = "Case/Package"; Value = "0402"; VariantName = "[No Variations]"
Add component (AddParameter): Name = "Max Operating Temperature"; Value = "85°C"; VariantName = "[No Variations]"
Add component (AddParameter): Name = "Min Operating Temperature"; Value = "-55°C"; VariantName = "[No Variations]"
Add component (AddParameter): Name = "Mounting Technology"; Value = "Surface Mount"; VariantName = "[No Variations]"
Add component (AddParameter): Name = "Pins"; Value = "2"; VariantName = "[No Variations]"
Add component (AddParameter): Name = "RoHS Compliant"; Value = "Yes"; VariantName = "[No Variations]"
Add component (AddParameter): Name = "Tolerance"; Value = ""; VariantName = "[No Variations]"
Add component (AddParameter): Name = "Value"; Value = ""; VariantName = "[No Variations]"
Add component (AddParameter): Name = "Voltage Rating"; Value = ""; VariantName = "[No Variations]"
Added Component: Designator=C5(FP-0402-L_1_0_0_05-W_0_5-IPC_A)
Add component (AddParameter): Name = "Capacitor Type"; Value = "Ceramic"; VariantName = "[No Variations]"
Add component (AddParameter): Name = "Case/Package"; Value = "0402"; VariantName = "[No Variations]"
Add component (AddParameter): Name = "Max Operating Temperature"; Value = "85°C"; VariantName = "[No Variations]"
Add component (AddParameter): Name = "Min Operating Temperature"; Value = "-55°C"; VariantName = "[No Variations]"
Add component (AddParameter): Name = "Mounting Technology"; Value = "Surface Mount"; VariantName = "[No Variations]"
Add component (AddParameter): Name = "Pins"; Value = "2"; VariantName = "[No Variations]"
Add component (AddParameter): Name = "RoHS Compliant"; Value = "Yes"; VariantName = "[No Variations]"
Add component (AddParameter): Name = "Tolerance"; Value = ""; VariantName = "[No Variations]"
Add component (AddParameter): Name = "Value"; Value = ""; VariantName = "[No Variations]"
Add component (AddParameter): Name = "Voltage Rating"; Value = ""; VariantName = "[No Variations]"
Added Component: Designator=C6(FP-GRM21B-0_2-e0_2_0_7-IPC_B)
Add component (AddParameter): Name = "Capacitance"; Value = "22uF"; VariantName = "[No Variations]"
Add component (AddParameter): Name = "Case Code (Imperial)"; Value = "0805"; VariantName = "[No Variations]"
Add component (AddParameter): Name = "Case Code (Metric)"; Value = "2012"; VariantName = "[No Variations]"
Add component (AddParameter): Name = "Case/Package"; Value = "0805"; VariantName = "[No Variations]"
Add component (AddParameter): Name = "Depth"; Value = "1.25mm"; VariantName = "[No Variations]"
Add component (AddParameter): Name = "Dielectric"; Value = "X5R"; VariantName = "[No Variations]"
Add component (AddParameter): Name = "Height"; Value = "1.25mm"; VariantName = "[No Variations]"
Add component (AddParameter): Name = "Lead Free"; Value = "Lead Free"; VariantName = "[No Variations]"
Add component (AddParameter): Name = "Length"; Value = "2mm"; VariantName = "[No Variations]"
Add component (AddParameter): Name = "Material"; Value = "Ceramic"; VariantName = "[No Variations]"
Add component (AddParameter): Name = "Max Operating Temperature"; Value = "85°C"; VariantName = "[No Variations]"
Add component (AddParameter): Name = "Min Operating Temperature"; Value = "-55°C"; VariantName = "[No Variations]"
Add component (AddParameter): Name = "Mount"; Value = "Surface Mount"; VariantName = "[No Variations]"
Add component (AddParameter): Name = "Package Quantity"; Value = "3000"; VariantName = "[No Variations]"
Add component (AddParameter): Name = "Packaging"; Value = "Tape and Reel"; VariantName = "[No Variations]"
Add component (AddParameter): Name = "REACH SVHC"; Value = "No SVHC"; VariantName = "[No Variations]"
Add component (AddParameter): Name = "Resistor Type"; Value = "Ceramic"; VariantName = "[No Variations]"
Add component (AddParameter): Name = "Termination"; Value = "SMD/SMT"; VariantName = "[No Variations]"
Add component (AddParameter): Name = "Thickness"; Value = "0.057inch"; VariantName = "[No Variations]"
Add component (AddParameter): Name = "Tolerance"; Value = "20%"; VariantName = "[No Variations]"
Add component (AddParameter): Name = "Voltage"; Value = "25V"; VariantName = "[No Variations]"
Add component (AddParameter): Name = "Voltage Rating"; Value = "25V"; VariantName = "[No Variations]"
Add component (AddParameter): Name = "Voltage Rating (DC)"; Value = "25V"; VariantName = "[No Variations]"
Add component (AddParameter): Name = "Weight"; Value = "0.000335oz"; VariantName = "[No Variations]"
Add component (AddParameter): Name = "Width"; Value = "1.25mm"; VariantName = "[No Variations]"
Added Component: Designator=C7(FP-0402-L_1_0_0_05-W_0_5-IPC_A)
Add component (AddParameter): Name = "Capacitor Type"; Value = "Ceramic"; VariantName = "[No Variations]"
Add component (AddParameter): Name = "Case/Package"; Value = "0402"; VariantName = "[No Variations]"
Add component (AddParameter): Name = "Max Operating Temperature"; Value = "85°C"; VariantName = "[No Variations]"
Add component (AddParameter): Name = "Min Operating Temperature"; Value = "-55°C"; VariantName = "[No Variations]"
Add component (AddParameter): Name = "Mounting Technology"; Value = "Surface Mount"; VariantName = "[No Variations]"
Add component (AddParameter): Name = "Pins"; Value = "2"; VariantName = "[No Variations]"
Add component (AddParameter): Name = "RoHS Compliant"; Value = "Yes"; VariantName = "[No Variations]"
Add component (AddParameter): Name = "Tolerance"; Value = ""; VariantName = "[No Variations]"
Add component (AddParameter): Name = "Value"; Value = ""; VariantName = "[No Variations]"
Add component (AddParameter): Name = "Voltage Rating"; Value = ""; VariantName = "[No Variations]"
Added Component: Designator=C8(FP-0402-L_1_0_0_05-W_0_5-IPC_A)
Add component (AddParameter): Name = "Capacitor Type"; Value = "Ceramic"; VariantName = "[No Variations]"
Add component (AddParameter): Name = "Case/Package"; Value = "0402"; VariantName = "[No Variations]"
Add component (AddParameter): Name = "Max Operating Temperature"; Value = "85°C"; VariantName = "[No Variations]"
Add component (AddParameter): Name = "Min Operating Temperature"; Value = "-55°C"; VariantName = "[No Variations]"
Add component (AddParameter): Name = "Mounting Technology"; Value = "Surface Mount"; VariantName = "[No Variations]"
Add component (AddParameter): Name = "Pins"; Value = "2"; VariantName = "[No Variations]"
Add component (AddParameter): Name = "RoHS Compliant"; Value = "Yes"; VariantName = "[No Variations]"
Add component (AddParameter): Name = "Tolerance"; Value = ""; VariantName = "[No Variations]"
Add component (AddParameter): Name = "Value"; Value = ""; VariantName = "[No Variations]"
Add component (AddParameter): Name = "Voltage Rating"; Value = ""; VariantName = "[No Variations]"
Added Component: Designator=C9(FP-0402-L_1_0_0_05-W_0_5-IPC_A)
Add component (AddParameter): Name = "Capacitor Type"; Value = "Ceramic"; VariantName = "[No Variations]"
Add component (AddParameter): Name = "Case/Package"; Value = "0402"; VariantName = "[No Variations]"
Add component (AddParameter): Name = "Max Operating Temperature"; Value = "85°C"; VariantName = "[No Variations]"
Add component (AddParameter): Name = "Min Operating Temperature"; Value = "-55°C"; VariantName = "[No Variations]"
Add component (AddParameter): Name = "Mounting Technology"; Value = "Surface Mount"; VariantName = "[No Variations]"
Add component (AddParameter): Name = "Pins"; Value = "2"; VariantName = "[No Variations]"
Add component (AddParameter): Name = "RoHS Compliant"; Value = "Yes"; VariantName = "[No Variations]"
Add component (AddParameter): Name = "Tolerance"; Value = ""; VariantName = "[No Variations]"
Add component (AddParameter): Name = "Value"; Value = ""; VariantName = "[No Variations]"
Add component (AddParameter): Name = "Voltage Rating"; Value = ""; VariantName = "[No Variations]"
Added Component: Designator=C10(FP-GRM21B-0_2-e0_2_0_7-IPC_B)
Add component (AddParameter): Name = "Capacitance"; Value = "22uF"; VariantName = "[No Variations]"
Add component (AddParameter): Name = "Case Code (Imperial)"; Value = "0805"; VariantName = "[No Variations]"
Add component (AddParameter): Name = "Case Code (Metric)"; Value = "2012"; VariantName = "[No Variations]"
Add component (AddParameter): Name = "Case/Package"; Value = "0805"; VariantName = "[No Variations]"
Add component (AddParameter): Name = "Depth"; Value = "1.25mm"; VariantName = "[No Variations]"
Add component (AddParameter): Name = "Dielectric"; Value = "X5R"; VariantName = "[No Variations]"
Add component (AddParameter): Name = "Height"; Value = "1.25mm"; VariantName = "[No Variations]"
Add component (AddParameter): Name = "Lead Free"; Value = "Lead Free"; VariantName = "[No Variations]"
Add component (AddParameter): Name = "Length"; Value = "2mm"; VariantName = "[No Variations]"
Add component (AddParameter): Name = "Material"; Value = "Ceramic"; VariantName = "[No Variations]"
Add component (AddParameter): Name = "Max Operating Temperature"; Value = "85°C"; VariantName = "[No Variations]"
Add component (AddParameter): Name = "Min Operating Temperature"; Value = "-55°C"; VariantName = "[No Variations]"
Add component (AddParameter): Name = "Mount"; Value = "Surface Mount"; VariantName = "[No Variations]"
Add component (AddParameter): Name = "Package Quantity"; Value = "3000"; VariantName = "[No Variations]"
Add component (AddParameter): Name = "Packaging"; Value = "Tape and Reel"; VariantName = "[No Variations]"
Add component (AddParameter): Name = "REACH SVHC"; Value = "No SVHC"; VariantName = "[No Variations]"
Add component (AddParameter): Name = "Resistor Type"; Value = "Ceramic"; VariantName = "[No Variations]"
Add component (AddParameter): Name = "Termination"; Value = "SMD/SMT"; VariantName = "[No Variations]"
Add component (AddParameter): Name = "Thickness"; Value = "0.057inch"; VariantName = "[No Variations]"
Add component (AddParameter): Name = "Tolerance"; Value = "20%"; VariantName = "[No Variations]"
Add component (AddParameter): Name = "Voltage"; Value = "25V"; VariantName = "[No Variations]"
Add component (AddParameter): Name = "Voltage Rating"; Value = "25V"; VariantName = "[No Variations]"
Add component (AddParameter): Name = "Voltage Rating (DC)"; Value = "25V"; VariantName = "[No Variations]"
Add component (AddParameter): Name = "Weight"; Value = "0.000335oz"; VariantName = "[No Variations]"
Add component (AddParameter): Name = "Width"; Value = "1.25mm"; VariantName = "[No Variations]"
Added Component: Designator=C11(FP-0402-L_1_0_0_05-W_0_5-IPC_A)
Add component (AddParameter): Name = "Capacitor Type"; Value = "Ceramic"; VariantName = "[No Variations]"
Add component (AddParameter): Name = "Case/Package"; Value = "0402"; VariantName = "[No Variations]"
Add component (AddParameter): Name = "Max Operating Temperature"; Value = "85°C"; VariantName = "[No Variations]"
Add component (AddParameter): Name = "Min Operating Temperature"; Value = "-55°C"; VariantName = "[No Variations]"
Add component (AddParameter): Name = "Mounting Technology"; Value = "Surface Mount"; VariantName = "[No Variations]"
Add component (AddParameter): Name = "Pins"; Value = "2"; VariantName = "[No Variations]"
Add component (AddParameter): Name = "RoHS Compliant"; Value = "Yes"; VariantName = "[No Variations]"
Add component (AddParameter): Name = "Tolerance"; Value = ""; VariantName = "[No Variations]"
Add component (AddParameter): Name = "Value"; Value = ""; VariantName = "[No Variations]"
Add component (AddParameter): Name = "Voltage Rating"; Value = ""; VariantName = "[No Variations]"
Added Component: Designator=C12(FP-0402-L_1_0_0_05-W_0_5-IPC_A)
Add component (AddParameter): Name = "Capacitor Type"; Value = "Ceramic"; VariantName = "[No Variations]"
Add component (AddParameter): Name = "Case/Package"; Value = "0402"; VariantName = "[No Variations]"
Add component (AddParameter): Name = "Max Operating Temperature"; Value = "85°C"; VariantName = "[No Variations]"
Add component (AddParameter): Name = "Min Operating Temperature"; Value = "-55°C"; VariantName = "[No Variations]"
Add component (AddParameter): Name = "Mounting Technology"; Value = "Surface Mount"; VariantName = "[No Variations]"
Add component (AddParameter): Name = "Pins"; Value = "2"; VariantName = "[No Variations]"
Add component (AddParameter): Name = "RoHS Compliant"; Value = "Yes"; VariantName = "[No Variations]"
Add component (AddParameter): Name = "Tolerance"; Value = ""; VariantName = "[No Variations]"
Add component (AddParameter): Name = "Value"; Value = ""; VariantName = "[No Variations]"
Add component (AddParameter): Name = "Voltage Rating"; Value = ""; VariantName = "[No Variations]"
Added Component: Designator=C13(FP-0402-L_1_0_0_05-W_0_5-IPC_A)
Add component (AddParameter): Name = "Capacitor Type"; Value = "Ceramic"; VariantName = "[No Variations]"
Add component (AddParameter): Name = "Case/Package"; Value = "0402"; VariantName = "[No Variations]"
Add component (AddParameter): Name = "Max Operating Temperature"; Value = "85°C"; VariantName = "[No Variations]"
Add component (AddParameter): Name = "Min Operating Temperature"; Value = "-55°C"; VariantName = "[No Variations]"
Add component (AddParameter): Name = "Mounting Technology"; Value = "Surface Mount"; VariantName = "[No Variations]"
Add component (AddParameter): Name = "Pins"; Value = "2"; VariantName = "[No Variations]"
Add component (AddParameter): Name = "RoHS Compliant"; Value = "Yes"; VariantName = "[No Variations]"
Add component (AddParameter): Name = "Tolerance"; Value = ""; VariantName = "[No Variations]"
Add component (AddParameter): Name = "Value"; Value = ""; VariantName = "[No Variations]"
Add component (AddParameter): Name = "Voltage Rating"; Value = ""; VariantName = "[No Variations]"
Added Component: Designator=C14(FP-0402-L_1_0_0_05-W_0_5-IPC_A)
Add component (AddParameter): Name = "Capacitor Type"; Value = "Ceramic"; VariantName = "[No Variations]"
Add component (AddParameter): Name = "Case/Package"; Value = "0402"; VariantName = "[No Variations]"
Add component (AddParameter): Name = "Max Operating Temperature"; Value = "85°C"; VariantName = "[No Variations]"
Add component (AddParameter): Name = "Min Operating Temperature"; Value = "-55°C"; VariantName = "[No Variations]"
Add component (AddParameter): Name = "Mounting Technology"; Value = "Surface Mount"; VariantName = "[No Variations]"
Add component (AddParameter): Name = "Pins"; Value = "2"; VariantName = "[No Variations]"
Add component (AddParameter): Name = "RoHS Compliant"; Value = "Yes"; VariantName = "[No Variations]"
Add component (AddParameter): Name = "Tolerance"; Value = ""; VariantName = "[No Variations]"
Add component (AddParameter): Name = "Value"; Value = ""; VariantName = "[No Variations]"
Add component (AddParameter): Name = "Voltage Rating"; Value = ""; VariantName = "[No Variations]"
Added Component: Designator=C15(FP-0402-L_1_0_0_05-W_0_5-IPC_A)
Add component (AddParameter): Name = "Capacitor Type"; Value = "Ceramic"; VariantName = "[No Variations]"
Add component (AddParameter): Name = "Case/Package"; Value = "0402"; VariantName = "[No Variations]"
Add component (AddParameter): Name = "Max Operating Temperature"; Value = "85°C"; VariantName = "[No Variations]"
Add component (AddParameter): Name = "Min Operating Temperature"; Value = "-55°C"; VariantName = "[No Variations]"
Add component (AddParameter): Name = "Mounting Technology"; Value = "Surface Mount"; VariantName = "[No Variations]"
Add component (AddParameter): Name = "Pins"; Value = "2"; VariantName = "[No Variations]"
Add component (AddParameter): Name = "RoHS Compliant"; Value = "Yes"; VariantName = "[No Variations]"
Add component (AddParameter): Name = "Tolerance"; Value = ""; VariantName = "[No Variations]"
Add component (AddParameter): Name = "Value"; Value = ""; VariantName = "[No Variations]"
Add component (AddParameter): Name = "Voltage Rating"; Value = ""; VariantName = "[No Variations]"
Added Component: Designator=C16(FP-GRM21B-0_2-e0_2_0_7-IPC_B)
Add component (AddParameter): Name = "Capacitance"; Value = "22uF"; VariantName = "[No Variations]"
Add component (AddParameter): Name = "Case Code (Imperial)"; Value = "0805"; VariantName = "[No Variations]"
Add component (AddParameter): Name = "Case Code (Metric)"; Value = "2012"; VariantName = "[No Variations]"
Add component (AddParameter): Name = "Case/Package"; Value = "0805"; VariantName = "[No Variations]"
Add component (AddParameter): Name = "Depth"; Value = "1.25mm"; VariantName = "[No Variations]"
Add component (AddParameter): Name = "Dielectric"; Value = "X5R"; VariantName = "[No Variations]"
Add component (AddParameter): Name = "Height"; Value = "1.25mm"; VariantName = "[No Variations]"
Add component (AddParameter): Name = "Lead Free"; Value = "Lead Free"; VariantName = "[No Variations]"
Add component (AddParameter): Name = "Length"; Value = "2mm"; VariantName = "[No Variations]"
Add component (AddParameter): Name = "Material"; Value = "Ceramic"; VariantName = "[No Variations]"
Add component (AddParameter): Name = "Max Operating Temperature"; Value = "85°C"; VariantName = "[No Variations]"
Add component (AddParameter): Name = "Min Operating Temperature"; Value = "-55°C"; VariantName = "[No Variations]"
Add component (AddParameter): Name = "Mount"; Value = "Surface Mount"; VariantName = "[No Variations]"
Add component (AddParameter): Name = "Package Quantity"; Value = "3000"; VariantName = "[No Variations]"
Add component (AddParameter): Name = "Packaging"; Value = "Tape and Reel"; VariantName = "[No Variations]"
Add component (AddParameter): Name = "REACH SVHC"; Value = "No SVHC"; VariantName = "[No Variations]"
Add component (AddParameter): Name = "Resistor Type"; Value = "Ceramic"; VariantName = "[No Variations]"
Add component (AddParameter): Name = "Termination"; Value = "SMD/SMT"; VariantName = "[No Variations]"
Add component (AddParameter): Name = "Thickness"; Value = "0.057inch"; VariantName = "[No Variations]"
Add component (AddParameter): Name = "Tolerance"; Value = "20%"; VariantName = "[No Variations]"
Add component (AddParameter): Name = "Voltage"; Value = "25V"; VariantName = "[No Variations]"
Add component (AddParameter): Name = "Voltage Rating"; Value = "25V"; VariantName = "[No Variations]"
Add component (AddParameter): Name = "Voltage Rating (DC)"; Value = "25V"; VariantName = "[No Variations]"
Add component (AddParameter): Name = "Weight"; Value = "0.000335oz"; VariantName = "[No Variations]"
Add component (AddParameter): Name = "Width"; Value = "1.25mm"; VariantName = "[No Variations]"
Added Component: Designator=C17(FP-0402-L_1_0_0_05-W_0_5-IPC_A)
Add component (AddParameter): Name = "Capacitor Type"; Value = "Ceramic"; VariantName = "[No Variations]"
Add component (AddParameter): Name = "Case/Package"; Value = "0402"; VariantName = "[No Variations]"
Add component (AddParameter): Name = "Max Operating Temperature"; Value = "85°C"; VariantName = "[No Variations]"
Add component (AddParameter): Name = "Min Operating Temperature"; Value = "-55°C"; VariantName = "[No Variations]"
Add component (AddParameter): Name = "Mounting Technology"; Value = "Surface Mount"; VariantName = "[No Variations]"
Add component (AddParameter): Name = "Pins"; Value = "2"; VariantName = "[No Variations]"
Add component (AddParameter): Name = "RoHS Compliant"; Value = "Yes"; VariantName = "[No Variations]"
Add component (AddParameter): Name = "Tolerance"; Value = ""; VariantName = "[No Variations]"
Add component (AddParameter): Name = "Value"; Value = ""; VariantName = "[No Variations]"
Add component (AddParameter): Name = "Voltage Rating"; Value = ""; VariantName = "[No Variations]"
Added Component: Designator=C18(FP-0402-L_1_0_0_05-W_0_5-IPC_A)
Add component (AddParameter): Name = "Capacitor Type"; Value = "Ceramic"; VariantName = "[No Variations]"
Add component (AddParameter): Name = "Case/Package"; Value = "0402"; VariantName = "[No Variations]"
Add component (AddParameter): Name = "Max Operating Temperature"; Value = "85°C"; VariantName = "[No Variations]"
Add component (AddParameter): Name = "Min Operating Temperature"; Value = "-55°C"; VariantName = "[No Variations]"
Add component (AddParameter): Name = "Mounting Technology"; Value = "Surface Mount"; VariantName = "[No Variations]"
Add component (AddParameter): Name = "Pins"; Value = "2"; VariantName = "[No Variations]"
Add component (AddParameter): Name = "RoHS Compliant"; Value = "Yes"; VariantName = "[No Variations]"
Add component (AddParameter): Name = "Tolerance"; Value = ""; VariantName = "[No Variations]"
Add component (AddParameter): Name = "Value"; Value = ""; VariantName = "[No Variations]"
Add component (AddParameter): Name = "Voltage Rating"; Value = ""; VariantName = "[No Variations]"
Added Component: Designator=C19(FP-0402-L_1_0_0_05-W_0_5-IPC_A)
Add component (AddParameter): Name = "Capacitor Type"; Value = "Ceramic"; VariantName = "[No Variations]"
Add component (AddParameter): Name = "Case/Package"; Value = "0402"; VariantName = "[No Variations]"
Add component (AddParameter): Name = "Max Operating Temperature"; Value = "85°C"; VariantName = "[No Variations]"
Add component (AddParameter): Name = "Min Operating Temperature"; Value = "-55°C"; VariantName = "[No Variations]"
Add component (AddParameter): Name = "Mounting Technology"; Value = "Surface Mount"; VariantName = "[No Variations]"
Add component (AddParameter): Name = "Pins"; Value = "2"; VariantName = "[No Variations]"
Add component (AddParameter): Name = "RoHS Compliant"; Value = "Yes"; VariantName = "[No Variations]"
Add component (AddParameter): Name = "Tolerance"; Value = ""; VariantName = "[No Variations]"
Add component (AddParameter): Name = "Value"; Value = ""; VariantName = "[No Variations]"
Add component (AddParameter): Name = "Voltage Rating"; Value = ""; VariantName = "[No Variations]"
Added Component: Designator=C20(FP-GRM21B-0_2-e0_2_0_7-IPC_B)
Add component (AddParameter): Name = "Capacitance"; Value = "22uF"; VariantName = "[No Variations]"
Add component (AddParameter): Name = "Case Code (Imperial)"; Value = "0805"; VariantName = "[No Variations]"
Add component (AddParameter): Name = "Case Code (Metric)"; Value = "2012"; VariantName = "[No Variations]"
Add component (AddParameter): Name = "Case/Package"; Value = "0805"; VariantName = "[No Variations]"
Add component (AddParameter): Name = "Depth"; Value = "1.25mm"; VariantName = "[No Variations]"
Add component (AddParameter): Name = "Dielectric"; Value = "X5R"; VariantName = "[No Variations]"
Add component (AddParameter): Name = "Height"; Value = "1.25mm"; VariantName = "[No Variations]"
Add component (AddParameter): Name = "Lead Free"; Value = "Lead Free"; VariantName = "[No Variations]"
Add component (AddParameter): Name = "Length"; Value = "2mm"; VariantName = "[No Variations]"
Add component (AddParameter): Name = "Material"; Value = "Ceramic"; VariantName = "[No Variations]"
Add component (AddParameter): Name = "Max Operating Temperature"; Value = "85°C"; VariantName = "[No Variations]"
Add component (AddParameter): Name = "Min Operating Temperature"; Value = "-55°C"; VariantName = "[No Variations]"
Add component (AddParameter): Name = "Mount"; Value = "Surface Mount"; VariantName = "[No Variations]"
Add component (AddParameter): Name = "Package Quantity"; Value = "3000"; VariantName = "[No Variations]"
Add component (AddParameter): Name = "Packaging"; Value = "Tape and Reel"; VariantName = "[No Variations]"
Add component (AddParameter): Name = "REACH SVHC"; Value = "No SVHC"; VariantName = "[No Variations]"
Add component (AddParameter): Name = "Resistor Type"; Value = "Ceramic"; VariantName = "[No Variations]"
Add component (AddParameter): Name = "Termination"; Value = "SMD/SMT"; VariantName = "[No Variations]"
Add component (AddParameter): Name = "Thickness"; Value = "0.057inch"; VariantName = "[No Variations]"
Add component (AddParameter): Name = "Tolerance"; Value = "20%"; VariantName = "[No Variations]"
Add component (AddParameter): Name = "Voltage"; Value = "25V"; VariantName = "[No Variations]"
Add component (AddParameter): Name = "Voltage Rating"; Value = "25V"; VariantName = "[No Variations]"
Add component (AddParameter): Name = "Voltage Rating (DC)"; Value = "25V"; VariantName = "[No Variations]"
Add component (AddParameter): Name = "Weight"; Value = "0.000335oz"; VariantName = "[No Variations]"
Add component (AddParameter): Name = "Width"; Value = "1.25mm"; VariantName = "[No Variations]"
Added Component: Designator=C21(FP-0402-L_1_0_0_05-W_0_5-IPC_A)
Add component (AddParameter): Name = "Capacitor Type"; Value = "Ceramic"; VariantName = "[No Variations]"
Add component (AddParameter): Name = "Case/Package"; Value = "0402"; VariantName = "[No Variations]"
Add component (AddParameter): Name = "Max Operating Temperature"; Value = "85°C"; VariantName = "[No Variations]"
Add component (AddParameter): Name = "Min Operating Temperature"; Value = "-55°C"; VariantName = "[No Variations]"
Add component (AddParameter): Name = "Mounting Technology"; Value = "Surface Mount"; VariantName = "[No Variations]"
Add component (AddParameter): Name = "Pins"; Value = "2"; VariantName = "[No Variations]"
Add component (AddParameter): Name = "RoHS Compliant"; Value = "Yes"; VariantName = "[No Variations]"
Add component (AddParameter): Name = "Tolerance"; Value = ""; VariantName = "[No Variations]"
Add component (AddParameter): Name = "Value"; Value = ""; VariantName = "[No Variations]"
Add component (AddParameter): Name = "Voltage Rating"; Value = ""; VariantName = "[No Variations]"
Added Component: Designator=C22(FP-0402-L_1_0_0_05-W_0_5-IPC_A)
Add component (AddParameter): Name = "Capacitor Type"; Value = "Ceramic"; VariantName = "[No Variations]"
Add component (AddParameter): Name = "Case/Package"; Value = "0402"; VariantName = "[No Variations]"
Add component (AddParameter): Name = "Max Operating Temperature"; Value = "85°C"; VariantName = "[No Variations]"
Add component (AddParameter): Name = "Min Operating Temperature"; Value = "-55°C"; VariantName = "[No Variations]"
Add component (AddParameter): Name = "Mounting Technology"; Value = "Surface Mount"; VariantName = "[No Variations]"
Add component (AddParameter): Name = "Pins"; Value = "2"; VariantName = "[No Variations]"
Add component (AddParameter): Name = "RoHS Compliant"; Value = "Yes"; VariantName = "[No Variations]"
Add component (AddParameter): Name = "Tolerance"; Value = ""; VariantName = "[No Variations]"
Add component (AddParameter): Name = "Value"; Value = ""; VariantName = "[No Variations]"
Add component (AddParameter): Name = "Voltage Rating"; Value = ""; VariantName = "[No Variations]"
Added Component: Designator=C23(FP-0402-L_1_0_0_05-W_0_5-IPC_A)
Add component (AddParameter): Name = "Capacitor Type"; Value = "Ceramic"; VariantName = "[No Variations]"
Add component (AddParameter): Name = "Case/Package"; Value = "0402"; VariantName = "[No Variations]"
Add component (AddParameter): Name = "Max Operating Temperature"; Value = "85°C"; VariantName = "[No Variations]"
Add component (AddParameter): Name = "Min Operating Temperature"; Value = "-55°C"; VariantName = "[No Variations]"
Add component (AddParameter): Name = "Mounting Technology"; Value = "Surface Mount"; VariantName = "[No Variations]"
Add component (AddParameter): Name = "Pins"; Value = "2"; VariantName = "[No Variations]"
Add component (AddParameter): Name = "RoHS Compliant"; Value = "Yes"; VariantName = "[No Variations]"
Add component (AddParameter): Name = "Tolerance"; Value = ""; VariantName = "[No Variations]"
Add component (AddParameter): Name = "Value"; Value = ""; VariantName = "[No Variations]"
Add component (AddParameter): Name = "Voltage Rating"; Value = ""; VariantName = "[No Variations]"
Added Component: Designator=C24(FP-0402-L_1_0_0_05-W_0_5-IPC_A)
Add component (AddParameter): Name = "Capacitor Type"; Value = "Ceramic"; VariantName = "[No Variations]"
Add component (AddParameter): Name = "Case/Package"; Value = "0402"; VariantName = "[No Variations]"
Add component (AddParameter): Name = "Max Operating Temperature"; Value = "85°C"; VariantName = "[No Variations]"
Add component (AddParameter): Name = "Min Operating Temperature"; Value = "-55°C"; VariantName = "[No Variations]"
Add component (AddParameter): Name = "Mounting Technology"; Value = "Surface Mount"; VariantName = "[No Variations]"
Add component (AddParameter): Name = "Pins"; Value = "2"; VariantName = "[No Variations]"
Add component (AddParameter): Name = "RoHS Compliant"; Value = "Yes"; VariantName = "[No Variations]"
Add component (AddParameter): Name = "Tolerance"; Value = ""; VariantName = "[No Variations]"
Add component (AddParameter): Name = "Value"; Value = ""; VariantName = "[No Variations]"
Add component (AddParameter): Name = "Voltage Rating"; Value = ""; VariantName = "[No Variations]"
Added Component: Designator=C25(FP-0402-L_1_0_0_05-W_0_5-IPC_A)
Add component (AddParameter): Name = "Capacitor Type"; Value = "Ceramic"; VariantName = "[No Variations]"
Add component (AddParameter): Name = "Case/Package"; Value = "0402"; VariantName = "[No Variations]"
Add component (AddParameter): Name = "Max Operating Temperature"; Value = "85°C"; VariantName = "[No Variations]"
Add component (AddParameter): Name = "Min Operating Temperature"; Value = "-55°C"; VariantName = "[No Variations]"
Add component (AddParameter): Name = "Mounting Technology"; Value = "Surface Mount"; VariantName = "[No Variations]"
Add component (AddParameter): Name = "Pins"; Value = "2"; VariantName = "[No Variations]"
Add component (AddParameter): Name = "RoHS Compliant"; Value = "Yes"; VariantName = "[No Variations]"
Add component (AddParameter): Name = "Tolerance"; Value = ""; VariantName = "[No Variations]"
Add component (AddParameter): Name = "Value"; Value = ""; VariantName = "[No Variations]"
Add component (AddParameter): Name = "Voltage Rating"; Value = ""; VariantName = "[No Variations]"
Added Component: Designator=C26(FP-0402-L_1_0_0_05-W_0_5-IPC_A)
Add component (AddParameter): Name = "Capacitor Type"; Value = "Ceramic"; VariantName = "[No Variations]"
Add component (AddParameter): Name = "Case/Package"; Value = "0402"; VariantName = "[No Variations]"
Add component (AddParameter): Name = "Max Operating Temperature"; Value = "85°C"; VariantName = "[No Variations]"
Add component (AddParameter): Name = "Min Operating Temperature"; Value = "-55°C"; VariantName = "[No Variations]"
Add component (AddParameter): Name = "Mounting Technology"; Value = "Surface Mount"; VariantName = "[No Variations]"
Add component (AddParameter): Name = "Pins"; Value = "2"; VariantName = "[No Variations]"
Add component (AddParameter): Name = "RoHS Compliant"; Value = "Yes"; VariantName = "[No Variations]"
Add component (AddParameter): Name = "Tolerance"; Value = ""; VariantName = "[No Variations]"
Add component (AddParameter): Name = "Value"; Value = ""; VariantName = "[No Variations]"
Add component (AddParameter): Name = "Voltage Rating"; Value = ""; VariantName = "[No Variations]"
Added Component: Designator=C27(FP-0402-L_1_0_0_05-W_0_5-IPC_A)
Add component (AddParameter): Name = "Capacitor Type"; Value = "Ceramic"; VariantName = "[No Variations]"
Add component (AddParameter): Name = "Case/Package"; Value = "0402"; VariantName = "[No Variations]"
Add component (AddParameter): Name = "Max Operating Temperature"; Value = "85°C"; VariantName = "[No Variations]"
Add component (AddParameter): Name = "Min Operating Temperature"; Value = "-55°C"; VariantName = "[No Variations]"
Add component (AddParameter): Name = "Mounting Technology"; Value = "Surface Mount"; VariantName = "[No Variations]"
Add component (AddParameter): Name = "Pins"; Value = "2"; VariantName = "[No Variations]"
Add component (AddParameter): Name = "RoHS Compliant"; Value = "Yes"; VariantName = "[No Variations]"
Add component (AddParameter): Name = "Tolerance"; Value = ""; VariantName = "[No Variations]"
Add component (AddParameter): Name = "Value"; Value = ""; VariantName = "[No Variations]"
Add component (AddParameter): Name = "Voltage Rating"; Value = ""; VariantName = "[No Variations]"
Added Component: Designator=C28(FP-0402-L_1_0_0_05-W_0_5-IPC_A)
Add component (AddParameter): Name = "Capacitor Type"; Value = "Ceramic"; VariantName = "[No Variations]"
Add component (AddParameter): Name = "Case/Package"; Value = "0402"; VariantName = "[No Variations]"
Add component (AddParameter): Name = "Max Operating Temperature"; Value = "85°C"; VariantName = "[No Variations]"
Add component (AddParameter): Name = "Min Operating Temperature"; Value = "-55°C"; VariantName = "[No Variations]"
Add component (AddParameter): Name = "Mounting Technology"; Value = "Surface Mount"; VariantName = "[No Variations]"
Add component (AddParameter): Name = "Pins"; Value = "2"; VariantName = "[No Variations]"
Add component (AddParameter): Name = "RoHS Compliant"; Value = "Yes"; VariantName = "[No Variations]"
Add component (AddParameter): Name = "Tolerance"; Value = ""; VariantName = "[No Variations]"
Add component (AddParameter): Name = "Value"; Value = ""; VariantName = "[No Variations]"
Add component (AddParameter): Name = "Voltage Rating"; Value = ""; VariantName = "[No Variations]"
Added Component: Designator=C29(FP-0402-L_1_0_0_05-W_0_5-IPC_A)
Add component (AddParameter): Name = "Capacitor Type"; Value = "Ceramic"; VariantName = "[No Variations]"
Add component (AddParameter): Name = "Case/Package"; Value = "0402"; VariantName = "[No Variations]"
Add component (AddParameter): Name = "Max Operating Temperature"; Value = "85°C"; VariantName = "[No Variations]"
Add component (AddParameter): Name = "Min Operating Temperature"; Value = "-55°C"; VariantName = "[No Variations]"
Add component (AddParameter): Name = "Mounting Technology"; Value = "Surface Mount"; VariantName = "[No Variations]"
Add component (AddParameter): Name = "Pins"; Value = "2"; VariantName = "[No Variations]"
Add component (AddParameter): Name = "RoHS Compliant"; Value = "Yes"; VariantName = "[No Variations]"
Add component (AddParameter): Name = "Tolerance"; Value = ""; VariantName = "[No Variations]"
Add component (AddParameter): Name = "Value"; Value = ""; VariantName = "[No Variations]"
Add component (AddParameter): Name = "Voltage Rating"; Value = ""; VariantName = "[No Variations]"
Added Component: Designator=C30(FP-0402-L_1_0_0_05-W_0_5-IPC_A)
Add component (AddParameter): Name = "Capacitor Type"; Value = "Ceramic"; VariantName = "[No Variations]"
Add component (AddParameter): Name = "Case/Package"; Value = "0402"; VariantName = "[No Variations]"
Add component (AddParameter): Name = "Max Operating Temperature"; Value = "85°C"; VariantName = "[No Variations]"
Add component (AddParameter): Name = "Min Operating Temperature"; Value = "-55°C"; VariantName = "[No Variations]"
Add component (AddParameter): Name = "Mounting Technology"; Value = "Surface Mount"; VariantName = "[No Variations]"
Add component (AddParameter): Name = "Pins"; Value = "2"; VariantName = "[No Variations]"
Add component (AddParameter): Name = "RoHS Compliant"; Value = "Yes"; VariantName = "[No Variations]"
Add component (AddParameter): Name = "Tolerance"; Value = ""; VariantName = "[No Variations]"
Add component (AddParameter): Name = "Value"; Value = ""; VariantName = "[No Variations]"
Add component (AddParameter): Name = "Voltage Rating"; Value = ""; VariantName = "[No Variations]"
Added Component: Designator=C31(FP-0402-L_1_0_0_05-W_0_5-IPC_A)
Add component (AddParameter): Name = "Capacitor Type"; Value = "Ceramic"; VariantName = "[No Variations]"
Add component (AddParameter): Name = "Case/Package"; Value = "0402"; VariantName = "[No Variations]"
Add component (AddParameter): Name = "Max Operating Temperature"; Value = "85°C"; VariantName = "[No Variations]"
Add component (AddParameter): Name = "Min Operating Temperature"; Value = "-55°C"; VariantName = "[No Variations]"
Add component (AddParameter): Name = "Mounting Technology"; Value = "Surface Mount"; VariantName = "[No Variations]"
Add component (AddParameter): Name = "Pins"; Value = "2"; VariantName = "[No Variations]"
Add component (AddParameter): Name = "RoHS Compliant"; Value = "Yes"; VariantName = "[No Variations]"
Add component (AddParameter): Name = "Tolerance"; Value = ""; VariantName = "[No Variations]"
Add component (AddParameter): Name = "Value"; Value = ""; VariantName = "[No Variations]"
Add component (AddParameter): Name = "Voltage Rating"; Value = ""; VariantName = "[No Variations]"
Added Component: Designator=C32(FP-0402-L_1_0_0_05-W_0_5-IPC_A)
Add component (AddParameter): Name = "Capacitor Type"; Value = "Ceramic"; VariantName = "[No Variations]"
Add component (AddParameter): Name = "Case/Package"; Value = "0402"; VariantName = "[No Variations]"
Add component (AddParameter): Name = "Max Operating Temperature"; Value = "85°C"; VariantName = "[No Variations]"
Add component (AddParameter): Name = "Min Operating Temperature"; Value = "-55°C"; VariantName = "[No Variations]"
Add component (AddParameter): Name = "Mounting Technology"; Value = "Surface Mount"; VariantName = "[No Variations]"
Add component (AddParameter): Name = "Pins"; Value = "2"; VariantName = "[No Variations]"
Add component (AddParameter): Name = "RoHS Compliant"; Value = "Yes"; VariantName = "[No Variations]"
Add component (AddParameter): Name = "Tolerance"; Value = ""; VariantName = "[No Variations]"
Add component (AddParameter): Name = "Value"; Value = ""; VariantName = "[No Variations]"
Add component (AddParameter): Name = "Voltage Rating"; Value = ""; VariantName = "[No Variations]"
Added Component: Designator=C33(FP-0402-L_1_0_0_05-W_0_5-IPC_A)
Add component (AddParameter): Name = "Capacitor Type"; Value = "Ceramic"; VariantName = "[No Variations]"
Add component (AddParameter): Name = "Case/Package"; Value = "0402"; VariantName = "[No Variations]"
Add component (AddParameter): Name = "Max Operating Temperature"; Value = "85°C"; VariantName = "[No Variations]"
Add component (AddParameter): Name = "Min Operating Temperature"; Value = "-55°C"; VariantName = "[No Variations]"
Add component (AddParameter): Name = "Mounting Technology"; Value = "Surface Mount"; VariantName = "[No Variations]"
Add component (AddParameter): Name = "Pins"; Value = "2"; VariantName = "[No Variations]"
Add component (AddParameter): Name = "RoHS Compliant"; Value = "Yes"; VariantName = "[No Variations]"
Add component (AddParameter): Name = "Tolerance"; Value = ""; VariantName = "[No Variations]"
Add component (AddParameter): Name = "Value"; Value = ""; VariantName = "[No Variations]"
Add component (AddParameter): Name = "Voltage Rating"; Value = ""; VariantName = "[No Variations]"
Added Component: Designator=C34(FP-0402-L_1_0_0_05-W_0_5-IPC_A)
Add component (AddParameter): Name = "Capacitor Type"; Value = "Ceramic"; VariantName = "[No Variations]"
Add component (AddParameter): Name = "Case/Package"; Value = "0402"; VariantName = "[No Variations]"
Add component (AddParameter): Name = "Max Operating Temperature"; Value = "85°C"; VariantName = "[No Variations]"
Add component (AddParameter): Name = "Min Operating Temperature"; Value = "-55°C"; VariantName = "[No Variations]"
Add component (AddParameter): Name = "Mounting Technology"; Value = "Surface Mount"; VariantName = "[No Variations]"
Add component (AddParameter): Name = "Pins"; Value = "2"; VariantName = "[No Variations]"
Add component (AddParameter): Name = "RoHS Compliant"; Value = "Yes"; VariantName = "[No Variations]"
Add component (AddParameter): Name = "Tolerance"; Value = ""; VariantName = "[No Variations]"
Add component (AddParameter): Name = "Value"; Value = ""; VariantName = "[No Variations]"
Add component (AddParameter): Name = "Voltage Rating"; Value = ""; VariantName = "[No Variations]"
Added Component: Designator=C35(FP-0402-L_1_0_0_05-W_0_5-IPC_A)
Add component (AddParameter): Name = "Capacitor Type"; Value = "Ceramic"; VariantName = "[No Variations]"
Add component (AddParameter): Name = "Case/Package"; Value = "0402"; VariantName = "[No Variations]"
Add component (AddParameter): Name = "Max Operating Temperature"; Value = "85°C"; VariantName = "[No Variations]"
Add component (AddParameter): Name = "Min Operating Temperature"; Value = "-55°C"; VariantName = "[No Variations]"
Add component (AddParameter): Name = "Mounting Technology"; Value = "Surface Mount"; VariantName = "[No Variations]"
Add component (AddParameter): Name = "Pins"; Value = "2"; VariantName = "[No Variations]"
Add component (AddParameter): Name = "RoHS Compliant"; Value = "Yes"; VariantName = "[No Variations]"
Add component (AddParameter): Name = "Tolerance"; Value = ""; VariantName = "[No Variations]"
Add component (AddParameter): Name = "Value"; Value = ""; VariantName = "[No Variations]"
Add component (AddParameter): Name = "Voltage Rating"; Value = ""; VariantName = "[No Variations]"
Added Component: Designator=C36(FP-0402-L_1_0_0_05-W_0_5-IPC_A)
Add component (AddParameter): Name = "Capacitor Type"; Value = "Ceramic"; VariantName = "[No Variations]"
Add component (AddParameter): Name = "Case/Package"; Value = "0402"; VariantName = "[No Variations]"
Add component (AddParameter): Name = "Max Operating Temperature"; Value = "85°C"; VariantName = "[No Variations]"
Add component (AddParameter): Name = "Min Operating Temperature"; Value = "-55°C"; VariantName = "[No Variations]"
Add component (AddParameter): Name = "Mounting Technology"; Value = "Surface Mount"; VariantName = "[No Variations]"
Add component (AddParameter): Name = "Pins"; Value = "2"; VariantName = "[No Variations]"
Add component (AddParameter): Name = "RoHS Compliant"; Value = "Yes"; VariantName = "[No Variations]"
Add component (AddParameter): Name = "Tolerance"; Value = ""; VariantName = "[No Variations]"
Add component (AddParameter): Name = "Value"; Value = ""; VariantName = "[No Variations]"
Add component (AddParameter): Name = "Voltage Rating"; Value = ""; VariantName = "[No Variations]"
Added Component: Designator=C37(FP-0402-L_1_0_0_05-W_0_5-IPC_A)
Add component (AddParameter): Name = "Capacitor Type"; Value = "Ceramic"; VariantName = "[No Variations]"
Add component (AddParameter): Name = "Case/Package"; Value = "0402"; VariantName = "[No Variations]"
Add component (AddParameter): Name = "Max Operating Temperature"; Value = "85°C"; VariantName = "[No Variations]"
Add component (AddParameter): Name = "Min Operating Temperature"; Value = "-55°C"; VariantName = "[No Variations]"
Add component (AddParameter): Name = "Mounting Technology"; Value = "Surface Mount"; VariantName = "[No Variations]"
Add component (AddParameter): Name = "Pins"; Value = "2"; VariantName = "[No Variations]"
Add component (AddParameter): Name = "RoHS Compliant"; Value = "Yes"; VariantName = "[No Variations]"
Add component (AddParameter): Name = "Tolerance"; Value = ""; VariantName = "[No Variations]"
Add component (AddParameter): Name = "Value"; Value = ""; VariantName = "[No Variations]"
Add component (AddParameter): Name = "Voltage Rating"; Value = ""; VariantName = "[No Variations]"
Added Component: Designator=C38(FP-0402-L_1_0_0_05-W_0_5-IPC_A)
Add component (AddParameter): Name = "Capacitor Type"; Value = "Ceramic"; VariantName = "[No Variations]"
Add component (AddParameter): Name = "Case/Package"; Value = "0402"; VariantName = "[No Variations]"
Add component (AddParameter): Name = "Max Operating Temperature"; Value = "85°C"; VariantName = "[No Variations]"
Add component (AddParameter): Name = "Min Operating Temperature"; Value = "-55°C"; VariantName = "[No Variations]"
Add component (AddParameter): Name = "Mounting Technology"; Value = "Surface Mount"; VariantName = "[No Variations]"
Add component (AddParameter): Name = "Pins"; Value = "2"; VariantName = "[No Variations]"
Add component (AddParameter): Name = "RoHS Compliant"; Value = "Yes"; VariantName = "[No Variations]"
Add component (AddParameter): Name = "Tolerance"; Value = ""; VariantName = "[No Variations]"
Add component (AddParameter): Name = "Value"; Value = ""; VariantName = "[No Variations]"
Add component (AddParameter): Name = "Voltage Rating"; Value = ""; VariantName = "[No Variations]"
Added Component: Designator=C39(FP-0402-L_1_0_0_05-W_0_5-IPC_A)
Add component (AddParameter): Name = "Capacitor Type"; Value = "Ceramic"; VariantName = "[No Variations]"
Add component (AddParameter): Name = "Case/Package"; Value = "0402"; VariantName = "[No Variations]"
Add component (AddParameter): Name = "Max Operating Temperature"; Value = "85°C"; VariantName = "[No Variations]"
Add component (AddParameter): Name = "Min Operating Temperature"; Value = "-55°C"; VariantName = "[No Variations]"
Add component (AddParameter): Name = "Mounting Technology"; Value = "Surface Mount"; VariantName = "[No Variations]"
Add component (AddParameter): Name = "Pins"; Value = "2"; VariantName = "[No Variations]"
Add component (AddParameter): Name = "RoHS Compliant"; Value = "Yes"; VariantName = "[No Variations]"
Add component (AddParameter): Name = "Tolerance"; Value = ""; VariantName = "[No Variations]"
Add component (AddParameter): Name = "Value"; Value = ""; VariantName = "[No Variations]"
Add component (AddParameter): Name = "Voltage Rating"; Value = ""; VariantName = "[No Variations]"
Added Component: Designator=C40(FP-0402-L_1_0_0_05-W_0_5-IPC_A)
Add component (AddParameter): Name = "Capacitor Type"; Value = "Ceramic"; VariantName = "[No Variations]"
Add component (AddParameter): Name = "Case/Package"; Value = "0402"; VariantName = "[No Variations]"
Add component (AddParameter): Name = "Max Operating Temperature"; Value = "85°C"; VariantName = "[No Variations]"
Add component (AddParameter): Name = "Min Operating Temperature"; Value = "-55°C"; VariantName = "[No Variations]"
Add component (AddParameter): Name = "Mounting Technology"; Value = "Surface Mount"; VariantName = "[No Variations]"
Add component (AddParameter): Name = "Pins"; Value = "2"; VariantName = "[No Variations]"
Add component (AddParameter): Name = "RoHS Compliant"; Value = "Yes"; VariantName = "[No Variations]"
Add component (AddParameter): Name = "Tolerance"; Value = ""; VariantName = "[No Variations]"
Add component (AddParameter): Name = "Value"; Value = ""; VariantName = "[No Variations]"
Add component (AddParameter): Name = "Voltage Rating"; Value = ""; VariantName = "[No Variations]"
Added Component: Designator=C41(FP-0402-L_1_0_0_05-W_0_5-IPC_A)
Add component (AddParameter): Name = "Capacitor Type"; Value = "Ceramic"; VariantName = "[No Variations]"
Add component (AddParameter): Name = "Case/Package"; Value = "0402"; VariantName = "[No Variations]"
Add component (AddParameter): Name = "Max Operating Temperature"; Value = "85°C"; VariantName = "[No Variations]"
Add component (AddParameter): Name = "Min Operating Temperature"; Value = "-55°C"; VariantName = "[No Variations]"
Add component (AddParameter): Name = "Mounting Technology"; Value = "Surface Mount"; VariantName = "[No Variations]"
Add component (AddParameter): Name = "Pins"; Value = "2"; VariantName = "[No Variations]"
Add component (AddParameter): Name = "RoHS Compliant"; Value = "Yes"; VariantName = "[No Variations]"
Add component (AddParameter): Name = "Tolerance"; Value = ""; VariantName = "[No Variations]"
Add component (AddParameter): Name = "Value"; Value = ""; VariantName = "[No Variations]"
Add component (AddParameter): Name = "Voltage Rating"; Value = ""; VariantName = "[No Variations]"
Added Component: Designator=C42(FP-0402-L_1_0_0_05-W_0_5-IPC_A)
Add component (AddParameter): Name = "Capacitor Type"; Value = "Ceramic"; VariantName = "[No Variations]"
Add component (AddParameter): Name = "Case/Package"; Value = "0402"; VariantName = "[No Variations]"
Add component (AddParameter): Name = "Max Operating Temperature"; Value = "85°C"; VariantName = "[No Variations]"
Add component (AddParameter): Name = "Min Operating Temperature"; Value = "-55°C"; VariantName = "[No Variations]"
Add component (AddParameter): Name = "Mounting Technology"; Value = "Surface Mount"; VariantName = "[No Variations]"
Add component (AddParameter): Name = "Pins"; Value = "2"; VariantName = "[No Variations]"
Add component (AddParameter): Name = "RoHS Compliant"; Value = "Yes"; VariantName = "[No Variations]"
Add component (AddParameter): Name = "Tolerance"; Value = ""; VariantName = "[No Variations]"
Add component (AddParameter): Name = "Value"; Value = ""; VariantName = "[No Variations]"
Add component (AddParameter): Name = "Voltage Rating"; Value = ""; VariantName = "[No Variations]"
Added Component: Designator=C43(FP-0402-L_1_0_0_05-W_0_5-IPC_A)
Add component (AddParameter): Name = "Capacitor Type"; Value = "Ceramic"; VariantName = "[No Variations]"
Add component (AddParameter): Name = "Case/Package"; Value = "0402"; VariantName = "[No Variations]"
Add component (AddParameter): Name = "Max Operating Temperature"; Value = "85°C"; VariantName = "[No Variations]"
Add component (AddParameter): Name = "Min Operating Temperature"; Value = "-55°C"; VariantName = "[No Variations]"
Add component (AddParameter): Name = "Mounting Technology"; Value = "Surface Mount"; VariantName = "[No Variations]"
Add component (AddParameter): Name = "Pins"; Value = "2"; VariantName = "[No Variations]"
Add component (AddParameter): Name = "RoHS Compliant"; Value = "Yes"; VariantName = "[No Variations]"
Add component (AddParameter): Name = "Tolerance"; Value = ""; VariantName = "[No Variations]"
Add component (AddParameter): Name = "Value"; Value = ""; VariantName = "[No Variations]"
Add component (AddParameter): Name = "Voltage Rating"; Value = ""; VariantName = "[No Variations]"
Added Component: Designator=C44(FP-0402-L_1_0_0_05-W_0_5-IPC_A)
Add component (AddParameter): Name = "Capacitor Type"; Value = "Ceramic"; VariantName = "[No Variations]"
Add component (AddParameter): Name = "Case/Package"; Value = "0402"; VariantName = "[No Variations]"
Add component (AddParameter): Name = "Max Operating Temperature"; Value = "85°C"; VariantName = "[No Variations]"
Add component (AddParameter): Name = "Min Operating Temperature"; Value = "-55°C"; VariantName = "[No Variations]"
Add component (AddParameter): Name = "Mounting Technology"; Value = "Surface Mount"; VariantName = "[No Variations]"
Add component (AddParameter): Name = "Pins"; Value = "2"; VariantName = "[No Variations]"
Add component (AddParameter): Name = "RoHS Compliant"; Value = "Yes"; VariantName = "[No Variations]"
Add component (AddParameter): Name = "Tolerance"; Value = ""; VariantName = "[No Variations]"
Add component (AddParameter): Name = "Value"; Value = ""; VariantName = "[No Variations]"
Add component (AddParameter): Name = "Voltage Rating"; Value = ""; VariantName = "[No Variations]"
Added Component: Designator=C45(FP-0402-L_1_0_0_05-W_0_5-IPC_A)
Add component (AddParameter): Name = "Capacitor Type"; Value = "Ceramic"; VariantName = "[No Variations]"
Add component (AddParameter): Name = "Case/Package"; Value = "0402"; VariantName = "[No Variations]"
Add component (AddParameter): Name = "Max Operating Temperature"; Value = "85°C"; VariantName = "[No Variations]"
Add component (AddParameter): Name = "Min Operating Temperature"; Value = "-55°C"; VariantName = "[No Variations]"
Add component (AddParameter): Name = "Mounting Technology"; Value = "Surface Mount"; VariantName = "[No Variations]"
Add component (AddParameter): Name = "Pins"; Value = "2"; VariantName = "[No Variations]"
Add component (AddParameter): Name = "RoHS Compliant"; Value = "Yes"; VariantName = "[No Variations]"
Add component (AddParameter): Name = "Tolerance"; Value = ""; VariantName = "[No Variations]"
Add component (AddParameter): Name = "Value"; Value = ""; VariantName = "[No Variations]"
Add component (AddParameter): Name = "Voltage Rating"; Value = ""; VariantName = "[No Variations]"
Added Component: Designator=C46(FP-0402-L_1_0_0_05-W_0_5-IPC_A)
Add component (AddParameter): Name = "Capacitor Type"; Value = "Ceramic"; VariantName = "[No Variations]"
Add component (AddParameter): Name = "Case/Package"; Value = "0402"; VariantName = "[No Variations]"
Add component (AddParameter): Name = "Max Operating Temperature"; Value = "85°C"; VariantName = "[No Variations]"
Add component (AddParameter): Name = "Min Operating Temperature"; Value = "-55°C"; VariantName = "[No Variations]"
Add component (AddParameter): Name = "Mounting Technology"; Value = "Surface Mount"; VariantName = "[No Variations]"
Add component (AddParameter): Name = "Pins"; Value = "2"; VariantName = "[No Variations]"
Add component (AddParameter): Name = "RoHS Compliant"; Value = "Yes"; VariantName = "[No Variations]"
Add component (AddParameter): Name = "Tolerance"; Value = ""; VariantName = "[No Variations]"
Add component (AddParameter): Name = "Value"; Value = ""; VariantName = "[No Variations]"
Add component (AddParameter): Name = "Voltage Rating"; Value = ""; VariantName = "[No Variations]"
Added Component: Designator=C47(FP-0603-L_1_6_0_2-W_0_8_0-MFG)
Add component (AddParameter): Name = "Capacitance"; Value = "10uF"; VariantName = "[No Variations]"
Add component (AddParameter): Name = "Case Code (Imperial)"; Value = "0603"; VariantName = "[No Variations]"
Add component (AddParameter): Name = "Case Code (Metric)"; Value = "1608"; VariantName = "[No Variations]"
Add component (AddParameter): Name = "Case/Package"; Value = "0603"; VariantName = "[No Variations]"
Add component (AddParameter): Name = "Construction"; Value = "Flat"; VariantName = "[No Variations]"
Add component (AddParameter): Name = "Dielectric"; Value = "X5R"; VariantName = "[No Variations]"
Add component (AddParameter): Name = "Halogen Free"; Value = "Halogen Free"; VariantName = "[No Variations]"
Add component (AddParameter): Name = "Height"; Value = "0.8mm"; VariantName = "[No Variations]"
Add component (AddParameter): Name = "Length"; Value = "0.063inch"; VariantName = "[No Variations]"
Add component (AddParameter): Name = "Max Operating Temperature"; Value = "85°C"; VariantName = "[No Variations]"
Add component (AddParameter): Name = "Min Operating Temperature"; Value = "-55°C"; VariantName = "[No Variations]"
Add component (AddParameter): Name = "Mount"; Value = "Surface Mount"; VariantName = "[No Variations]"
Add component (AddParameter): Name = "Package Quantity"; Value = "1"; VariantName = "[No Variations]"
Add component (AddParameter): Name = "Packaging"; Value = "Tape and Reel"; VariantName = "[No Variations]"
Add component (AddParameter): Name = "RoHS Compliant"; Value = "Yes"; VariantName = "[No Variations]"
Add component (AddParameter): Name = "Series"; Value = "M"; VariantName = "[No Variations]"
Add component (AddParameter): Name = "Termination"; Value = "SMD/SMT"; VariantName = "[No Variations]"
Add component (AddParameter): Name = "Thickness"; Value = "0.031inch"; VariantName = "[No Variations]"
Add component (AddParameter): Name = "Tolerance"; Value = "20%"; VariantName = "[No Variations]"
Add component (AddParameter): Name = "Voltage Rating"; Value = "16V"; VariantName = "[No Variations]"
Add component (AddParameter): Name = "Voltage Rating (DC)"; Value = "16V"; VariantName = "[No Variations]"
Add component (AddParameter): Name = "Width"; Value = "0.031inch"; VariantName = "[No Variations]"
Added Component: Designator=C48(FP-0603-L_1_6_0_2-W_0_8_0-MFG)
Add component (AddParameter): Name = "Capacitance"; Value = "10uF"; VariantName = "[No Variations]"
Add component (AddParameter): Name = "Case Code (Imperial)"; Value = "0603"; VariantName = "[No Variations]"
Add component (AddParameter): Name = "Case Code (Metric)"; Value = "1608"; VariantName = "[No Variations]"
Add component (AddParameter): Name = "Case/Package"; Value = "0603"; VariantName = "[No Variations]"
Add component (AddParameter): Name = "Construction"; Value = "Flat"; VariantName = "[No Variations]"
Add component (AddParameter): Name = "Dielectric"; Value = "X5R"; VariantName = "[No Variations]"
Add component (AddParameter): Name = "Halogen Free"; Value = "Halogen Free"; VariantName = "[No Variations]"
Add component (AddParameter): Name = "Height"; Value = "0.8mm"; VariantName = "[No Variations]"
Add component (AddParameter): Name = "Length"; Value = "0.063inch"; VariantName = "[No Variations]"
Add component (AddParameter): Name = "Max Operating Temperature"; Value = "85°C"; VariantName = "[No Variations]"
Add component (AddParameter): Name = "Min Operating Temperature"; Value = "-55°C"; VariantName = "[No Variations]"
Add component (AddParameter): Name = "Mount"; Value = "Surface Mount"; VariantName = "[No Variations]"
Add component (AddParameter): Name = "Package Quantity"; Value = "1"; VariantName = "[No Variations]"
Add component (AddParameter): Name = "Packaging"; Value = "Tape and Reel"; VariantName = "[No Variations]"
Add component (AddParameter): Name = "RoHS Compliant"; Value = "Yes"; VariantName = "[No Variations]"
Add component (AddParameter): Name = "Series"; Value = "M"; VariantName = "[No Variations]"
Add component (AddParameter): Name = "Termination"; Value = "SMD/SMT"; VariantName = "[No Variations]"
Add component (AddParameter): Name = "Thickness"; Value = "0.031inch"; VariantName = "[No Variations]"
Add component (AddParameter): Name = "Tolerance"; Value = "20%"; VariantName = "[No Variations]"
Add component (AddParameter): Name = "Voltage Rating"; Value = "16V"; VariantName = "[No Variations]"
Add component (AddParameter): Name = "Voltage Rating (DC)"; Value = "16V"; VariantName = "[No Variations]"
Add component (AddParameter): Name = "Width"; Value = "0.031inch"; VariantName = "[No Variations]"
Added Component: Designator=C49(FP-0603-L_1_6_0_2-W_0_8_0-MFG)
Add component (AddParameter): Name = "Capacitance"; Value = "10uF"; VariantName = "[No Variations]"
Add component (AddParameter): Name = "Case Code (Imperial)"; Value = "0603"; VariantName = "[No Variations]"
Add component (AddParameter): Name = "Case Code (Metric)"; Value = "1608"; VariantName = "[No Variations]"
Add component (AddParameter): Name = "Case/Package"; Value = "0603"; VariantName = "[No Variations]"
Add component (AddParameter): Name = "Construction"; Value = "Flat"; VariantName = "[No Variations]"
Add component (AddParameter): Name = "Dielectric"; Value = "X5R"; VariantName = "[No Variations]"
Add component (AddParameter): Name = "Halogen Free"; Value = "Halogen Free"; VariantName = "[No Variations]"
Add component (AddParameter): Name = "Height"; Value = "0.8mm"; VariantName = "[No Variations]"
Add component (AddParameter): Name = "Length"; Value = "0.063inch"; VariantName = "[No Variations]"
Add component (AddParameter): Name = "Max Operating Temperature"; Value = "85°C"; VariantName = "[No Variations]"
Add component (AddParameter): Name = "Min Operating Temperature"; Value = "-55°C"; VariantName = "[No Variations]"
Add component (AddParameter): Name = "Mount"; Value = "Surface Mount"; VariantName = "[No Variations]"
Add component (AddParameter): Name = "Package Quantity"; Value = "1"; VariantName = "[No Variations]"
Add component (AddParameter): Name = "Packaging"; Value = "Tape and Reel"; VariantName = "[No Variations]"
Add component (AddParameter): Name = "RoHS Compliant"; Value = "Yes"; VariantName = "[No Variations]"
Add component (AddParameter): Name = "Series"; Value = "M"; VariantName = "[No Variations]"
Add component (AddParameter): Name = "Termination"; Value = "SMD/SMT"; VariantName = "[No Variations]"
Add component (AddParameter): Name = "Thickness"; Value = "0.031inch"; VariantName = "[No Variations]"
Add component (AddParameter): Name = "Tolerance"; Value = "20%"; VariantName = "[No Variations]"
Add component (AddParameter): Name = "Voltage Rating"; Value = "16V"; VariantName = "[No Variations]"
Add component (AddParameter): Name = "Voltage Rating (DC)"; Value = "16V"; VariantName = "[No Variations]"
Add component (AddParameter): Name = "Width"; Value = "0.031inch"; VariantName = "[No Variations]"
Added Component: Designator=C50(FP-0402-L_1_0_0_05-W_0_5-IPC_A)
Add component (AddParameter): Name = "Capacitor Type"; Value = "Ceramic"; VariantName = "[No Variations]"
Add component (AddParameter): Name = "Case/Package"; Value = "0402"; VariantName = "[No Variations]"
Add component (AddParameter): Name = "Max Operating Temperature"; Value = "85°C"; VariantName = "[No Variations]"
Add component (AddParameter): Name = "Min Operating Temperature"; Value = "-55°C"; VariantName = "[No Variations]"
Add component (AddParameter): Name = "Mounting Technology"; Value = "Surface Mount"; VariantName = "[No Variations]"
Add component (AddParameter): Name = "Pins"; Value = "2"; VariantName = "[No Variations]"
Add component (AddParameter): Name = "RoHS Compliant"; Value = "Yes"; VariantName = "[No Variations]"
Add component (AddParameter): Name = "Tolerance"; Value = ""; VariantName = "[No Variations]"
Add component (AddParameter): Name = "Value"; Value = ""; VariantName = "[No Variations]"
Add component (AddParameter): Name = "Voltage Rating"; Value = ""; VariantName = "[No Variations]"
Added Component: Designator=C51(FP-1210-L_3_3_0_4-W_2_5_0-MFG)
Add component (AddParameter): Name = "Capacitance"; Value = "10uF"; VariantName = "[No Variations]"
Add component (AddParameter): Name = "Case Code (Imperial)"; Value = "1210"; VariantName = "[No Variations]"
Add component (AddParameter): Name = "Case Code (Metric)"; Value = "3225"; VariantName = "[No Variations]"
Add component (AddParameter): Name = "Case/Package"; Value = "1210"; VariantName = "[No Variations]"
Add component (AddParameter): Name = "Construction"; Value = "Flat"; VariantName = "[No Variations]"
Add component (AddParameter): Name = "Contact Plating"; Value = "Tin"; VariantName = "[No Variations]"
Add component (AddParameter): Name = "Depth"; Value = "2.5mm"; VariantName = "[No Variations]"
Add component (AddParameter): Name = "Dielectric"; Value = "X5R"; VariantName = "[No Variations]"
Add component (AddParameter): Name = "Height"; Value = "2.29mm"; VariantName = "[No Variations]"
Add component (AddParameter): Name = "Lead Free"; Value = "Lead Free"; VariantName = "[No Variations]"
Add component (AddParameter): Name = "Length"; Value = "3.2mm"; VariantName = "[No Variations]"
Add component (AddParameter): Name = "Max Operating Temperature"; Value = "85°C"; VariantName = "[No Variations]"
Add component (AddParameter): Name = "Min Operating Temperature"; Value = "-55°C"; VariantName = "[No Variations]"
Add component (AddParameter): Name = "Mount"; Value = "Surface Mount"; VariantName = "[No Variations]"
Add component (AddParameter): Name = "Package Quantity"; Value = "1"; VariantName = "[No Variations]"
Add component (AddParameter): Name = "Packaging"; Value = "Tape and Reel"; VariantName = "[No Variations]"
Add component (AddParameter): Name = "Radiation Hardening"; Value = "No"; VariantName = "[No Variations]"
Add component (AddParameter): Name = "REACH SVHC"; Value = "No SVHC"; VariantName = "[No Variations]"
Add component (AddParameter): Name = "RoHS Compliant"; Value = "Yes"; VariantName = "[No Variations]"
Add component (AddParameter): Name = "Series"; Value = "-"; VariantName = "[No Variations]"
Add component (AddParameter): Name = "Termination"; Value = "SMD/SMT"; VariantName = "[No Variations]"
Add component (AddParameter): Name = "Thickness"; Value = "0.11inch"; VariantName = "[No Variations]"
Add component (AddParameter): Name = "Tolerance"; Value = "10%"; VariantName = "[No Variations]"
Add component (AddParameter): Name = "Voltage"; Value = "25V"; VariantName = "[No Variations]"
Add component (AddParameter): Name = "Voltage Rating"; Value = "25V"; VariantName = "[No Variations]"
Add component (AddParameter): Name = "Voltage Rating (DC)"; Value = "25V"; VariantName = "[No Variations]"
Add component (AddParameter): Name = "Width"; Value = "0.098inch"; VariantName = "[No Variations]"
Added Component: Designator=C52(FP-1210-L_3_3_0_4-W_2_5_0-MFG)
Add component (AddParameter): Name = "Capacitance"; Value = "10uF"; VariantName = "[No Variations]"
Add component (AddParameter): Name = "Case Code (Imperial)"; Value = "1210"; VariantName = "[No Variations]"
Add component (AddParameter): Name = "Case Code (Metric)"; Value = "3225"; VariantName = "[No Variations]"
Add component (AddParameter): Name = "Case/Package"; Value = "1210"; VariantName = "[No Variations]"
Add component (AddParameter): Name = "Construction"; Value = "Flat"; VariantName = "[No Variations]"
Add component (AddParameter): Name = "Contact Plating"; Value = "Tin"; VariantName = "[No Variations]"
Add component (AddParameter): Name = "Depth"; Value = "2.5mm"; VariantName = "[No Variations]"
Add component (AddParameter): Name = "Dielectric"; Value = "X5R"; VariantName = "[No Variations]"
Add component (AddParameter): Name = "Height"; Value = "2.29mm"; VariantName = "[No Variations]"
Add component (AddParameter): Name = "Lead Free"; Value = "Lead Free"; VariantName = "[No Variations]"
Add component (AddParameter): Name = "Length"; Value = "3.2mm"; VariantName = "[No Variations]"
Add component (AddParameter): Name = "Max Operating Temperature"; Value = "85°C"; VariantName = "[No Variations]"
Add component (AddParameter): Name = "Min Operating Temperature"; Value = "-55°C"; VariantName = "[No Variations]"
Add component (AddParameter): Name = "Mount"; Value = "Surface Mount"; VariantName = "[No Variations]"
Add component (AddParameter): Name = "Package Quantity"; Value = "1"; VariantName = "[No Variations]"
Add component (AddParameter): Name = "Packaging"; Value = "Tape and Reel"; VariantName = "[No Variations]"
Add component (AddParameter): Name = "Radiation Hardening"; Value = "No"; VariantName = "[No Variations]"
Add component (AddParameter): Name = "REACH SVHC"; Value = "No SVHC"; VariantName = "[No Variations]"
Add component (AddParameter): Name = "RoHS Compliant"; Value = "Yes"; VariantName = "[No Variations]"
Add component (AddParameter): Name = "Series"; Value = "-"; VariantName = "[No Variations]"
Add component (AddParameter): Name = "Termination"; Value = "SMD/SMT"; VariantName = "[No Variations]"
Add component (AddParameter): Name = "Thickness"; Value = "0.11inch"; VariantName = "[No Variations]"
Add component (AddParameter): Name = "Tolerance"; Value = "10%"; VariantName = "[No Variations]"
Add component (AddParameter): Name = "Voltage"; Value = "25V"; VariantName = "[No Variations]"
Add component (AddParameter): Name = "Voltage Rating"; Value = "25V"; VariantName = "[No Variations]"
Add component (AddParameter): Name = "Voltage Rating (DC)"; Value = "25V"; VariantName = "[No Variations]"
Add component (AddParameter): Name = "Width"; Value = "0.098inch"; VariantName = "[No Variations]"
Added Component: Designator=C53(FP-GRM21B-0_2-e0_2_0_7-IPC_B)
Add component (AddParameter): Name = "Capacitance"; Value = "22uF"; VariantName = "[No Variations]"
Add component (AddParameter): Name = "Case Code (Imperial)"; Value = "0805"; VariantName = "[No Variations]"
Add component (AddParameter): Name = "Case Code (Metric)"; Value = "2012"; VariantName = "[No Variations]"
Add component (AddParameter): Name = "Case/Package"; Value = "0805"; VariantName = "[No Variations]"
Add component (AddParameter): Name = "Depth"; Value = "1.25mm"; VariantName = "[No Variations]"
Add component (AddParameter): Name = "Dielectric"; Value = "X5R"; VariantName = "[No Variations]"
Add component (AddParameter): Name = "Height"; Value = "1.25mm"; VariantName = "[No Variations]"
Add component (AddParameter): Name = "Lead Free"; Value = "Lead Free"; VariantName = "[No Variations]"
Add component (AddParameter): Name = "Length"; Value = "2mm"; VariantName = "[No Variations]"
Add component (AddParameter): Name = "Material"; Value = "Ceramic"; VariantName = "[No Variations]"
Add component (AddParameter): Name = "Max Operating Temperature"; Value = "85°C"; VariantName = "[No Variations]"
Add component (AddParameter): Name = "Min Operating Temperature"; Value = "-55°C"; VariantName = "[No Variations]"
Add component (AddParameter): Name = "Mount"; Value = "Surface Mount"; VariantName = "[No Variations]"
Add component (AddParameter): Name = "Package Quantity"; Value = "3000"; VariantName = "[No Variations]"
Add component (AddParameter): Name = "Packaging"; Value = "Tape and Reel"; VariantName = "[No Variations]"
Add component (AddParameter): Name = "REACH SVHC"; Value = "No SVHC"; VariantName = "[No Variations]"
Add component (AddParameter): Name = "Resistor Type"; Value = "Ceramic"; VariantName = "[No Variations]"
Add component (AddParameter): Name = "Termination"; Value = "SMD/SMT"; VariantName = "[No Variations]"
Add component (AddParameter): Name = "Thickness"; Value = "0.057inch"; VariantName = "[No Variations]"
Add component (AddParameter): Name = "Tolerance"; Value = "20%"; VariantName = "[No Variations]"
Add component (AddParameter): Name = "Voltage"; Value = "25V"; VariantName = "[No Variations]"
Add component (AddParameter): Name = "Voltage Rating"; Value = "25V"; VariantName = "[No Variations]"
Add component (AddParameter): Name = "Voltage Rating (DC)"; Value = "25V"; VariantName = "[No Variations]"
Add component (AddParameter): Name = "Weight"; Value = "0.000335oz"; VariantName = "[No Variations]"
Add component (AddParameter): Name = "Width"; Value = "1.25mm"; VariantName = "[No Variations]"
Added Component: Designator=C54(FP-GRM21B-0_2-e0_2_0_7-IPC_B)
Add component (AddParameter): Name = "Capacitance"; Value = "22uF"; VariantName = "[No Variations]"
Add component (AddParameter): Name = "Case Code (Imperial)"; Value = "0805"; VariantName = "[No Variations]"
Add component (AddParameter): Name = "Case Code (Metric)"; Value = "2012"; VariantName = "[No Variations]"
Add component (AddParameter): Name = "Case/Package"; Value = "0805"; VariantName = "[No Variations]"
Add component (AddParameter): Name = "Depth"; Value = "1.25mm"; VariantName = "[No Variations]"
Add component (AddParameter): Name = "Dielectric"; Value = "X5R"; VariantName = "[No Variations]"
Add component (AddParameter): Name = "Height"; Value = "1.25mm"; VariantName = "[No Variations]"
Add component (AddParameter): Name = "Lead Free"; Value = "Lead Free"; VariantName = "[No Variations]"
Add component (AddParameter): Name = "Length"; Value = "2mm"; VariantName = "[No Variations]"
Add component (AddParameter): Name = "Material"; Value = "Ceramic"; VariantName = "[No Variations]"
Add component (AddParameter): Name = "Max Operating Temperature"; Value = "85°C"; VariantName = "[No Variations]"
Add component (AddParameter): Name = "Min Operating Temperature"; Value = "-55°C"; VariantName = "[No Variations]"
Add component (AddParameter): Name = "Mount"; Value = "Surface Mount"; VariantName = "[No Variations]"
Add component (AddParameter): Name = "Package Quantity"; Value = "3000"; VariantName = "[No Variations]"
Add component (AddParameter): Name = "Packaging"; Value = "Tape and Reel"; VariantName = "[No Variations]"
Add component (AddParameter): Name = "REACH SVHC"; Value = "No SVHC"; VariantName = "[No Variations]"
Add component (AddParameter): Name = "Resistor Type"; Value = "Ceramic"; VariantName = "[No Variations]"
Add component (AddParameter): Name = "Termination"; Value = "SMD/SMT"; VariantName = "[No Variations]"
Add component (AddParameter): Name = "Thickness"; Value = "0.057inch"; VariantName = "[No Variations]"
Add component (AddParameter): Name = "Tolerance"; Value = "20%"; VariantName = "[No Variations]"
Add component (AddParameter): Name = "Voltage"; Value = "25V"; VariantName = "[No Variations]"
Add component (AddParameter): Name = "Voltage Rating"; Value = "25V"; VariantName = "[No Variations]"
Add component (AddParameter): Name = "Voltage Rating (DC)"; Value = "25V"; VariantName = "[No Variations]"
Add component (AddParameter): Name = "Weight"; Value = "0.000335oz"; VariantName = "[No Variations]"
Add component (AddParameter): Name = "Width"; Value = "1.25mm"; VariantName = "[No Variations]"
Added Component: Designator=C55_REG_1(FP-C0805C475J4RACAUTO-MFG)
Add component (AddParameter): Name = "Capacitance"; Value = "4.7µF"; VariantName = "[No Variations]"
Add component (AddParameter): Name = "Case/Package"; Value = "0805"; VariantName = "[No Variations]"
Add component (AddParameter): Name = "Dielectric"; Value = "X7R"; VariantName = "[No Variations]"
Add component (AddParameter): Name = "Dielectric Material"; Value = "Ceramic"; VariantName = "[No Variations]"
Add component (AddParameter): Name = "Height"; Value = "1.4mm"; VariantName = "[No Variations]"
Add component (AddParameter): Name = "Material"; Value = "Ceramic"; VariantName = "[No Variations]"
Add component (AddParameter): Name = "Max Operating Temperature"; Value = "125°C"; VariantName = "[No Variations]"
Add component (AddParameter): Name = "Min Operating Temperature"; Value = "-55°C"; VariantName = "[No Variations]"
Add component (AddParameter): Name = "NexarPartId"; Value = "84766729"; VariantName = "[No Variations]"
Add component (AddParameter): Name = "Packaging"; Value = "Cut Tape"; VariantName = "[No Variations]"
Add component (AddParameter): Name = "RoHS"; Value = "Compliant"; VariantName = "[No Variations]"
Add component (AddParameter): Name = "Tolerance"; Value = "5%"; VariantName = "[No Variations]"
Add component (AddParameter): Name = "Voltage Rating"; Value = "16V"; VariantName = "[No Variations]"
Add component (AddParameter): Name = "Voltage Rating (DC)"; Value = "16V"; VariantName = "[No Variations]"
Added Component: Designator=C55_REG_2(FP-C0805C475J4RACAUTO-MFG)
Add component (AddParameter): Name = "Capacitance"; Value = "4.7µF"; VariantName = "[No Variations]"
Add component (AddParameter): Name = "Case/Package"; Value = "0805"; VariantName = "[No Variations]"
Add component (AddParameter): Name = "Dielectric"; Value = "X7R"; VariantName = "[No Variations]"
Add component (AddParameter): Name = "Dielectric Material"; Value = "Ceramic"; VariantName = "[No Variations]"
Add component (AddParameter): Name = "Height"; Value = "1.4mm"; VariantName = "[No Variations]"
Add component (AddParameter): Name = "Material"; Value = "Ceramic"; VariantName = "[No Variations]"
Add component (AddParameter): Name = "Max Operating Temperature"; Value = "125°C"; VariantName = "[No Variations]"
Add component (AddParameter): Name = "Min Operating Temperature"; Value = "-55°C"; VariantName = "[No Variations]"
Add component (AddParameter): Name = "NexarPartId"; Value = "84766729"; VariantName = "[No Variations]"
Add component (AddParameter): Name = "Packaging"; Value = "Cut Tape"; VariantName = "[No Variations]"
Add component (AddParameter): Name = "RoHS"; Value = "Compliant"; VariantName = "[No Variations]"
Add component (AddParameter): Name = "Tolerance"; Value = "5%"; VariantName = "[No Variations]"
Add component (AddParameter): Name = "Voltage Rating"; Value = "16V"; VariantName = "[No Variations]"
Add component (AddParameter): Name = "Voltage Rating (DC)"; Value = "16V"; VariantName = "[No Variations]"
Added Component: Designator=C56_REG_1(FP-C0805C475J4RACAUTO-MFG)
Add component (AddParameter): Name = "Capacitance"; Value = "4.7µF"; VariantName = "[No Variations]"
Add component (AddParameter): Name = "Case/Package"; Value = "0805"; VariantName = "[No Variations]"
Add component (AddParameter): Name = "Dielectric"; Value = "X7R"; VariantName = "[No Variations]"
Add component (AddParameter): Name = "Dielectric Material"; Value = "Ceramic"; VariantName = "[No Variations]"
Add component (AddParameter): Name = "Height"; Value = "1.4mm"; VariantName = "[No Variations]"
Add component (AddParameter): Name = "Material"; Value = "Ceramic"; VariantName = "[No Variations]"
Add component (AddParameter): Name = "Max Operating Temperature"; Value = "125°C"; VariantName = "[No Variations]"
Add component (AddParameter): Name = "Min Operating Temperature"; Value = "-55°C"; VariantName = "[No Variations]"
Add component (AddParameter): Name = "NexarPartId"; Value = "84766729"; VariantName = "[No Variations]"
Add component (AddParameter): Name = "Packaging"; Value = "Cut Tape"; VariantName = "[No Variations]"
Add component (AddParameter): Name = "RoHS"; Value = "Compliant"; VariantName = "[No Variations]"
Add component (AddParameter): Name = "Tolerance"; Value = "5%"; VariantName = "[No Variations]"
Add component (AddParameter): Name = "Voltage Rating"; Value = "16V"; VariantName = "[No Variations]"
Add component (AddParameter): Name = "Voltage Rating (DC)"; Value = "16V"; VariantName = "[No Variations]"
Added Component: Designator=C56_REG_2(FP-C0805C475J4RACAUTO-MFG)
Add component (AddParameter): Name = "Capacitance"; Value = "4.7µF"; VariantName = "[No Variations]"
Add component (AddParameter): Name = "Case/Package"; Value = "0805"; VariantName = "[No Variations]"
Add component (AddParameter): Name = "Dielectric"; Value = "X7R"; VariantName = "[No Variations]"
Add component (AddParameter): Name = "Dielectric Material"; Value = "Ceramic"; VariantName = "[No Variations]"
Add component (AddParameter): Name = "Height"; Value = "1.4mm"; VariantName = "[No Variations]"
Add component (AddParameter): Name = "Material"; Value = "Ceramic"; VariantName = "[No Variations]"
Add component (AddParameter): Name = "Max Operating Temperature"; Value = "125°C"; VariantName = "[No Variations]"
Add component (AddParameter): Name = "Min Operating Temperature"; Value = "-55°C"; VariantName = "[No Variations]"
Add component (AddParameter): Name = "NexarPartId"; Value = "84766729"; VariantName = "[No Variations]"
Add component (AddParameter): Name = "Packaging"; Value = "Cut Tape"; VariantName = "[No Variations]"
Add component (AddParameter): Name = "RoHS"; Value = "Compliant"; VariantName = "[No Variations]"
Add component (AddParameter): Name = "Tolerance"; Value = "5%"; VariantName = "[No Variations]"
Add component (AddParameter): Name = "Voltage Rating"; Value = "16V"; VariantName = "[No Variations]"
Add component (AddParameter): Name = "Voltage Rating (DC)"; Value = "16V"; VariantName = "[No Variations]"
Added Component: Designator=C57_REG_1(FP-1210-L_3_2_0_3-W_2_5_0-IPC_B)
Add component (AddParameter): Name = "Capacitance"; Value = "1uF"; VariantName = "[No Variations]"
Add component (AddParameter): Name = "Case Code (Imperial)"; Value = "1210"; VariantName = "[No Variations]"
Add component (AddParameter): Name = "Case Code (Metric)"; Value = "3225"; VariantName = "[No Variations]"
Add component (AddParameter): Name = "Case/Package"; Value = "1210"; VariantName = "[No Variations]"
Add component (AddParameter): Name = "Construction"; Value = "Flat"; VariantName = "[No Variations]"
Add component (AddParameter): Name = "Depth"; Value = "2.5mm"; VariantName = "[No Variations]"
Add component (AddParameter): Name = "Dielectric"; Value = "X5R"; VariantName = "[No Variations]"
Add component (AddParameter): Name = "Halogen Free"; Value = "Halogen Free"; VariantName = "[No Variations]"
Add component (AddParameter): Name = "Height"; Value = "1.9mm"; VariantName = "[No Variations]"
Add component (AddParameter): Name = "Length"; Value = "3.2mm"; VariantName = "[No Variations]"
Add component (AddParameter): Name = "Max Operating Temperature"; Value = "125°C"; VariantName = "[No Variations]"
Add component (AddParameter): Name = "Min Operating Temperature"; Value = "-55°C"; VariantName = "[No Variations]"
Add component (AddParameter): Name = "Mount"; Value = "Surface Mount"; VariantName = "[No Variations]"
Add component (AddParameter): Name = "Number of Pins"; Value = "2"; VariantName = "[No Variations]"
Add component (AddParameter): Name = "Package Quantity"; Value = "1"; VariantName = "[No Variations]"
Add component (AddParameter): Name = "Packaging"; Value = "Tape and Reel"; VariantName = "[No Variations]"
Add component (AddParameter): Name = "Radiation Hardening"; Value = "No"; VariantName = "[No Variations]"
Add component (AddParameter): Name = "REACH SVHC"; Value = "No SVHC"; VariantName = "[No Variations]"
Add component (AddParameter): Name = "Resistor Type"; Value = "Ceramic"; VariantName = "[No Variations]"
Add component (AddParameter): Name = "RoHS Compliant"; Value = "Yes"; VariantName = "[No Variations]"
Add component (AddParameter): Name = "Series"; Value = "M"; VariantName = "[No Variations]"
Add component (AddParameter): Name = "Termination"; Value = "SMD/SMT"; VariantName = "[No Variations]"
Add component (AddParameter): Name = "Thickness"; Value = "0.083inch"; VariantName = "[No Variations]"
Add component (AddParameter): Name = "Tolerance"; Value = "10%"; VariantName = "[No Variations]"
Add component (AddParameter): Name = "Voltage"; Value = "100V"; VariantName = "[No Variations]"
Add component (AddParameter): Name = "Voltage Rating"; Value = "100V"; VariantName = "[No Variations]"
Add component (AddParameter): Name = "Voltage Rating (DC)"; Value = "100V"; VariantName = "[No Variations]"
Add component (AddParameter): Name = "Width"; Value = "2.5mm"; VariantName = "[No Variations]"
Added Component: Designator=C57_REG_2(FP-1210-L_3_2_0_3-W_2_5_0-IPC_B)
Add component (AddParameter): Name = "Capacitance"; Value = "1uF"; VariantName = "[No Variations]"
Add component (AddParameter): Name = "Case Code (Imperial)"; Value = "1210"; VariantName = "[No Variations]"
Add component (AddParameter): Name = "Case Code (Metric)"; Value = "3225"; VariantName = "[No Variations]"
Add component (AddParameter): Name = "Case/Package"; Value = "1210"; VariantName = "[No Variations]"
Add component (AddParameter): Name = "Construction"; Value = "Flat"; VariantName = "[No Variations]"
Add component (AddParameter): Name = "Depth"; Value = "2.5mm"; VariantName = "[No Variations]"
Add component (AddParameter): Name = "Dielectric"; Value = "X5R"; VariantName = "[No Variations]"
Add component (AddParameter): Name = "Halogen Free"; Value = "Halogen Free"; VariantName = "[No Variations]"
Add component (AddParameter): Name = "Height"; Value = "1.9mm"; VariantName = "[No Variations]"
Add component (AddParameter): Name = "Length"; Value = "3.2mm"; VariantName = "[No Variations]"
Add component (AddParameter): Name = "Max Operating Temperature"; Value = "125°C"; VariantName = "[No Variations]"
Add component (AddParameter): Name = "Min Operating Temperature"; Value = "-55°C"; VariantName = "[No Variations]"
Add component (AddParameter): Name = "Mount"; Value = "Surface Mount"; VariantName = "[No Variations]"
Add component (AddParameter): Name = "Number of Pins"; Value = "2"; VariantName = "[No Variations]"
Add component (AddParameter): Name = "Package Quantity"; Value = "1"; VariantName = "[No Variations]"
Add component (AddParameter): Name = "Packaging"; Value = "Tape and Reel"; VariantName = "[No Variations]"
Add component (AddParameter): Name = "Radiation Hardening"; Value = "No"; VariantName = "[No Variations]"
Add component (AddParameter): Name = "REACH SVHC"; Value = "No SVHC"; VariantName = "[No Variations]"
Add component (AddParameter): Name = "Resistor Type"; Value = "Ceramic"; VariantName = "[No Variations]"
Add component (AddParameter): Name = "RoHS Compliant"; Value = "Yes"; VariantName = "[No Variations]"
Add component (AddParameter): Name = "Series"; Value = "M"; VariantName = "[No Variations]"
Add component (AddParameter): Name = "Termination"; Value = "SMD/SMT"; VariantName = "[No Variations]"
Add component (AddParameter): Name = "Thickness"; Value = "0.083inch"; VariantName = "[No Variations]"
Add component (AddParameter): Name = "Tolerance"; Value = "10%"; VariantName = "[No Variations]"
Add component (AddParameter): Name = "Voltage"; Value = "100V"; VariantName = "[No Variations]"
Add component (AddParameter): Name = "Voltage Rating"; Value = "100V"; VariantName = "[No Variations]"
Add component (AddParameter): Name = "Voltage Rating (DC)"; Value = "100V"; VariantName = "[No Variations]"
Add component (AddParameter): Name = "Width"; Value = "2.5mm"; VariantName = "[No Variations]"
Added Component: Designator=C58_REG_1(FP-1210-L_3_2_0_3-W_2_5_0-IPC_B)
Add component (AddParameter): Name = "Capacitance"; Value = "1uF"; VariantName = "[No Variations]"
Add component (AddParameter): Name = "Case Code (Imperial)"; Value = "1210"; VariantName = "[No Variations]"
Add component (AddParameter): Name = "Case Code (Metric)"; Value = "3225"; VariantName = "[No Variations]"
Add component (AddParameter): Name = "Case/Package"; Value = "1210"; VariantName = "[No Variations]"
Add component (AddParameter): Name = "Construction"; Value = "Flat"; VariantName = "[No Variations]"
Add component (AddParameter): Name = "Depth"; Value = "2.5mm"; VariantName = "[No Variations]"
Add component (AddParameter): Name = "Dielectric"; Value = "X5R"; VariantName = "[No Variations]"
Add component (AddParameter): Name = "Halogen Free"; Value = "Halogen Free"; VariantName = "[No Variations]"
Add component (AddParameter): Name = "Height"; Value = "1.9mm"; VariantName = "[No Variations]"
Add component (AddParameter): Name = "Length"; Value = "3.2mm"; VariantName = "[No Variations]"
Add component (AddParameter): Name = "Max Operating Temperature"; Value = "125°C"; VariantName = "[No Variations]"
Add component (AddParameter): Name = "Min Operating Temperature"; Value = "-55°C"; VariantName = "[No Variations]"
Add component (AddParameter): Name = "Mount"; Value = "Surface Mount"; VariantName = "[No Variations]"
Add component (AddParameter): Name = "Number of Pins"; Value = "2"; VariantName = "[No Variations]"
Add component (AddParameter): Name = "Package Quantity"; Value = "1"; VariantName = "[No Variations]"
Add component (AddParameter): Name = "Packaging"; Value = "Tape and Reel"; VariantName = "[No Variations]"
Add component (AddParameter): Name = "Radiation Hardening"; Value = "No"; VariantName = "[No Variations]"
Add component (AddParameter): Name = "REACH SVHC"; Value = "No SVHC"; VariantName = "[No Variations]"
Add component (AddParameter): Name = "Resistor Type"; Value = "Ceramic"; VariantName = "[No Variations]"
Add component (AddParameter): Name = "RoHS Compliant"; Value = "Yes"; VariantName = "[No Variations]"
Add component (AddParameter): Name = "Series"; Value = "M"; VariantName = "[No Variations]"
Add component (AddParameter): Name = "Termination"; Value = "SMD/SMT"; VariantName = "[No Variations]"
Add component (AddParameter): Name = "Thickness"; Value = "0.083inch"; VariantName = "[No Variations]"
Add component (AddParameter): Name = "Tolerance"; Value = "10%"; VariantName = "[No Variations]"
Add component (AddParameter): Name = "Voltage"; Value = "100V"; VariantName = "[No Variations]"
Add component (AddParameter): Name = "Voltage Rating"; Value = "100V"; VariantName = "[No Variations]"
Add component (AddParameter): Name = "Voltage Rating (DC)"; Value = "100V"; VariantName = "[No Variations]"
Add component (AddParameter): Name = "Width"; Value = "2.5mm"; VariantName = "[No Variations]"
Added Component: Designator=C58_REG_2(FP-1210-L_3_2_0_3-W_2_5_0-IPC_B)
Add component (AddParameter): Name = "Capacitance"; Value = "1uF"; VariantName = "[No Variations]"
Add component (AddParameter): Name = "Case Code (Imperial)"; Value = "1210"; VariantName = "[No Variations]"
Add component (AddParameter): Name = "Case Code (Metric)"; Value = "3225"; VariantName = "[No Variations]"
Add component (AddParameter): Name = "Case/Package"; Value = "1210"; VariantName = "[No Variations]"
Add component (AddParameter): Name = "Construction"; Value = "Flat"; VariantName = "[No Variations]"
Add component (AddParameter): Name = "Depth"; Value = "2.5mm"; VariantName = "[No Variations]"
Add component (AddParameter): Name = "Dielectric"; Value = "X5R"; VariantName = "[No Variations]"
Add component (AddParameter): Name = "Halogen Free"; Value = "Halogen Free"; VariantName = "[No Variations]"
Add component (AddParameter): Name = "Height"; Value = "1.9mm"; VariantName = "[No Variations]"
Add component (AddParameter): Name = "Length"; Value = "3.2mm"; VariantName = "[No Variations]"
Add component (AddParameter): Name = "Max Operating Temperature"; Value = "125°C"; VariantName = "[No Variations]"
Add component (AddParameter): Name = "Min Operating Temperature"; Value = "-55°C"; VariantName = "[No Variations]"
Add component (AddParameter): Name = "Mount"; Value = "Surface Mount"; VariantName = "[No Variations]"
Add component (AddParameter): Name = "Number of Pins"; Value = "2"; VariantName = "[No Variations]"
Add component (AddParameter): Name = "Package Quantity"; Value = "1"; VariantName = "[No Variations]"
Add component (AddParameter): Name = "Packaging"; Value = "Tape and Reel"; VariantName = "[No Variations]"
Add component (AddParameter): Name = "Radiation Hardening"; Value = "No"; VariantName = "[No Variations]"
Add component (AddParameter): Name = "REACH SVHC"; Value = "No SVHC"; VariantName = "[No Variations]"
Add component (AddParameter): Name = "Resistor Type"; Value = "Ceramic"; VariantName = "[No Variations]"
Add component (AddParameter): Name = "RoHS Compliant"; Value = "Yes"; VariantName = "[No Variations]"
Add component (AddParameter): Name = "Series"; Value = "M"; VariantName = "[No Variations]"
Add component (AddParameter): Name = "Termination"; Value = "SMD/SMT"; VariantName = "[No Variations]"
Add component (AddParameter): Name = "Thickness"; Value = "0.083inch"; VariantName = "[No Variations]"
Add component (AddParameter): Name = "Tolerance"; Value = "10%"; VariantName = "[No Variations]"
Add component (AddParameter): Name = "Voltage"; Value = "100V"; VariantName = "[No Variations]"
Add component (AddParameter): Name = "Voltage Rating"; Value = "100V"; VariantName = "[No Variations]"
Add component (AddParameter): Name = "Voltage Rating (DC)"; Value = "100V"; VariantName = "[No Variations]"
Add component (AddParameter): Name = "Width"; Value = "2.5mm"; VariantName = "[No Variations]"
Added Component: Designator=C59_REG_1(FP-0402-L_1_0_0_05-W_0_5-IPC_A)
Add component (AddParameter): Name = "Capacitor Type"; Value = "Ceramic"; VariantName = "[No Variations]"
Add component (AddParameter): Name = "Case/Package"; Value = "0402"; VariantName = "[No Variations]"
Add component (AddParameter): Name = "Max Operating Temperature"; Value = "85°C"; VariantName = "[No Variations]"
Add component (AddParameter): Name = "Min Operating Temperature"; Value = "-55°C"; VariantName = "[No Variations]"
Add component (AddParameter): Name = "Mounting Technology"; Value = "Surface Mount"; VariantName = "[No Variations]"
Add component (AddParameter): Name = "Pins"; Value = "2"; VariantName = "[No Variations]"
Add component (AddParameter): Name = "RoHS Compliant"; Value = "Yes"; VariantName = "[No Variations]"
Add component (AddParameter): Name = "Tolerance"; Value = ""; VariantName = "[No Variations]"
Add component (AddParameter): Name = "Value"; Value = ""; VariantName = "[No Variations]"
Add component (AddParameter): Name = "Voltage Rating"; Value = ""; VariantName = "[No Variations]"
Added Component: Designator=C59_REG_2(FP-0402-L_1_0_0_05-W_0_5-IPC_A)
Add component (AddParameter): Name = "Capacitor Type"; Value = "Ceramic"; VariantName = "[No Variations]"
Add component (AddParameter): Name = "Case/Package"; Value = "0402"; VariantName = "[No Variations]"
Add component (AddParameter): Name = "Max Operating Temperature"; Value = "85°C"; VariantName = "[No Variations]"
Add component (AddParameter): Name = "Min Operating Temperature"; Value = "-55°C"; VariantName = "[No Variations]"
Add component (AddParameter): Name = "Mounting Technology"; Value = "Surface Mount"; VariantName = "[No Variations]"
Add component (AddParameter): Name = "Pins"; Value = "2"; VariantName = "[No Variations]"
Add component (AddParameter): Name = "RoHS Compliant"; Value = "Yes"; VariantName = "[No Variations]"
Add component (AddParameter): Name = "Tolerance"; Value = ""; VariantName = "[No Variations]"
Add component (AddParameter): Name = "Value"; Value = ""; VariantName = "[No Variations]"
Add component (AddParameter): Name = "Voltage Rating"; Value = ""; VariantName = "[No Variations]"
Added Component: Designator=D1(ONSC-SOD-123-2-425-04_V)
Add component (AddParameter): Name = "ComponentLink1Description"; Value = "Manufacturer URL"; VariantName = "[No Variations]"
Add component (AddParameter): Name = "ComponentLink1URL"; Value = "http://www.onsemi.com/"; VariantName = "[No Variations]"
Add component (AddParameter): Name = "ComponentLink2Description"; Value = "Datasheet"; VariantName = "[No Variations]"
Add component (AddParameter): Name = "ComponentLink2URL"; Value = "http://www.onsemi.com/pub_link/Collateral/MMSZ5221BT1-D.PDF"; VariantName = "[No Variations]"
Add component (AddParameter): Name = "ComponentLink3Description"; Value = "Package Specification"; VariantName = "[No Variations]"
Add component (AddParameter): Name = "ComponentLink3URL"; Value = "http://www.onsemi.com/pub_link/Collateral/425-04.PDF"; VariantName = "[No Variations]"
Add component (AddParameter): Name = "DatasheetVersion"; Value = "Rev. 12"; VariantName = "[No Variations]"
Add component (AddParameter): Name = "Manufacturer"; Value = "On Semiconductor"; VariantName = "[No Variations]"
Add component (AddParameter): Name = "Mounting Technology"; Value = "Surface Mount"; VariantName = "[No Variations]"
Add component (AddParameter): Name = "P Max (W)"; Value = "0.5"; VariantName = "[No Variations]"
Add component (AddParameter): Name = "PackageDescription"; Value = "2-Pin SOD, Body 1.6 x 2.69 mm"; VariantName = "[No Variations]"
Add component (AddParameter): Name = "PackageReference"; Value = "SOD-123-2-425-04"; VariantName = "[No Variations]"
Add component (AddParameter): Name = "PackageVersion"; Value = "Rev. G, 10/2009"; VariantName = "[No Variations]"
Add component (AddParameter): Name = "Packing"; Value = "Tape and Reel"; VariantName = "[No Variations]"
Add component (AddParameter): Name = "PartNumber"; Value = "MMSZ5242BT1G"; VariantName = "[No Variations]"
Add component (AddParameter): Name = "RoHS"; Value = "Pb-Free"; VariantName = "[No Variations]"
Add component (AddParameter): Name = "VZ Typ (V)"; Value = "12"; VariantName = "[No Variations]"
Added Component: Designator=D2(ONSC-SOD-123-2-425-04_V)
Add component (AddParameter): Name = "ComponentLink1Description"; Value = "Manufacturer URL"; VariantName = "[No Variations]"
Add component (AddParameter): Name = "ComponentLink1URL"; Value = "http://www.onsemi.com/"; VariantName = "[No Variations]"
Add component (AddParameter): Name = "ComponentLink2Description"; Value = "Datasheet"; VariantName = "[No Variations]"
Add component (AddParameter): Name = "ComponentLink2URL"; Value = "http://www.onsemi.com/pub_link/Collateral/MMSZ5221BT1-D.PDF"; VariantName = "[No Variations]"
Add component (AddParameter): Name = "ComponentLink3Description"; Value = "Package Specification"; VariantName = "[No Variations]"
Add component (AddParameter): Name = "ComponentLink3URL"; Value = "http://www.onsemi.com/pub_link/Collateral/425-04.PDF"; VariantName = "[No Variations]"
Add component (AddParameter): Name = "DatasheetVersion"; Value = "Rev. 12"; VariantName = "[No Variations]"
Add component (AddParameter): Name = "Manufacturer"; Value = "On Semiconductor"; VariantName = "[No Variations]"
Add component (AddParameter): Name = "Mounting Technology"; Value = "Surface Mount"; VariantName = "[No Variations]"
Add component (AddParameter): Name = "P Max (W)"; Value = "0.5"; VariantName = "[No Variations]"
Add component (AddParameter): Name = "PackageDescription"; Value = "2-Pin SOD, Body 1.6 x 2.69 mm"; VariantName = "[No Variations]"
Add component (AddParameter): Name = "PackageReference"; Value = "SOD-123-2-425-04"; VariantName = "[No Variations]"
Add component (AddParameter): Name = "PackageVersion"; Value = "Rev. G, 10/2009"; VariantName = "[No Variations]"
Add component (AddParameter): Name = "Packing"; Value = "Tape and Reel"; VariantName = "[No Variations]"
Add component (AddParameter): Name = "PartNumber"; Value = "MMSZ5242BT1G"; VariantName = "[No Variations]"
Add component (AddParameter): Name = "RoHS"; Value = "Pb-Free"; VariantName = "[No Variations]"
Add component (AddParameter): Name = "VZ Typ (V)"; Value = "12"; VariantName = "[No Variations]"
Added Component: Designator=D3(FP-DQA0010A-MFG)
Add component (AddParameter): Name = "Ambient Temperature Range High"; Value = "+125°C"; VariantName = "[No Variations]"
Add component (AddParameter): Name = "Ambient Temperature Range Low"; Value = "-40°C"; VariantName = "[No Variations]"
Add component (AddParameter): Name = "Automotive"; Value = "No"; VariantName = "[No Variations]"
Add component (AddParameter): Name = "Breakdown Voltage"; Value = "5.5V"; VariantName = "[No Variations]"
Add component (AddParameter): Name = "Capacitance"; Value = "0.55pF"; VariantName = "[No Variations]"
Add component (AddParameter): Name = "Category"; Value = "Diode"; VariantName = "[No Variations]"
Add component (AddParameter): Name = "Clamping Voltage"; Value = "11.5V"; VariantName = "[No Variations]"
Add component (AddParameter): Name = "ComponentLink2Description"; Value = "Datasheet"; VariantName = "[No Variations]"
Add component (AddParameter): Name = "ComponentLink2URL"; Value = "http://www.ti.com/lit/ds/symlink/esd204.pdf"; VariantName = "[No Variations]"
Add component (AddParameter): Name = "Device Class L1"; Value = "Circuit Protection"; VariantName = "[No Variations]"
Add component (AddParameter): Name = "Device Class L2"; Value = "TVS Diodes"; VariantName = "[No Variations]"
Add component (AddParameter): Name = "Device Class L3"; Value = "unset"; VariantName = "[No Variations]"
Add component (AddParameter): Name = "Digikey Description"; Value = "4-CHANNEL LOW-CAPACITANCE SURGE"; VariantName = "[No Variations]"
Add component (AddParameter): Name = "Direction"; Value = "Bidirectional"; VariantName = "[No Variations]"
Add component (AddParameter): Name = "Height"; Value = "0.55mm"; VariantName = "[No Variations]"
Add component (AddParameter): Name = "Lead Free"; Value = "Yes"; VariantName = "[No Variations]"
Add component (AddParameter): Name = "Manufacturer"; Value = "Texas Instruments"; VariantName = "[No Variations]"
Add component (AddParameter): Name = "Manufacturer Part Number"; Value = "ESD204DQAR"; VariantName = "[No Variations]"
Add component (AddParameter): Name = "Mouser Description"; Value = "4-Channel Low-Capacitance Surge and ESD Protection Diode 10-USON -40 to 125"; VariantName = "[No Variations]"
Add component (AddParameter): Name = "Number Of Channels"; Value = "4"; VariantName = "[No Variations]"
Add component (AddParameter): Name = "Octopart"; Value = "https://octopart.com/esd204dqar-texas+instruments-89917476"; VariantName = "[No Variations]"
Add component (AddParameter): Name = "Package"; Value = "DQA0010A"; VariantName = "[No Variations]"
Add component (AddParameter): Name = "Peak Pulse Current"; Value = "5.5A"; VariantName = "[No Variations]"
Add component (AddParameter): Name = "Peak Pulse Power"; Value = "50W"; VariantName = "[No Variations]"
Add component (AddParameter): Name = "Reverse Standoff Voltage"; Value = "3.6V"; VariantName = "[No Variations]"
Add component (AddParameter): Name = "RoHS"; Value = "TRUE"; VariantName = "[No Variations]"
Add component (AddParameter): Name = "Standoff Height"; Value = "0mm"; VariantName = "[No Variations]"
Add component (AddParameter): Name = "Temperature"; Value = "-40°C to +125°C"; VariantName = "[No Variations]"
Add component (AddParameter): Name = "Temperature Range High"; Value = "+125°C"; VariantName = "[No Variations]"
Add component (AddParameter): Name = "Temperature Range Low"; Value = "-40°C"; VariantName = "[No Variations]"
Add component (AddParameter): Name = "Value"; Value = "0.55pF"; VariantName = "[No Variations]"
Added Component: Designator=D4(FP-DQA0010A-MFG)
Add component (AddParameter): Name = "Ambient Temperature Range High"; Value = "+125°C"; VariantName = "[No Variations]"
Add component (AddParameter): Name = "Ambient Temperature Range Low"; Value = "-40°C"; VariantName = "[No Variations]"
Add component (AddParameter): Name = "Automotive"; Value = "No"; VariantName = "[No Variations]"
Add component (AddParameter): Name = "Breakdown Voltage"; Value = "5.5V"; VariantName = "[No Variations]"
Add component (AddParameter): Name = "Capacitance"; Value = "0.55pF"; VariantName = "[No Variations]"
Add component (AddParameter): Name = "Category"; Value = "Diode"; VariantName = "[No Variations]"
Add component (AddParameter): Name = "Clamping Voltage"; Value = "11.5V"; VariantName = "[No Variations]"
Add component (AddParameter): Name = "ComponentLink2Description"; Value = "Datasheet"; VariantName = "[No Variations]"
Add component (AddParameter): Name = "ComponentLink2URL"; Value = "http://www.ti.com/lit/ds/symlink/esd204.pdf"; VariantName = "[No Variations]"
Add component (AddParameter): Name = "Device Class L1"; Value = "Circuit Protection"; VariantName = "[No Variations]"
Add component (AddParameter): Name = "Device Class L2"; Value = "TVS Diodes"; VariantName = "[No Variations]"
Add component (AddParameter): Name = "Device Class L3"; Value = "unset"; VariantName = "[No Variations]"
Add component (AddParameter): Name = "Digikey Description"; Value = "4-CHANNEL LOW-CAPACITANCE SURGE"; VariantName = "[No Variations]"
Add component (AddParameter): Name = "Direction"; Value = "Bidirectional"; VariantName = "[No Variations]"
Add component (AddParameter): Name = "Height"; Value = "0.55mm"; VariantName = "[No Variations]"
Add component (AddParameter): Name = "Lead Free"; Value = "Yes"; VariantName = "[No Variations]"
Add component (AddParameter): Name = "Manufacturer"; Value = "Texas Instruments"; VariantName = "[No Variations]"
Add component (AddParameter): Name = "Manufacturer Part Number"; Value = "ESD204DQAR"; VariantName = "[No Variations]"
Add component (AddParameter): Name = "Mouser Description"; Value = "4-Channel Low-Capacitance Surge and ESD Protection Diode 10-USON -40 to 125"; VariantName = "[No Variations]"
Add component (AddParameter): Name = "Number Of Channels"; Value = "4"; VariantName = "[No Variations]"
Add component (AddParameter): Name = "Octopart"; Value = "https://octopart.com/esd204dqar-texas+instruments-89917476"; VariantName = "[No Variations]"
Add component (AddParameter): Name = "Package"; Value = "DQA0010A"; VariantName = "[No Variations]"
Add component (AddParameter): Name = "Peak Pulse Current"; Value = "5.5A"; VariantName = "[No Variations]"
Add component (AddParameter): Name = "Peak Pulse Power"; Value = "50W"; VariantName = "[No Variations]"
Add component (AddParameter): Name = "Reverse Standoff Voltage"; Value = "3.6V"; VariantName = "[No Variations]"
Add component (AddParameter): Name = "RoHS"; Value = "TRUE"; VariantName = "[No Variations]"
Add component (AddParameter): Name = "Standoff Height"; Value = "0mm"; VariantName = "[No Variations]"
Add component (AddParameter): Name = "Temperature"; Value = "-40°C to +125°C"; VariantName = "[No Variations]"
Add component (AddParameter): Name = "Temperature Range High"; Value = "+125°C"; VariantName = "[No Variations]"
Add component (AddParameter): Name = "Temperature Range Low"; Value = "-40°C"; VariantName = "[No Variations]"
Add component (AddParameter): Name = "Value"; Value = "0.55pF"; VariantName = "[No Variations]"
Added Component: Designator=D5(WL-SBCD_0606)
Add component (AddParameter): Name = "Case/Package"; Value = ""; VariantName = "[No Variations]"
Add component (AddParameter): Name = "Component Type"; Value = "Standard"; VariantName = "[No Variations]"
Add component (AddParameter): Name = "Design Item ID"; Value = "CMP-004-00034-2"; VariantName = "[No Variations]"
Add component (AddParameter): Name = "Forward Current"; Value = ""; VariantName = "[No Variations]"
Add component (AddParameter): Name = "Forward Voltage"; Value = ""; VariantName = "[No Variations]"
Add component (AddParameter): Name = "Max Operating Temperature"; Value = ""; VariantName = "[No Variations]"
Add component (AddParameter): Name = "Max Surge Current"; Value = ""; VariantName = "[No Variations]"
Add component (AddParameter): Name = "Min Operating Temperature"; Value = ""; VariantName = "[No Variations]"
Add component (AddParameter): Name = "Mounting Technology"; Value = ""; VariantName = "[No Variations]"
Add component (AddParameter): Name = "Peak Inverse Voltage"; Value = ""; VariantName = "[No Variations]"
Add component (AddParameter): Name = "Pins"; Value = "4"; VariantName = "[No Variations]"
Add component (AddParameter): Name = "RoHS Compliant"; Value = ""; VariantName = "[No Variations]"
Add component (AddParameter): Name = "Source"; Value = "rgled.SchLib"; VariantName = "[No Variations]"
Added Component: Designator=D6(FP-DQA0010A-MFG)
Add component (AddParameter): Name = "Ambient Temperature Range High"; Value = "+125°C"; VariantName = "[No Variations]"
Add component (AddParameter): Name = "Ambient Temperature Range Low"; Value = "-40°C"; VariantName = "[No Variations]"
Add component (AddParameter): Name = "Automotive"; Value = "No"; VariantName = "[No Variations]"
Add component (AddParameter): Name = "Breakdown Voltage"; Value = "5.5V"; VariantName = "[No Variations]"
Add component (AddParameter): Name = "Capacitance"; Value = "0.55pF"; VariantName = "[No Variations]"
Add component (AddParameter): Name = "Category"; Value = "Diode"; VariantName = "[No Variations]"
Add component (AddParameter): Name = "Clamping Voltage"; Value = "11.5V"; VariantName = "[No Variations]"
Add component (AddParameter): Name = "ComponentLink2Description"; Value = "Datasheet"; VariantName = "[No Variations]"
Add component (AddParameter): Name = "ComponentLink2URL"; Value = "http://www.ti.com/lit/ds/symlink/esd204.pdf"; VariantName = "[No Variations]"
Add component (AddParameter): Name = "Device Class L1"; Value = "Circuit Protection"; VariantName = "[No Variations]"
Add component (AddParameter): Name = "Device Class L2"; Value = "TVS Diodes"; VariantName = "[No Variations]"
Add component (AddParameter): Name = "Device Class L3"; Value = "unset"; VariantName = "[No Variations]"
Add component (AddParameter): Name = "Digikey Description"; Value = "4-CHANNEL LOW-CAPACITANCE SURGE"; VariantName = "[No Variations]"
Add component (AddParameter): Name = "Direction"; Value = "Bidirectional"; VariantName = "[No Variations]"
Add component (AddParameter): Name = "Height"; Value = "0.55mm"; VariantName = "[No Variations]"
Add component (AddParameter): Name = "Lead Free"; Value = "Yes"; VariantName = "[No Variations]"
Add component (AddParameter): Name = "Manufacturer"; Value = "Texas Instruments"; VariantName = "[No Variations]"
Add component (AddParameter): Name = "Manufacturer Part Number"; Value = "ESD204DQAR"; VariantName = "[No Variations]"
Add component (AddParameter): Name = "Mouser Description"; Value = "4-Channel Low-Capacitance Surge and ESD Protection Diode 10-USON -40 to 125"; VariantName = "[No Variations]"
Add component (AddParameter): Name = "Number Of Channels"; Value = "4"; VariantName = "[No Variations]"
Add component (AddParameter): Name = "Octopart"; Value = "https://octopart.com/esd204dqar-texas+instruments-89917476"; VariantName = "[No Variations]"
Add component (AddParameter): Name = "Package"; Value = "DQA0010A"; VariantName = "[No Variations]"
Add component (AddParameter): Name = "Peak Pulse Current"; Value = "5.5A"; VariantName = "[No Variations]"
Add component (AddParameter): Name = "Peak Pulse Power"; Value = "50W"; VariantName = "[No Variations]"
Add component (AddParameter): Name = "Reverse Standoff Voltage"; Value = "3.6V"; VariantName = "[No Variations]"
Add component (AddParameter): Name = "RoHS"; Value = "TRUE"; VariantName = "[No Variations]"
Add component (AddParameter): Name = "Standoff Height"; Value = "0mm"; VariantName = "[No Variations]"
Add component (AddParameter): Name = "Temperature"; Value = "-40°C to +125°C"; VariantName = "[No Variations]"
Add component (AddParameter): Name = "Temperature Range High"; Value = "+125°C"; VariantName = "[No Variations]"
Add component (AddParameter): Name = "Temperature Range Low"; Value = "-40°C"; VariantName = "[No Variations]"
Add component (AddParameter): Name = "Value"; Value = "0.55pF"; VariantName = "[No Variations]"
Added Component: Designator=D7(FP-DQA0010A-MFG)
Add component (AddParameter): Name = "Ambient Temperature Range High"; Value = "+125°C"; VariantName = "[No Variations]"
Add component (AddParameter): Name = "Ambient Temperature Range Low"; Value = "-40°C"; VariantName = "[No Variations]"
Add component (AddParameter): Name = "Automotive"; Value = "No"; VariantName = "[No Variations]"
Add component (AddParameter): Name = "Breakdown Voltage"; Value = "5.5V"; VariantName = "[No Variations]"
Add component (AddParameter): Name = "Capacitance"; Value = "0.55pF"; VariantName = "[No Variations]"
Add component (AddParameter): Name = "Category"; Value = "Diode"; VariantName = "[No Variations]"
Add component (AddParameter): Name = "Clamping Voltage"; Value = "11.5V"; VariantName = "[No Variations]"
Add component (AddParameter): Name = "ComponentLink2Description"; Value = "Datasheet"; VariantName = "[No Variations]"
Add component (AddParameter): Name = "ComponentLink2URL"; Value = "http://www.ti.com/lit/ds/symlink/esd204.pdf"; VariantName = "[No Variations]"
Add component (AddParameter): Name = "Device Class L1"; Value = "Circuit Protection"; VariantName = "[No Variations]"
Add component (AddParameter): Name = "Device Class L2"; Value = "TVS Diodes"; VariantName = "[No Variations]"
Add component (AddParameter): Name = "Device Class L3"; Value = "unset"; VariantName = "[No Variations]"
Add component (AddParameter): Name = "Digikey Description"; Value = "4-CHANNEL LOW-CAPACITANCE SURGE"; VariantName = "[No Variations]"
Add component (AddParameter): Name = "Direction"; Value = "Bidirectional"; VariantName = "[No Variations]"
Add component (AddParameter): Name = "Height"; Value = "0.55mm"; VariantName = "[No Variations]"
Add component (AddParameter): Name = "Lead Free"; Value = "Yes"; VariantName = "[No Variations]"
Add component (AddParameter): Name = "Manufacturer"; Value = "Texas Instruments"; VariantName = "[No Variations]"
Add component (AddParameter): Name = "Manufacturer Part Number"; Value = "ESD204DQAR"; VariantName = "[No Variations]"
Add component (AddParameter): Name = "Mouser Description"; Value = "4-Channel Low-Capacitance Surge and ESD Protection Diode 10-USON -40 to 125"; VariantName = "[No Variations]"
Add component (AddParameter): Name = "Number Of Channels"; Value = "4"; VariantName = "[No Variations]"
Add component (AddParameter): Name = "Octopart"; Value = "https://octopart.com/esd204dqar-texas+instruments-89917476"; VariantName = "[No Variations]"
Add component (AddParameter): Name = "Package"; Value = "DQA0010A"; VariantName = "[No Variations]"
Add component (AddParameter): Name = "Peak Pulse Current"; Value = "5.5A"; VariantName = "[No Variations]"
Add component (AddParameter): Name = "Peak Pulse Power"; Value = "50W"; VariantName = "[No Variations]"
Add component (AddParameter): Name = "Reverse Standoff Voltage"; Value = "3.6V"; VariantName = "[No Variations]"
Add component (AddParameter): Name = "RoHS"; Value = "TRUE"; VariantName = "[No Variations]"
Add component (AddParameter): Name = "Standoff Height"; Value = "0mm"; VariantName = "[No Variations]"
Add component (AddParameter): Name = "Temperature"; Value = "-40°C to +125°C"; VariantName = "[No Variations]"
Add component (AddParameter): Name = "Temperature Range High"; Value = "+125°C"; VariantName = "[No Variations]"
Add component (AddParameter): Name = "Temperature Range Low"; Value = "-40°C"; VariantName = "[No Variations]"
Add component (AddParameter): Name = "Value"; Value = "0.55pF"; VariantName = "[No Variations]"
Added Component: Designator=F1(FP-SF-1206FP-MFG)
Add component (AddParameter): Name = "Approvals"; Value = "UL"; VariantName = "[No Variations]"
Add component (AddParameter): Name = "Case Code (Imperial)"; Value = "1206"; VariantName = "[No Variations]"
Add component (AddParameter): Name = "Case Code (Metric)"; Value = "3216"; VariantName = "[No Variations]"
Add component (AddParameter): Name = "Case/Package"; Value = "1206"; VariantName = "[No Variations]"
Add component (AddParameter): Name = "Current Rating"; Value = "2A"; VariantName = "[No Variations]"
Add component (AddParameter): Name = "Fuse Type"; Value = "Board Mount (Cartridge Style Excluded)"; VariantName = "[No Variations]"
Add component (AddParameter): Name = "Max Operating Temperature"; Value = "105°C"; VariantName = "[No Variations]"
Add component (AddParameter): Name = "Min Operating Temperature"; Value = "-20°C"; VariantName = "[No Variations]"
Add component (AddParameter): Name = "Mount"; Value = "Surface Mount"; VariantName = "[No Variations]"
Add component (AddParameter): Name = "Packaging"; Value = "Cut Tape"; VariantName = "[No Variations]"
Add component (AddParameter): Name = "RoHS Compliant"; Value = "Yes"; VariantName = "[No Variations]"
Add component (AddParameter): Name = "Series"; Value = "SinglFuse™ SF-1206FP"; VariantName = "[No Variations]"
Add component (AddParameter): Name = "Voltage Rating (DC)"; Value = "63V"; VariantName = "[No Variations]"
Added Component: Designator=F2(FP-SF-1206FP-MFG)
Add component (AddParameter): Name = "Approvals"; Value = "UL"; VariantName = "[No Variations]"
Add component (AddParameter): Name = "Case Code (Imperial)"; Value = "1206"; VariantName = "[No Variations]"
Add component (AddParameter): Name = "Case Code (Metric)"; Value = "3216"; VariantName = "[No Variations]"
Add component (AddParameter): Name = "Case/Package"; Value = "1206"; VariantName = "[No Variations]"
Add component (AddParameter): Name = "Current Rating"; Value = "2A"; VariantName = "[No Variations]"
Add component (AddParameter): Name = "Fuse Type"; Value = "Board Mount (Cartridge Style Excluded)"; VariantName = "[No Variations]"
Add component (AddParameter): Name = "Max Operating Temperature"; Value = "105°C"; VariantName = "[No Variations]"
Add component (AddParameter): Name = "Min Operating Temperature"; Value = "-20°C"; VariantName = "[No Variations]"
Add component (AddParameter): Name = "Mount"; Value = "Surface Mount"; VariantName = "[No Variations]"
Add component (AddParameter): Name = "Packaging"; Value = "Cut Tape"; VariantName = "[No Variations]"
Add component (AddParameter): Name = "RoHS Compliant"; Value = "Yes"; VariantName = "[No Variations]"
Add component (AddParameter): Name = "Series"; Value = "SinglFuse™ SF-1206FP"; VariantName = "[No Variations]"
Add component (AddParameter): Name = "Voltage Rating (DC)"; Value = "63V"; VariantName = "[No Variations]"
Added Component: Designator=F3(FP-1210L050YR-MFG)
Add component (AddParameter): Name = "Approvals"; Value = "cULus"; VariantName = "[No Variations]"
Add component (AddParameter): Name = "Case Code (Imperial)"; Value = "1210"; VariantName = "[No Variations]"
Add component (AddParameter): Name = "Case Code (Metric)"; Value = "3225"; VariantName = "[No Variations]"
Add component (AddParameter): Name = "Case/Package"; Value = "1210"; VariantName = "[No Variations]"
Add component (AddParameter): Name = "Current Rating"; Value = "100A"; VariantName = "[No Variations]"
Add component (AddParameter): Name = "Height"; Value = "0.85mm"; VariantName = "[No Variations]"
Add component (AddParameter): Name = "Hold Current"; Value = "500mA"; VariantName = "[No Variations]"
Add component (AddParameter): Name = "Lead Free"; Value = "Lead Free"; VariantName = "[No Variations]"
Add component (AddParameter): Name = "Length"; Value = "3.43mm"; VariantName = "[No Variations]"
Add component (AddParameter): Name = "Max Current Rating"; Value = "100A"; VariantName = "[No Variations]"
Add component (AddParameter): Name = "Max Operating Temperature"; Value = "85°C"; VariantName = "[No Variations]"
Add component (AddParameter): Name = "Max Power Dissipation"; Value = "600mW"; VariantName = "[No Variations]"
Add component (AddParameter): Name = "Max Voltage Rating (DC)"; Value = "13.2V"; VariantName = "[No Variations]"
Add component (AddParameter): Name = "Min Operating Temperature"; Value = "-40°C"; VariantName = "[No Variations]"
Add component (AddParameter): Name = "Operating Supply Voltage"; Value = "13.2V"; VariantName = "[No Variations]"
Add component (AddParameter): Name = "Package Quantity"; Value = "4000"; VariantName = "[No Variations]"
Add component (AddParameter): Name = "Packaging"; Value = "Tape and Reel"; VariantName = "[No Variations]"
Add component (AddParameter): Name = "Power Dissipation"; Value = "600mW"; VariantName = "[No Variations]"
Add component (AddParameter): Name = "REACH SVHC"; Value = "No SVHC"; VariantName = "[No Variations]"
Add component (AddParameter): Name = "Resistance"; Value = "900mR"; VariantName = "[No Variations]"
Add component (AddParameter): Name = "Terminal Material"; Value = "Copper"; VariantName = "[No Variations]"
Add component (AddParameter): Name = "Termination"; Value = "SMD/SMT"; VariantName = "[No Variations]"
Add component (AddParameter): Name = "Time to Trip"; Value = "0.1s"; VariantName = "[No Variations]"
Add component (AddParameter): Name = "Trip Current"; Value = "1A"; VariantName = "[No Variations]"
Add component (AddParameter): Name = "Voltage Rating"; Value = "13.2V"; VariantName = "[No Variations]"
Add component (AddParameter): Name = "Voltage Rating (DC)"; Value = "13.2V"; VariantName = "[No Variations]"
Add component (AddParameter): Name = "Width"; Value = "2.8mm"; VariantName = "[No Variations]"
Add component (AddParameter): Name = "Working Voltage"; Value = "13.2V"; VariantName = "[No Variations]"
Added Component: Designator=F4(FP-1210L050YR-MFG)
Add component (AddParameter): Name = "Approvals"; Value = "cULus"; VariantName = "[No Variations]"
Add component (AddParameter): Name = "Case Code (Imperial)"; Value = "1210"; VariantName = "[No Variations]"
Add component (AddParameter): Name = "Case Code (Metric)"; Value = "3225"; VariantName = "[No Variations]"
Add component (AddParameter): Name = "Case/Package"; Value = "1210"; VariantName = "[No Variations]"
Add component (AddParameter): Name = "Current Rating"; Value = "100A"; VariantName = "[No Variations]"
Add component (AddParameter): Name = "Height"; Value = "0.85mm"; VariantName = "[No Variations]"
Add component (AddParameter): Name = "Hold Current"; Value = "500mA"; VariantName = "[No Variations]"
Add component (AddParameter): Name = "Lead Free"; Value = "Lead Free"; VariantName = "[No Variations]"
Add component (AddParameter): Name = "Length"; Value = "3.43mm"; VariantName = "[No Variations]"
Add component (AddParameter): Name = "Max Current Rating"; Value = "100A"; VariantName = "[No Variations]"
Add component (AddParameter): Name = "Max Operating Temperature"; Value = "85°C"; VariantName = "[No Variations]"
Add component (AddParameter): Name = "Max Power Dissipation"; Value = "600mW"; VariantName = "[No Variations]"
Add component (AddParameter): Name = "Max Voltage Rating (DC)"; Value = "13.2V"; VariantName = "[No Variations]"
Add component (AddParameter): Name = "Min Operating Temperature"; Value = "-40°C"; VariantName = "[No Variations]"
Add component (AddParameter): Name = "Operating Supply Voltage"; Value = "13.2V"; VariantName = "[No Variations]"
Add component (AddParameter): Name = "Package Quantity"; Value = "4000"; VariantName = "[No Variations]"
Add component (AddParameter): Name = "Packaging"; Value = "Tape and Reel"; VariantName = "[No Variations]"
Add component (AddParameter): Name = "Power Dissipation"; Value = "600mW"; VariantName = "[No Variations]"
Add component (AddParameter): Name = "REACH SVHC"; Value = "No SVHC"; VariantName = "[No Variations]"
Add component (AddParameter): Name = "Resistance"; Value = "900mR"; VariantName = "[No Variations]"
Add component (AddParameter): Name = "Terminal Material"; Value = "Copper"; VariantName = "[No Variations]"
Add component (AddParameter): Name = "Termination"; Value = "SMD/SMT"; VariantName = "[No Variations]"
Add component (AddParameter): Name = "Time to Trip"; Value = "0.1s"; VariantName = "[No Variations]"
Add component (AddParameter): Name = "Trip Current"; Value = "1A"; VariantName = "[No Variations]"
Add component (AddParameter): Name = "Voltage Rating"; Value = "13.2V"; VariantName = "[No Variations]"
Add component (AddParameter): Name = "Voltage Rating (DC)"; Value = "13.2V"; VariantName = "[No Variations]"
Add component (AddParameter): Name = "Width"; Value = "2.8mm"; VariantName = "[No Variations]"
Add component (AddParameter): Name = "Working Voltage"; Value = "13.2V"; VariantName = "[No Variations]"
Added Component: Designator=F5(FP-1210L050YR-MFG)
Add component (AddParameter): Name = "Approvals"; Value = "cULus"; VariantName = "[No Variations]"
Add component (AddParameter): Name = "Case Code (Imperial)"; Value = "1210"; VariantName = "[No Variations]"
Add component (AddParameter): Name = "Case Code (Metric)"; Value = "3225"; VariantName = "[No Variations]"
Add component (AddParameter): Name = "Case/Package"; Value = "1210"; VariantName = "[No Variations]"
Add component (AddParameter): Name = "Current Rating"; Value = "100A"; VariantName = "[No Variations]"
Add component (AddParameter): Name = "Height"; Value = "0.85mm"; VariantName = "[No Variations]"
Add component (AddParameter): Name = "Hold Current"; Value = "500mA"; VariantName = "[No Variations]"
Add component (AddParameter): Name = "Lead Free"; Value = "Lead Free"; VariantName = "[No Variations]"
Add component (AddParameter): Name = "Length"; Value = "3.43mm"; VariantName = "[No Variations]"
Add component (AddParameter): Name = "Max Current Rating"; Value = "100A"; VariantName = "[No Variations]"
Add component (AddParameter): Name = "Max Operating Temperature"; Value = "85°C"; VariantName = "[No Variations]"
Add component (AddParameter): Name = "Max Power Dissipation"; Value = "600mW"; VariantName = "[No Variations]"
Add component (AddParameter): Name = "Max Voltage Rating (DC)"; Value = "13.2V"; VariantName = "[No Variations]"
Add component (AddParameter): Name = "Min Operating Temperature"; Value = "-40°C"; VariantName = "[No Variations]"
Add component (AddParameter): Name = "Operating Supply Voltage"; Value = "13.2V"; VariantName = "[No Variations]"
Add component (AddParameter): Name = "Package Quantity"; Value = "4000"; VariantName = "[No Variations]"
Add component (AddParameter): Name = "Packaging"; Value = "Tape and Reel"; VariantName = "[No Variations]"
Add component (AddParameter): Name = "Power Dissipation"; Value = "600mW"; VariantName = "[No Variations]"
Add component (AddParameter): Name = "REACH SVHC"; Value = "No SVHC"; VariantName = "[No Variations]"
Add component (AddParameter): Name = "Resistance"; Value = "900mR"; VariantName = "[No Variations]"
Add component (AddParameter): Name = "Terminal Material"; Value = "Copper"; VariantName = "[No Variations]"
Add component (AddParameter): Name = "Termination"; Value = "SMD/SMT"; VariantName = "[No Variations]"
Add component (AddParameter): Name = "Time to Trip"; Value = "0.1s"; VariantName = "[No Variations]"
Add component (AddParameter): Name = "Trip Current"; Value = "1A"; VariantName = "[No Variations]"
Add component (AddParameter): Name = "Voltage Rating"; Value = "13.2V"; VariantName = "[No Variations]"
Add component (AddParameter): Name = "Voltage Rating (DC)"; Value = "13.2V"; VariantName = "[No Variations]"
Add component (AddParameter): Name = "Width"; Value = "2.8mm"; VariantName = "[No Variations]"
Add component (AddParameter): Name = "Working Voltage"; Value = "13.2V"; VariantName = "[No Variations]"
Added Component: Designator=F6(FP-1210L050YR-MFG)
Add component (AddParameter): Name = "Approvals"; Value = "cULus"; VariantName = "[No Variations]"
Add component (AddParameter): Name = "Case Code (Imperial)"; Value = "1210"; VariantName = "[No Variations]"
Add component (AddParameter): Name = "Case Code (Metric)"; Value = "3225"; VariantName = "[No Variations]"
Add component (AddParameter): Name = "Case/Package"; Value = "1210"; VariantName = "[No Variations]"
Add component (AddParameter): Name = "Current Rating"; Value = "100A"; VariantName = "[No Variations]"
Add component (AddParameter): Name = "Height"; Value = "0.85mm"; VariantName = "[No Variations]"
Add component (AddParameter): Name = "Hold Current"; Value = "500mA"; VariantName = "[No Variations]"
Add component (AddParameter): Name = "Lead Free"; Value = "Lead Free"; VariantName = "[No Variations]"
Add component (AddParameter): Name = "Length"; Value = "3.43mm"; VariantName = "[No Variations]"
Add component (AddParameter): Name = "Max Current Rating"; Value = "100A"; VariantName = "[No Variations]"
Add component (AddParameter): Name = "Max Operating Temperature"; Value = "85°C"; VariantName = "[No Variations]"
Add component (AddParameter): Name = "Max Power Dissipation"; Value = "600mW"; VariantName = "[No Variations]"
Add component (AddParameter): Name = "Max Voltage Rating (DC)"; Value = "13.2V"; VariantName = "[No Variations]"
Add component (AddParameter): Name = "Min Operating Temperature"; Value = "-40°C"; VariantName = "[No Variations]"
Add component (AddParameter): Name = "Operating Supply Voltage"; Value = "13.2V"; VariantName = "[No Variations]"
Add component (AddParameter): Name = "Package Quantity"; Value = "4000"; VariantName = "[No Variations]"
Add component (AddParameter): Name = "Packaging"; Value = "Tape and Reel"; VariantName = "[No Variations]"
Add component (AddParameter): Name = "Power Dissipation"; Value = "600mW"; VariantName = "[No Variations]"
Add component (AddParameter): Name = "REACH SVHC"; Value = "No SVHC"; VariantName = "[No Variations]"
Add component (AddParameter): Name = "Resistance"; Value = "900mR"; VariantName = "[No Variations]"
Add component (AddParameter): Name = "Terminal Material"; Value = "Copper"; VariantName = "[No Variations]"
Add component (AddParameter): Name = "Termination"; Value = "SMD/SMT"; VariantName = "[No Variations]"
Add component (AddParameter): Name = "Time to Trip"; Value = "0.1s"; VariantName = "[No Variations]"
Add component (AddParameter): Name = "Trip Current"; Value = "1A"; VariantName = "[No Variations]"
Add component (AddParameter): Name = "Voltage Rating"; Value = "13.2V"; VariantName = "[No Variations]"
Add component (AddParameter): Name = "Voltage Rating (DC)"; Value = "13.2V"; VariantName = "[No Variations]"
Add component (AddParameter): Name = "Width"; Value = "2.8mm"; VariantName = "[No Variations]"
Add component (AddParameter): Name = "Working Voltage"; Value = "13.2V"; VariantName = "[No Variations]"
Added Component: Designator=J1(1-2834011-2-Footprint-1)
Add component (AddParameter): Name = "Case/Package"; Value = ""; VariantName = "[No Variations]"
Add component (AddParameter): Name = "Connector Type"; Value = ""; VariantName = "[No Variations]"
Add component (AddParameter): Name = "Gender"; Value = ""; VariantName = "[No Variations]"
Add component (AddParameter): Name = "Max Operating Temperature"; Value = ""; VariantName = "[No Variations]"
Add component (AddParameter): Name = "Min Operating Temperature"; Value = ""; VariantName = "[No Variations]"
Add component (AddParameter): Name = "Mounting Technology"; Value = ""; VariantName = "[No Variations]"
Add component (AddParameter): Name = "Pins"; Value = ""; VariantName = "[No Variations]"
Add component (AddParameter): Name = "RoHS Compliant"; Value = "Yes"; VariantName = "[No Variations]"
Added Component: Designator=J2(FP-5001-MFG)
Add component (AddParameter): Name = "Body Material"; Value = "Bronze"; VariantName = "[No Variations]"
Add component (AddParameter): Name = "Color"; Value = "Black"; VariantName = "[No Variations]"
Add component (AddParameter): Name = "Contact Material"; Value = "Bronze"; VariantName = "[No Variations]"
Add component (AddParameter): Name = "Contact Plating"; Value = "Silver"; VariantName = "[No Variations]"
Add component (AddParameter): Name = "Diameter"; Value = "2.54mm"; VariantName = "[No Variations]"
Add component (AddParameter): Name = "Flammability Rating"; Value = "UL94 V-0"; VariantName = "[No Variations]"
Add component (AddParameter): Name = "Height"; Value = "0.3inch"; VariantName = "[No Variations]"
Add component (AddParameter): Name = "Hole Diameter"; Value = "1.6mm"; VariantName = "[No Variations]"
Add component (AddParameter): Name = "Housing Color"; Value = "Black"; VariantName = "[No Variations]"
Add component (AddParameter): Name = "Inside Diameter"; Value = "1.27mm"; VariantName = "[No Variations]"
Add component (AddParameter): Name = "Insulation"; Value = "Insulated"; VariantName = "[No Variations]"
Add component (AddParameter): Name = "Insulation Material"; Value = "Nylon"; VariantName = "[No Variations]"
Add component (AddParameter): Name = "Lead Free"; Value = "Lead Free"; VariantName = "[No Variations]"
Add component (AddParameter): Name = "Length"; Value = "7.62mm"; VariantName = "[No Variations]"
Add component (AddParameter): Name = "Material"; Value = "Nylon"; VariantName = "[No Variations]"
Add component (AddParameter): Name = "Mount"; Value = "Through Hole"; VariantName = "[No Variations]"
Add component (AddParameter): Name = "Number of Contacts"; Value = "1"; VariantName = "[No Variations]"
Add component (AddParameter): Name = "Number of Ports"; Value = "1"; VariantName = "[No Variations]"
Add component (AddParameter): Name = "Orientation"; Value = "Straight"; VariantName = "[No Variations]"
Add component (AddParameter): Name = "Outside Diameter"; Value = "2.54mm"; VariantName = "[No Variations]"
Add component (AddParameter): Name = "Package Quantity"; Value = "100"; VariantName = "[No Variations]"
Add component (AddParameter): Name = "Packaging"; Value = "Bulk"; VariantName = "[No Variations]"
Add component (AddParameter): Name = "Plating"; Value = "Silver"; VariantName = "[No Variations]"
Add component (AddParameter): Name = "REACH SVHC"; Value = "No SVHC"; VariantName = "[No Variations]"
Add component (AddParameter): Name = "RoHS Compliant"; Value = "Yes"; VariantName = "[No Variations]"
Add component (AddParameter): Name = "Series"; Value = "THM"; VariantName = "[No Variations]"
Add component (AddParameter): Name = "Termination"; Value = "Through Hole"; VariantName = "[No Variations]"
Added Component: Designator=J3(FP-5001-MFG)
Add component (AddParameter): Name = "Body Material"; Value = "Bronze"; VariantName = "[No Variations]"
Add component (AddParameter): Name = "Color"; Value = "Black"; VariantName = "[No Variations]"
Add component (AddParameter): Name = "Contact Material"; Value = "Bronze"; VariantName = "[No Variations]"
Add component (AddParameter): Name = "Contact Plating"; Value = "Silver"; VariantName = "[No Variations]"
Add component (AddParameter): Name = "Diameter"; Value = "2.54mm"; VariantName = "[No Variations]"
Add component (AddParameter): Name = "Flammability Rating"; Value = "UL94 V-0"; VariantName = "[No Variations]"
Add component (AddParameter): Name = "Height"; Value = "0.3inch"; VariantName = "[No Variations]"
Add component (AddParameter): Name = "Hole Diameter"; Value = "1.6mm"; VariantName = "[No Variations]"
Add component (AddParameter): Name = "Housing Color"; Value = "Black"; VariantName = "[No Variations]"
Add component (AddParameter): Name = "Inside Diameter"; Value = "1.27mm"; VariantName = "[No Variations]"
Add component (AddParameter): Name = "Insulation"; Value = "Insulated"; VariantName = "[No Variations]"
Add component (AddParameter): Name = "Insulation Material"; Value = "Nylon"; VariantName = "[No Variations]"
Add component (AddParameter): Name = "Lead Free"; Value = "Lead Free"; VariantName = "[No Variations]"
Add component (AddParameter): Name = "Length"; Value = "7.62mm"; VariantName = "[No Variations]"
Add component (AddParameter): Name = "Material"; Value = "Nylon"; VariantName = "[No Variations]"
Add component (AddParameter): Name = "Mount"; Value = "Through Hole"; VariantName = "[No Variations]"
Add component (AddParameter): Name = "Number of Contacts"; Value = "1"; VariantName = "[No Variations]"
Add component (AddParameter): Name = "Number of Ports"; Value = "1"; VariantName = "[No Variations]"
Add component (AddParameter): Name = "Orientation"; Value = "Straight"; VariantName = "[No Variations]"
Add component (AddParameter): Name = "Outside Diameter"; Value = "2.54mm"; VariantName = "[No Variations]"
Add component (AddParameter): Name = "Package Quantity"; Value = "100"; VariantName = "[No Variations]"
Add component (AddParameter): Name = "Packaging"; Value = "Bulk"; VariantName = "[No Variations]"
Add component (AddParameter): Name = "Plating"; Value = "Silver"; VariantName = "[No Variations]"
Add component (AddParameter): Name = "REACH SVHC"; Value = "No SVHC"; VariantName = "[No Variations]"
Add component (AddParameter): Name = "RoHS Compliant"; Value = "Yes"; VariantName = "[No Variations]"
Add component (AddParameter): Name = "Series"; Value = "THM"; VariantName = "[No Variations]"
Add component (AddParameter): Name = "Termination"; Value = "Through Hole"; VariantName = "[No Variations]"
Added Component: Designator=J4(FP-5001-MFG)
Add component (AddParameter): Name = "Body Material"; Value = "Bronze"; VariantName = "[No Variations]"
Add component (AddParameter): Name = "Color"; Value = "Black"; VariantName = "[No Variations]"
Add component (AddParameter): Name = "Contact Material"; Value = "Bronze"; VariantName = "[No Variations]"
Add component (AddParameter): Name = "Contact Plating"; Value = "Silver"; VariantName = "[No Variations]"
Add component (AddParameter): Name = "Diameter"; Value = "2.54mm"; VariantName = "[No Variations]"
Add component (AddParameter): Name = "Flammability Rating"; Value = "UL94 V-0"; VariantName = "[No Variations]"
Add component (AddParameter): Name = "Height"; Value = "0.3inch"; VariantName = "[No Variations]"
Add component (AddParameter): Name = "Hole Diameter"; Value = "1.6mm"; VariantName = "[No Variations]"
Add component (AddParameter): Name = "Housing Color"; Value = "Black"; VariantName = "[No Variations]"
Add component (AddParameter): Name = "Inside Diameter"; Value = "1.27mm"; VariantName = "[No Variations]"
Add component (AddParameter): Name = "Insulation"; Value = "Insulated"; VariantName = "[No Variations]"
Add component (AddParameter): Name = "Insulation Material"; Value = "Nylon"; VariantName = "[No Variations]"
Add component (AddParameter): Name = "Lead Free"; Value = "Lead Free"; VariantName = "[No Variations]"
Add component (AddParameter): Name = "Length"; Value = "7.62mm"; VariantName = "[No Variations]"
Add component (AddParameter): Name = "Material"; Value = "Nylon"; VariantName = "[No Variations]"
Add component (AddParameter): Name = "Mount"; Value = "Through Hole"; VariantName = "[No Variations]"
Add component (AddParameter): Name = "Number of Contacts"; Value = "1"; VariantName = "[No Variations]"
Add component (AddParameter): Name = "Number of Ports"; Value = "1"; VariantName = "[No Variations]"
Add component (AddParameter): Name = "Orientation"; Value = "Straight"; VariantName = "[No Variations]"
Add component (AddParameter): Name = "Outside Diameter"; Value = "2.54mm"; VariantName = "[No Variations]"
Add component (AddParameter): Name = "Package Quantity"; Value = "100"; VariantName = "[No Variations]"
Add component (AddParameter): Name = "Packaging"; Value = "Bulk"; VariantName = "[No Variations]"
Add component (AddParameter): Name = "Plating"; Value = "Silver"; VariantName = "[No Variations]"
Add component (AddParameter): Name = "REACH SVHC"; Value = "No SVHC"; VariantName = "[No Variations]"
Add component (AddParameter): Name = "RoHS Compliant"; Value = "Yes"; VariantName = "[No Variations]"
Add component (AddParameter): Name = "Series"; Value = "THM"; VariantName = "[No Variations]"
Add component (AddParameter): Name = "Termination"; Value = "Through Hole"; VariantName = "[No Variations]"
Added Component: Designator=J5(FP-5001-MFG)
Add component (AddParameter): Name = "Body Material"; Value = "Bronze"; VariantName = "[No Variations]"
Add component (AddParameter): Name = "Color"; Value = "Black"; VariantName = "[No Variations]"
Add component (AddParameter): Name = "Contact Material"; Value = "Bronze"; VariantName = "[No Variations]"
Add component (AddParameter): Name = "Contact Plating"; Value = "Silver"; VariantName = "[No Variations]"
Add component (AddParameter): Name = "Diameter"; Value = "2.54mm"; VariantName = "[No Variations]"
Add component (AddParameter): Name = "Flammability Rating"; Value = "UL94 V-0"; VariantName = "[No Variations]"
Add component (AddParameter): Name = "Height"; Value = "0.3inch"; VariantName = "[No Variations]"
Add component (AddParameter): Name = "Hole Diameter"; Value = "1.6mm"; VariantName = "[No Variations]"
Add component (AddParameter): Name = "Housing Color"; Value = "Black"; VariantName = "[No Variations]"
Add component (AddParameter): Name = "Inside Diameter"; Value = "1.27mm"; VariantName = "[No Variations]"
Add component (AddParameter): Name = "Insulation"; Value = "Insulated"; VariantName = "[No Variations]"
Add component (AddParameter): Name = "Insulation Material"; Value = "Nylon"; VariantName = "[No Variations]"
Add component (AddParameter): Name = "Lead Free"; Value = "Lead Free"; VariantName = "[No Variations]"
Add component (AddParameter): Name = "Length"; Value = "7.62mm"; VariantName = "[No Variations]"
Add component (AddParameter): Name = "Material"; Value = "Nylon"; VariantName = "[No Variations]"
Add component (AddParameter): Name = "Mount"; Value = "Through Hole"; VariantName = "[No Variations]"
Add component (AddParameter): Name = "Number of Contacts"; Value = "1"; VariantName = "[No Variations]"
Add component (AddParameter): Name = "Number of Ports"; Value = "1"; VariantName = "[No Variations]"
Add component (AddParameter): Name = "Orientation"; Value = "Straight"; VariantName = "[No Variations]"
Add component (AddParameter): Name = "Outside Diameter"; Value = "2.54mm"; VariantName = "[No Variations]"
Add component (AddParameter): Name = "Package Quantity"; Value = "100"; VariantName = "[No Variations]"
Add component (AddParameter): Name = "Packaging"; Value = "Bulk"; VariantName = "[No Variations]"
Add component (AddParameter): Name = "Plating"; Value = "Silver"; VariantName = "[No Variations]"
Add component (AddParameter): Name = "REACH SVHC"; Value = "No SVHC"; VariantName = "[No Variations]"
Add component (AddParameter): Name = "RoHS Compliant"; Value = "Yes"; VariantName = "[No Variations]"
Add component (AddParameter): Name = "Series"; Value = "THM"; VariantName = "[No Variations]"
Add component (AddParameter): Name = "Termination"; Value = "Through Hole"; VariantName = "[No Variations]"
Added Component: Designator=J6(1-2834011-2-Footprint-1)
Add component (AddParameter): Name = "Case/Package"; Value = ""; VariantName = "[No Variations]"
Add component (AddParameter): Name = "Connector Type"; Value = ""; VariantName = "[No Variations]"
Add component (AddParameter): Name = "Gender"; Value = ""; VariantName = "[No Variations]"
Add component (AddParameter): Name = "Max Operating Temperature"; Value = ""; VariantName = "[No Variations]"
Add component (AddParameter): Name = "Min Operating Temperature"; Value = ""; VariantName = "[No Variations]"
Add component (AddParameter): Name = "Mounting Technology"; Value = ""; VariantName = "[No Variations]"
Add component (AddParameter): Name = "Pins"; Value = ""; VariantName = "[No Variations]"
Add component (AddParameter): Name = "RoHS Compliant"; Value = "Yes"; VariantName = "[No Variations]"
Added Component: Designator=J7(FP-5001-MFG)
Add component (AddParameter): Name = "Body Material"; Value = "Bronze"; VariantName = "[No Variations]"
Add component (AddParameter): Name = "Color"; Value = "Black"; VariantName = "[No Variations]"
Add component (AddParameter): Name = "Contact Material"; Value = "Bronze"; VariantName = "[No Variations]"
Add component (AddParameter): Name = "Contact Plating"; Value = "Silver"; VariantName = "[No Variations]"
Add component (AddParameter): Name = "Diameter"; Value = "2.54mm"; VariantName = "[No Variations]"
Add component (AddParameter): Name = "Flammability Rating"; Value = "UL94 V-0"; VariantName = "[No Variations]"
Add component (AddParameter): Name = "Height"; Value = "0.3inch"; VariantName = "[No Variations]"
Add component (AddParameter): Name = "Hole Diameter"; Value = "1.6mm"; VariantName = "[No Variations]"
Add component (AddParameter): Name = "Housing Color"; Value = "Black"; VariantName = "[No Variations]"
Add component (AddParameter): Name = "Inside Diameter"; Value = "1.27mm"; VariantName = "[No Variations]"
Add component (AddParameter): Name = "Insulation"; Value = "Insulated"; VariantName = "[No Variations]"
Add component (AddParameter): Name = "Insulation Material"; Value = "Nylon"; VariantName = "[No Variations]"
Add component (AddParameter): Name = "Lead Free"; Value = "Lead Free"; VariantName = "[No Variations]"
Add component (AddParameter): Name = "Length"; Value = "7.62mm"; VariantName = "[No Variations]"
Add component (AddParameter): Name = "Material"; Value = "Nylon"; VariantName = "[No Variations]"
Add component (AddParameter): Name = "Mount"; Value = "Through Hole"; VariantName = "[No Variations]"
Add component (AddParameter): Name = "Number of Contacts"; Value = "1"; VariantName = "[No Variations]"
Add component (AddParameter): Name = "Number of Ports"; Value = "1"; VariantName = "[No Variations]"
Add component (AddParameter): Name = "Orientation"; Value = "Straight"; VariantName = "[No Variations]"
Add component (AddParameter): Name = "Outside Diameter"; Value = "2.54mm"; VariantName = "[No Variations]"
Add component (AddParameter): Name = "Package Quantity"; Value = "100"; VariantName = "[No Variations]"
Add component (AddParameter): Name = "Packaging"; Value = "Bulk"; VariantName = "[No Variations]"
Add component (AddParameter): Name = "Plating"; Value = "Silver"; VariantName = "[No Variations]"
Add component (AddParameter): Name = "REACH SVHC"; Value = "No SVHC"; VariantName = "[No Variations]"
Add component (AddParameter): Name = "RoHS Compliant"; Value = "Yes"; VariantName = "[No Variations]"
Add component (AddParameter): Name = "Series"; Value = "THM"; VariantName = "[No Variations]"
Add component (AddParameter): Name = "Termination"; Value = "Through Hole"; VariantName = "[No Variations]"
Added Component: Designator=J8(FP-5001-MFG)
Add component (AddParameter): Name = "Body Material"; Value = "Bronze"; VariantName = "[No Variations]"
Add component (AddParameter): Name = "Color"; Value = "Black"; VariantName = "[No Variations]"
Add component (AddParameter): Name = "Contact Material"; Value = "Bronze"; VariantName = "[No Variations]"
Add component (AddParameter): Name = "Contact Plating"; Value = "Silver"; VariantName = "[No Variations]"
Add component (AddParameter): Name = "Diameter"; Value = "2.54mm"; VariantName = "[No Variations]"
Add component (AddParameter): Name = "Flammability Rating"; Value = "UL94 V-0"; VariantName = "[No Variations]"
Add component (AddParameter): Name = "Height"; Value = "0.3inch"; VariantName = "[No Variations]"
Add component (AddParameter): Name = "Hole Diameter"; Value = "1.6mm"; VariantName = "[No Variations]"
Add component (AddParameter): Name = "Housing Color"; Value = "Black"; VariantName = "[No Variations]"
Add component (AddParameter): Name = "Inside Diameter"; Value = "1.27mm"; VariantName = "[No Variations]"
Add component (AddParameter): Name = "Insulation"; Value = "Insulated"; VariantName = "[No Variations]"
Add component (AddParameter): Name = "Insulation Material"; Value = "Nylon"; VariantName = "[No Variations]"
Add component (AddParameter): Name = "Lead Free"; Value = "Lead Free"; VariantName = "[No Variations]"
Add component (AddParameter): Name = "Length"; Value = "7.62mm"; VariantName = "[No Variations]"
Add component (AddParameter): Name = "Material"; Value = "Nylon"; VariantName = "[No Variations]"
Add component (AddParameter): Name = "Mount"; Value = "Through Hole"; VariantName = "[No Variations]"
Add component (AddParameter): Name = "Number of Contacts"; Value = "1"; VariantName = "[No Variations]"
Add component (AddParameter): Name = "Number of Ports"; Value = "1"; VariantName = "[No Variations]"
Add component (AddParameter): Name = "Orientation"; Value = "Straight"; VariantName = "[No Variations]"
Add component (AddParameter): Name = "Outside Diameter"; Value = "2.54mm"; VariantName = "[No Variations]"
Add component (AddParameter): Name = "Package Quantity"; Value = "100"; VariantName = "[No Variations]"
Add component (AddParameter): Name = "Packaging"; Value = "Bulk"; VariantName = "[No Variations]"
Add component (AddParameter): Name = "Plating"; Value = "Silver"; VariantName = "[No Variations]"
Add component (AddParameter): Name = "REACH SVHC"; Value = "No SVHC"; VariantName = "[No Variations]"
Add component (AddParameter): Name = "RoHS Compliant"; Value = "Yes"; VariantName = "[No Variations]"
Add component (AddParameter): Name = "Series"; Value = "THM"; VariantName = "[No Variations]"
Add component (AddParameter): Name = "Termination"; Value = "Through Hole"; VariantName = "[No Variations]"
Added Component: Designator=J9(FH34SRJ-22S-0.5SH(50)-Footprint-1)
Add component (AddParameter): Name = "Case/Package"; Value = ""; VariantName = "[No Variations]"
Add component (AddParameter): Name = "Connector Type"; Value = "Receptacle"; VariantName = "[No Variations]"
Add component (AddParameter): Name = "Gender"; Value = ""; VariantName = "[No Variations]"
Add component (AddParameter): Name = "Max Operating Temperature"; Value = "105°C"; VariantName = "[No Variations]"
Add component (AddParameter): Name = "Min Operating Temperature"; Value = "-55°C"; VariantName = "[No Variations]"
Add component (AddParameter): Name = "Mounting Technology"; Value = "Surface Mount"; VariantName = "[No Variations]"
Add component (AddParameter): Name = "Pins"; Value = "22"; VariantName = "[No Variations]"
Add component (AddParameter): Name = "RoHS Compliant"; Value = ""; VariantName = "[No Variations]"
Added Component: Designator=J10(FM4-NZRP-PCB-1-Footprint-1)
Add component (AddParameter): Name = "Case/Package"; Value = ""; VariantName = "[No Variations]"
Add component (AddParameter): Name = "Component Type"; Value = "Standard"; VariantName = "[No Variations]"
Add component (AddParameter): Name = "Connector Type"; Value = ""; VariantName = "[No Variations]"
Add component (AddParameter): Name = "Design Item ID"; Value = "CMP-002-00085-1"; VariantName = "[No Variations]"
Add component (AddParameter): Name = "Gender"; Value = ""; VariantName = "[No Variations]"
Add component (AddParameter): Name = "Max Operating Temperature"; Value = ""; VariantName = "[No Variations]"
Add component (AddParameter): Name = "Min Operating Temperature"; Value = ""; VariantName = "[No Variations]"
Add component (AddParameter): Name = "Mounting Technology"; Value = ""; VariantName = "[No Variations]"
Add component (AddParameter): Name = "Pins"; Value = "9"; VariantName = "[No Variations]"
Add component (AddParameter): Name = "RoHS Compliant"; Value = ""; VariantName = "[No Variations]"
Add component (AddParameter): Name = "Source"; Value = "fakra4ch.SchLib"; VariantName = "[No Variations]"
Added Component: Designator=J11(FP-CES-109-01-G-S-MFG)
Add component (AddParameter): Name = "Contact Material"; Value = "Bronze, Gold, Nickel"; VariantName = "[No Variations]"
Add component (AddParameter): Name = "Contact Plating"; Value = "Gold"; VariantName = "[No Variations]"
Add component (AddParameter): Name = "Contact Resistance"; Value = "10mO"; VariantName = "[No Variations]"
Add component (AddParameter): Name = "Current Rating"; Value = "5.5A"; VariantName = "[No Variations]"
Add component (AddParameter): Name = "Depth"; Value = "3.05mm"; VariantName = "[No Variations]"
Add component (AddParameter): Name = "Gender"; Value = "Receptacle"; VariantName = "[No Variations]"
Add component (AddParameter): Name = "Height"; Value = "5.21mm"; VariantName = "[No Variations]"
Add component (AddParameter): Name = "Housing Color"; Value = "Black"; VariantName = "[No Variations]"
Add component (AddParameter): Name = "Housing Material"; Value = "Polyester"; VariantName = "[No Variations]"
Add component (AddParameter): Name = "Length"; Value = "22.86mm"; VariantName = "[No Variations]"
Add component (AddParameter): Name = "Lifecycle Status"; Value = "Production"; VariantName = "[No Variations]"
Add component (AddParameter): Name = "Manufacturer Lifecycle Status"; Value = "PRODUCTION"; VariantName = "[No Variations]"
Add component (AddParameter): Name = "Max Current Rating"; Value = "1A"; VariantName = "[No Variations]"
Add component (AddParameter): Name = "Max Operating Temperature"; Value = "125°C"; VariantName = "[No Variations]"
Add component (AddParameter): Name = "Max Voltage Rating (AC)"; Value = "333V"; VariantName = "[No Variations]"
Add component (AddParameter): Name = "Min Operating Temperature"; Value = "-55°C"; VariantName = "[No Variations]"
Add component (AddParameter): Name = "NexarPartId"; Value = "9340057"; VariantName = "[No Variations]"
Add component (AddParameter): Name = "Number of Contacts"; Value = "9"; VariantName = "[No Variations]"
Add component (AddParameter): Name = "Number of Rows"; Value = "1"; VariantName = "[No Variations]"
Add component (AddParameter): Name = "Orientation"; Value = "Straight"; VariantName = "[No Variations]"
Add component (AddParameter): Name = "Pitch"; Value = "2.54mm"; VariantName = "[No Variations]"
Add component (AddParameter): Name = "Radiation Hardening"; Value = "No"; VariantName = "[No Variations]"
Add component (AddParameter): Name = "REACH SVHC"; Value = "No SVHC"; VariantName = "[No Variations]"
Add component (AddParameter): Name = "RoHS"; Value = "Compliant"; VariantName = "[No Variations]"
Add component (AddParameter): Name = "Termination"; Value = "Solder"; VariantName = "[No Variations]"
Add component (AddParameter): Name = "Voltage Rating"; Value = "400V"; VariantName = "[No Variations]"
Added Component: Designator=L1(BOUR-SRN8040-101M_V)
Add component (AddParameter): Name = "Brand/Series"; Value = "SRN8040Series"; VariantName = "[No Variations]"
Add component (AddParameter): Name = "Current, Rating"; Value = "1

A"; VariantName = "[No Variations]"
Add component (AddParameter): Name = "Datasheet URL"; Value = "http://www.produktinfo.conrad.com/datenblaetter/1000000-1099999/001056456-da-01-en-MAG_ABG_LEIST_IND_SRN8040_101M_100UH_SMD.pdf"; VariantName = "[No Variations]"
Add component (AddParameter): Name = "Datasheet Version"; Value = "08/2013"; VariantName = "[No Variations]"
Add component (AddParameter): Name = "Inductance"; Value = "100

µH"; VariantName = "[No Variations]"
Add component (AddParameter): Name = "Manufacturer"; Value = "Bourns"; VariantName = "[No Variations]"
Add component (AddParameter): Name = "Manufacturer URL"; Value = "http://www.bourns.com/"; VariantName = "[No Variations]"
Add component (AddParameter): Name = "Mounting Technology"; Value = "SurfaceMount"; VariantName = "[No Variations]"
Add component (AddParameter): Name = "Package Description"; Value = "2-Pin Surface Mount Device, Body 8 x 8 mm"; VariantName = "[No Variations]"
Add component (AddParameter): Name = "Package Reference"; Value = "SRN8040-101M"; VariantName = "[No Variations]"
Add component (AddParameter): Name = "Termination"; Value = "SMT"; VariantName = "[No Variations]"
Add component (AddParameter): Name = "Tolerance"; Value = "±20

%"; VariantName = "[No Variations]"
Add component (AddParameter): Name = "Type"; Value = "Power"; VariantName = "[No Variations]"
Added Component: Designator=L2(FP-1210POC-MFG)
Add component (AddParameter): Name = "Ambient Temperature Range High"; Value = "+125°C"; VariantName = "[No Variations]"
Add component (AddParameter): Name = "Ambient Temperature Range Low"; Value = "-40°C"; VariantName = "[No Variations]"
Add component (AddParameter): Name = "Automotive"; Value = "Yes"; VariantName = "[No Variations]"
Add component (AddParameter): Name = "Automotive Grade"; Value = "Grade 1"; VariantName = "[No Variations]"
Add component (AddParameter): Name = "Category"; Value = "Ind"; VariantName = "[No Variations]"
Add component (AddParameter): Name = "ComponentLink2Description"; Value = "Datasheet"; VariantName = "[No Variations]"
Add component (AddParameter): Name = "ComponentLink2URL"; Value = "https://drive.google.com/open?id=15FlOq8Y4YbRFohfA_cJ40jgnqs8va2Mh"; VariantName = "[No Variations]"
Add component (AddParameter): Name = "Core Material"; Value = "Ferrite"; VariantName = "[No Variations]"
Add component (AddParameter): Name = "Device Class L1"; Value = "Passive Components"; VariantName = "[No Variations]"
Add component (AddParameter): Name = "Device Class L2"; Value = "Inductors"; VariantName = "[No Variations]"
Add component (AddParameter): Name = "Device Class L3"; Value = "Fixed Inductors"; VariantName = "[No Variations]"
Add component (AddParameter): Name = "Height"; Value = "3mm"; VariantName = "[No Variations]"
Add component (AddParameter): Name = "Inductance"; Value = "22uH"; VariantName = "[No Variations]"
Add component (AddParameter): Name = "Lead Free"; Value = "Yes"; VariantName = "[No Variations]"
Add component (AddParameter): Name = "Manufacturer"; Value = "coilcraft"; VariantName = "[No Variations]"
Add component (AddParameter): Name = "Manufacturer Part Number"; Value = "1210POC-223MRC"; VariantName = "[No Variations]"
Add component (AddParameter): Name = "Octopart"; Value = "https://octopart.com/1210poc-223mrc-coilcraft-103207315"; VariantName = "[No Variations]"
Add component (AddParameter): Name = "Package"; Value = "1210POC"; VariantName = "[No Variations]"
Add component (AddParameter): Name = "Rms Current"; Value = "700mA"; VariantName = "[No Variations]"
Add component (AddParameter): Name = "RoHS"; Value = "TRUE"; VariantName = "[No Variations]"
Add component (AddParameter): Name = "Saturation Current"; Value = "720mA"; VariantName = "[No Variations]"
Add component (AddParameter): Name = "Self Resonant Frequency"; Value = "70MHz"; VariantName = "[No Variations]"
Add component (AddParameter): Name = "Series Resistance"; Value = "0.88O"; VariantName = "[No Variations]"
Add component (AddParameter): Name = "Test Frequency"; Value = "100kHz"; VariantName = "[No Variations]"
Add component (AddParameter): Name = "Tolerance"; Value = "20%"; VariantName = "[No Variations]"
Add component (AddParameter): Name = "Value"; Value = "22uH"; VariantName = "[No Variations]"
Added Component: Designator=L3(FP-PFL1609-MFG)
Add component (AddParameter): Name = "Ambient Temperature Range High"; Value = "+105°C"; VariantName = "[No Variations]"
Add component (AddParameter): Name = "Ambient Temperature Range Low"; Value = "-40°C"; VariantName = "[No Variations]"
Add component (AddParameter): Name = "Automotive"; Value = "Yes"; VariantName = "[No Variations]"
Add component (AddParameter): Name = "Automotive Grade"; Value = "Grade 1"; VariantName = "[No Variations]"
Add component (AddParameter): Name = "Category"; Value = "Ind"; VariantName = "[No Variations]"
Add component (AddParameter): Name = "ComponentLink2Description"; Value = "Datasheet"; VariantName = "[No Variations]"
Add component (AddParameter): Name = "ComponentLink2URL"; Value = "https://www.coilcraft.com/pdfs/pfl1609.pdf"; VariantName = "[No Variations]"
Add component (AddParameter): Name = "Composition"; Value = "Wirewound"; VariantName = "[No Variations]"
Add component (AddParameter): Name = "Core Material"; Value = "Composite"; VariantName = "[No Variations]"
Add component (AddParameter): Name = "Device Class L1"; Value = "Passive Components"; VariantName = "[No Variations]"
Add component (AddParameter): Name = "Device Class L2"; Value = "Inductors"; VariantName = "[No Variations]"
Add component (AddParameter): Name = "Device Class L3"; Value = "Fixed Inductors"; VariantName = "[No Variations]"
Add component (AddParameter): Name = "Height"; Value = "0.95mm"; VariantName = "[No Variations]"
Add component (AddParameter): Name = "Inductance"; Value = "0.56uH"; VariantName = "[No Variations]"
Add component (AddParameter): Name = "Lead Free"; Value = "Yes"; VariantName = "[No Variations]"
Add component (AddParameter): Name = "Manufacturer"; Value = "coilcraft"; VariantName = "[No Variations]"
Add component (AddParameter): Name = "Manufacturer Part Number"; Value = "PFL1609-561MEW"; VariantName = "[No Variations]"
Add component (AddParameter): Name = "Mouser Description"; Value = "Fixed Inductors PFL1609 Low Profile 0.56 uH 20 % 1.4 A"; VariantName = "[No Variations]"
Add component (AddParameter): Name = "Octopart"; Value = "https://octopart.com/pfl1609-561mew-coilcraft-20329171"; VariantName = "[No Variations]"
Add component (AddParameter): Name = "Package"; Value = "PFL1609"; VariantName = "[No Variations]"
Add component (AddParameter): Name = "Rms Current"; Value = "1100mA"; VariantName = "[No Variations]"
Add component (AddParameter): Name = "RoHS"; Value = "TRUE"; VariantName = "[No Variations]"
Add component (AddParameter): Name = "Saturation Current"; Value = "710mA"; VariantName = "[No Variations]"
Add component (AddParameter): Name = "Self Resonant Frequency"; Value = "600MHz"; VariantName = "[No Variations]"
Add component (AddParameter): Name = "Series Resistance"; Value = "130mO"; VariantName = "[No Variations]"
Add component (AddParameter): Name = "Shielding"; Value = "true"; VariantName = "[No Variations]"
Add component (AddParameter): Name = "Test Frequency"; Value = "7.9MHz"; VariantName = "[No Variations]"
Add component (AddParameter): Name = "Tolerance"; Value = "20%"; VariantName = "[No Variations]"
Add component (AddParameter): Name = "Value"; Value = "0.56uH"; VariantName = "[No Variations]"
Added Component: Designator=L4(BOUR-SRN8040-101M_V)
Add component (AddParameter): Name = "Brand/Series"; Value = "SRN8040Series"; VariantName = "[No Variations]"
Add component (AddParameter): Name = "Current, Rating"; Value = "1

A"; VariantName = "[No Variations]"
Add component (AddParameter): Name = "Datasheet URL"; Value = "http://www.produktinfo.conrad.com/datenblaetter/1000000-1099999/001056456-da-01-en-MAG_ABG_LEIST_IND_SRN8040_101M_100UH_SMD.pdf"; VariantName = "[No Variations]"
Add component (AddParameter): Name = "Datasheet Version"; Value = "08/2013"; VariantName = "[No Variations]"
Add component (AddParameter): Name = "Inductance"; Value = "100

µH"; VariantName = "[No Variations]"
Add component (AddParameter): Name = "Manufacturer"; Value = "Bourns"; VariantName = "[No Variations]"
Add component (AddParameter): Name = "Manufacturer URL"; Value = "http://www.bourns.com/"; VariantName = "[No Variations]"
Add component (AddParameter): Name = "Mounting Technology"; Value = "SurfaceMount"; VariantName = "[No Variations]"
Add component (AddParameter): Name = "Package Description"; Value = "2-Pin Surface Mount Device, Body 8 x 8 mm"; VariantName = "[No Variations]"
Add component (AddParameter): Name = "Package Reference"; Value = "SRN8040-101M"; VariantName = "[No Variations]"
Add component (AddParameter): Name = "Termination"; Value = "SMT"; VariantName = "[No Variations]"
Add component (AddParameter): Name = "Tolerance"; Value = "±20

%"; VariantName = "[No Variations]"
Add component (AddParameter): Name = "Type"; Value = "Power"; VariantName = "[No Variations]"
Added Component: Designator=L5(FP-1210POC-MFG)
Add component (AddParameter): Name = "Ambient Temperature Range High"; Value = "+125°C"; VariantName = "[No Variations]"
Add component (AddParameter): Name = "Ambient Temperature Range Low"; Value = "-40°C"; VariantName = "[No Variations]"
Add component (AddParameter): Name = "Automotive"; Value = "Yes"; VariantName = "[No Variations]"
Add component (AddParameter): Name = "Automotive Grade"; Value = "Grade 1"; VariantName = "[No Variations]"
Add component (AddParameter): Name = "Category"; Value = "Ind"; VariantName = "[No Variations]"
Add component (AddParameter): Name = "ComponentLink2Description"; Value = "Datasheet"; VariantName = "[No Variations]"
Add component (AddParameter): Name = "ComponentLink2URL"; Value = "https://drive.google.com/open?id=15FlOq8Y4YbRFohfA_cJ40jgnqs8va2Mh"; VariantName = "[No Variations]"
Add component (AddParameter): Name = "Core Material"; Value = "Ferrite"; VariantName = "[No Variations]"
Add component (AddParameter): Name = "Device Class L1"; Value = "Passive Components"; VariantName = "[No Variations]"
Add component (AddParameter): Name = "Device Class L2"; Value = "Inductors"; VariantName = "[No Variations]"
Add component (AddParameter): Name = "Device Class L3"; Value = "Fixed Inductors"; VariantName = "[No Variations]"
Add component (AddParameter): Name = "Height"; Value = "3mm"; VariantName = "[No Variations]"
Add component (AddParameter): Name = "Inductance"; Value = "22uH"; VariantName = "[No Variations]"
Add component (AddParameter): Name = "Lead Free"; Value = "Yes"; VariantName = "[No Variations]"
Add component (AddParameter): Name = "Manufacturer"; Value = "coilcraft"; VariantName = "[No Variations]"
Add component (AddParameter): Name = "Manufacturer Part Number"; Value = "1210POC-223MRC"; VariantName = "[No Variations]"
Add component (AddParameter): Name = "Octopart"; Value = "https://octopart.com/1210poc-223mrc-coilcraft-103207315"; VariantName = "[No Variations]"
Add component (AddParameter): Name = "Package"; Value = "1210POC"; VariantName = "[No Variations]"
Add component (AddParameter): Name = "Rms Current"; Value = "700mA"; VariantName = "[No Variations]"
Add component (AddParameter): Name = "RoHS"; Value = "TRUE"; VariantName = "[No Variations]"
Add component (AddParameter): Name = "Saturation Current"; Value = "720mA"; VariantName = "[No Variations]"
Add component (AddParameter): Name = "Self Resonant Frequency"; Value = "70MHz"; VariantName = "[No Variations]"
Add component (AddParameter): Name = "Series Resistance"; Value = "0.88O"; VariantName = "[No Variations]"
Add component (AddParameter): Name = "Test Frequency"; Value = "100kHz"; VariantName = "[No Variations]"
Add component (AddParameter): Name = "Tolerance"; Value = "20%"; VariantName = "[No Variations]"
Add component (AddParameter): Name = "Value"; Value = "22uH"; VariantName = "[No Variations]"
Added Component: Designator=L6(FP-PFL1609-MFG)
Add component (AddParameter): Name = "Ambient Temperature Range High"; Value = "+105°C"; VariantName = "[No Variations]"
Add component (AddParameter): Name = "Ambient Temperature Range Low"; Value = "-40°C"; VariantName = "[No Variations]"
Add component (AddParameter): Name = "Automotive"; Value = "Yes"; VariantName = "[No Variations]"
Add component (AddParameter): Name = "Automotive Grade"; Value = "Grade 1"; VariantName = "[No Variations]"
Add component (AddParameter): Name = "Category"; Value = "Ind"; VariantName = "[No Variations]"
Add component (AddParameter): Name = "ComponentLink2Description"; Value = "Datasheet"; VariantName = "[No Variations]"
Add component (AddParameter): Name = "ComponentLink2URL"; Value = "https://www.coilcraft.com/pdfs/pfl1609.pdf"; VariantName = "[No Variations]"
Add component (AddParameter): Name = "Composition"; Value = "Wirewound"; VariantName = "[No Variations]"
Add component (AddParameter): Name = "Core Material"; Value = "Composite"; VariantName = "[No Variations]"
Add component (AddParameter): Name = "Device Class L1"; Value = "Passive Components"; VariantName = "[No Variations]"
Add component (AddParameter): Name = "Device Class L2"; Value = "Inductors"; VariantName = "[No Variations]"
Add component (AddParameter): Name = "Device Class L3"; Value = "Fixed Inductors"; VariantName = "[No Variations]"
Add component (AddParameter): Name = "Height"; Value = "0.95mm"; VariantName = "[No Variations]"
Add component (AddParameter): Name = "Inductance"; Value = "0.56uH"; VariantName = "[No Variations]"
Add component (AddParameter): Name = "Lead Free"; Value = "Yes"; VariantName = "[No Variations]"
Add component (AddParameter): Name = "Manufacturer"; Value = "coilcraft"; VariantName = "[No Variations]"
Add component (AddParameter): Name = "Manufacturer Part Number"; Value = "PFL1609-561MEW"; VariantName = "[No Variations]"
Add component (AddParameter): Name = "Mouser Description"; Value = "Fixed Inductors PFL1609 Low Profile 0.56 uH 20 % 1.4 A"; VariantName = "[No Variations]"
Add component (AddParameter): Name = "Octopart"; Value = "https://octopart.com/pfl1609-561mew-coilcraft-20329171"; VariantName = "[No Variations]"
Add component (AddParameter): Name = "Package"; Value = "PFL1609"; VariantName = "[No Variations]"
Add component (AddParameter): Name = "Rms Current"; Value = "1100mA"; VariantName = "[No Variations]"
Add component (AddParameter): Name = "RoHS"; Value = "TRUE"; VariantName = "[No Variations]"
Add component (AddParameter): Name = "Saturation Current"; Value = "710mA"; VariantName = "[No Variations]"
Add component (AddParameter): Name = "Self Resonant Frequency"; Value = "600MHz"; VariantName = "[No Variations]"
Add component (AddParameter): Name = "Series Resistance"; Value = "130mO"; VariantName = "[No Variations]"
Add component (AddParameter): Name = "Shielding"; Value = "true"; VariantName = "[No Variations]"
Add component (AddParameter): Name = "Test Frequency"; Value = "7.9MHz"; VariantName = "[No Variations]"
Add component (AddParameter): Name = "Tolerance"; Value = "20%"; VariantName = "[No Variations]"
Add component (AddParameter): Name = "Value"; Value = "0.56uH"; VariantName = "[No Variations]"
Added Component: Designator=L7(BOUR-SRN8040-101M_V)
Add component (AddParameter): Name = "Brand/Series"; Value = "SRN8040Series"; VariantName = "[No Variations]"
Add component (AddParameter): Name = "Current, Rating"; Value = "1

A"; VariantName = "[No Variations]"
Add component (AddParameter): Name = "Datasheet URL"; Value = "http://www.produktinfo.conrad.com/datenblaetter/1000000-1099999/001056456-da-01-en-MAG_ABG_LEIST_IND_SRN8040_101M_100UH_SMD.pdf"; VariantName = "[No Variations]"
Add component (AddParameter): Name = "Datasheet Version"; Value = "08/2013"; VariantName = "[No Variations]"
Add component (AddParameter): Name = "Inductance"; Value = "100

µH"; VariantName = "[No Variations]"
Add component (AddParameter): Name = "Manufacturer"; Value = "Bourns"; VariantName = "[No Variations]"
Add component (AddParameter): Name = "Manufacturer URL"; Value = "http://www.bourns.com/"; VariantName = "[No Variations]"
Add component (AddParameter): Name = "Mounting Technology"; Value = "SurfaceMount"; VariantName = "[No Variations]"
Add component (AddParameter): Name = "Package Description"; Value = "2-Pin Surface Mount Device, Body 8 x 8 mm"; VariantName = "[No Variations]"
Add component (AddParameter): Name = "Package Reference"; Value = "SRN8040-101M"; VariantName = "[No Variations]"
Add component (AddParameter): Name = "Termination"; Value = "SMT"; VariantName = "[No Variations]"
Add component (AddParameter): Name = "Tolerance"; Value = "±20

%"; VariantName = "[No Variations]"
Add component (AddParameter): Name = "Type"; Value = "Power"; VariantName = "[No Variations]"
Added Component: Designator=L8(FP-1210POC-MFG)
Add component (AddParameter): Name = "Ambient Temperature Range High"; Value = "+125°C"; VariantName = "[No Variations]"
Add component (AddParameter): Name = "Ambient Temperature Range Low"; Value = "-40°C"; VariantName = "[No Variations]"
Add component (AddParameter): Name = "Automotive"; Value = "Yes"; VariantName = "[No Variations]"
Add component (AddParameter): Name = "Automotive Grade"; Value = "Grade 1"; VariantName = "[No Variations]"
Add component (AddParameter): Name = "Category"; Value = "Ind"; VariantName = "[No Variations]"
Add component (AddParameter): Name = "ComponentLink2Description"; Value = "Datasheet"; VariantName = "[No Variations]"
Add component (AddParameter): Name = "ComponentLink2URL"; Value = "https://drive.google.com/open?id=15FlOq8Y4YbRFohfA_cJ40jgnqs8va2Mh"; VariantName = "[No Variations]"
Add component (AddParameter): Name = "Core Material"; Value = "Ferrite"; VariantName = "[No Variations]"
Add component (AddParameter): Name = "Device Class L1"; Value = "Passive Components"; VariantName = "[No Variations]"
Add component (AddParameter): Name = "Device Class L2"; Value = "Inductors"; VariantName = "[No Variations]"
Add component (AddParameter): Name = "Device Class L3"; Value = "Fixed Inductors"; VariantName = "[No Variations]"
Add component (AddParameter): Name = "Height"; Value = "3mm"; VariantName = "[No Variations]"
Add component (AddParameter): Name = "Inductance"; Value = "22uH"; VariantName = "[No Variations]"
Add component (AddParameter): Name = "Lead Free"; Value = "Yes"; VariantName = "[No Variations]"
Add component (AddParameter): Name = "Manufacturer"; Value = "coilcraft"; VariantName = "[No Variations]"
Add component (AddParameter): Name = "Manufacturer Part Number"; Value = "1210POC-223MRC"; VariantName = "[No Variations]"
Add component (AddParameter): Name = "Octopart"; Value = "https://octopart.com/1210poc-223mrc-coilcraft-103207315"; VariantName = "[No Variations]"
Add component (AddParameter): Name = "Package"; Value = "1210POC"; VariantName = "[No Variations]"
Add component (AddParameter): Name = "Rms Current"; Value = "700mA"; VariantName = "[No Variations]"
Add component (AddParameter): Name = "RoHS"; Value = "TRUE"; VariantName = "[No Variations]"
Add component (AddParameter): Name = "Saturation Current"; Value = "720mA"; VariantName = "[No Variations]"
Add component (AddParameter): Name = "Self Resonant Frequency"; Value = "70MHz"; VariantName = "[No Variations]"
Add component (AddParameter): Name = "Series Resistance"; Value = "0.88O"; VariantName = "[No Variations]"
Add component (AddParameter): Name = "Test Frequency"; Value = "100kHz"; VariantName = "[No Variations]"
Add component (AddParameter): Name = "Tolerance"; Value = "20%"; VariantName = "[No Variations]"
Add component (AddParameter): Name = "Value"; Value = "22uH"; VariantName = "[No Variations]"
Added Component: Designator=L9(FP-PFL1609-MFG)
Add component (AddParameter): Name = "Ambient Temperature Range High"; Value = "+105°C"; VariantName = "[No Variations]"
Add component (AddParameter): Name = "Ambient Temperature Range Low"; Value = "-40°C"; VariantName = "[No Variations]"
Add component (AddParameter): Name = "Automotive"; Value = "Yes"; VariantName = "[No Variations]"
Add component (AddParameter): Name = "Automotive Grade"; Value = "Grade 1"; VariantName = "[No Variations]"
Add component (AddParameter): Name = "Category"; Value = "Ind"; VariantName = "[No Variations]"
Add component (AddParameter): Name = "ComponentLink2Description"; Value = "Datasheet"; VariantName = "[No Variations]"
Add component (AddParameter): Name = "ComponentLink2URL"; Value = "https://www.coilcraft.com/pdfs/pfl1609.pdf"; VariantName = "[No Variations]"
Add component (AddParameter): Name = "Composition"; Value = "Wirewound"; VariantName = "[No Variations]"
Add component (AddParameter): Name = "Core Material"; Value = "Composite"; VariantName = "[No Variations]"
Add component (AddParameter): Name = "Device Class L1"; Value = "Passive Components"; VariantName = "[No Variations]"
Add component (AddParameter): Name = "Device Class L2"; Value = "Inductors"; VariantName = "[No Variations]"
Add component (AddParameter): Name = "Device Class L3"; Value = "Fixed Inductors"; VariantName = "[No Variations]"
Add component (AddParameter): Name = "Height"; Value = "0.95mm"; VariantName = "[No Variations]"
Add component (AddParameter): Name = "Inductance"; Value = "0.56uH"; VariantName = "[No Variations]"
Add component (AddParameter): Name = "Lead Free"; Value = "Yes"; VariantName = "[No Variations]"
Add component (AddParameter): Name = "Manufacturer"; Value = "coilcraft"; VariantName = "[No Variations]"
Add component (AddParameter): Name = "Manufacturer Part Number"; Value = "PFL1609-561MEW"; VariantName = "[No Variations]"
Add component (AddParameter): Name = "Mouser Description"; Value = "Fixed Inductors PFL1609 Low Profile 0.56 uH 20 % 1.4 A"; VariantName = "[No Variations]"
Add component (AddParameter): Name = "Octopart"; Value = "https://octopart.com/pfl1609-561mew-coilcraft-20329171"; VariantName = "[No Variations]"
Add component (AddParameter): Name = "Package"; Value = "PFL1609"; VariantName = "[No Variations]"
Add component (AddParameter): Name = "Rms Current"; Value = "1100mA"; VariantName = "[No Variations]"
Add component (AddParameter): Name = "RoHS"; Value = "TRUE"; VariantName = "[No Variations]"
Add component (AddParameter): Name = "Saturation Current"; Value = "710mA"; VariantName = "[No Variations]"
Add component (AddParameter): Name = "Self Resonant Frequency"; Value = "600MHz"; VariantName = "[No Variations]"
Add component (AddParameter): Name = "Series Resistance"; Value = "130mO"; VariantName = "[No Variations]"
Add component (AddParameter): Name = "Shielding"; Value = "true"; VariantName = "[No Variations]"
Add component (AddParameter): Name = "Test Frequency"; Value = "7.9MHz"; VariantName = "[No Variations]"
Add component (AddParameter): Name = "Tolerance"; Value = "20%"; VariantName = "[No Variations]"
Add component (AddParameter): Name = "Value"; Value = "0.56uH"; VariantName = "[No Variations]"
Added Component: Designator=L10(BOUR-SRN8040-101M_V)
Add component (AddParameter): Name = "Brand/Series"; Value = "SRN8040Series"; VariantName = "[No Variations]"
Add component (AddParameter): Name = "Current, Rating"; Value = "1

A"; VariantName = "[No Variations]"
Add component (AddParameter): Name = "Datasheet URL"; Value = "http://www.produktinfo.conrad.com/datenblaetter/1000000-1099999/001056456-da-01-en-MAG_ABG_LEIST_IND_SRN8040_101M_100UH_SMD.pdf"; VariantName = "[No Variations]"
Add component (AddParameter): Name = "Datasheet Version"; Value = "08/2013"; VariantName = "[No Variations]"
Add component (AddParameter): Name = "Inductance"; Value = "100

µH"; VariantName = "[No Variations]"
Add component (AddParameter): Name = "Manufacturer"; Value = "Bourns"; VariantName = "[No Variations]"
Add component (AddParameter): Name = "Manufacturer URL"; Value = "http://www.bourns.com/"; VariantName = "[No Variations]"
Add component (AddParameter): Name = "Mounting Technology"; Value = "SurfaceMount"; VariantName = "[No Variations]"
Add component (AddParameter): Name = "Package Description"; Value = "2-Pin Surface Mount Device, Body 8 x 8 mm"; VariantName = "[No Variations]"
Add component (AddParameter): Name = "Package Reference"; Value = "SRN8040-101M"; VariantName = "[No Variations]"
Add component (AddParameter): Name = "Termination"; Value = "SMT"; VariantName = "[No Variations]"
Add component (AddParameter): Name = "Tolerance"; Value = "±20

%"; VariantName = "[No Variations]"
Add component (AddParameter): Name = "Type"; Value = "Power"; VariantName = "[No Variations]"
Added Component: Designator=L11(FP-1210POC-MFG)
Add component (AddParameter): Name = "Ambient Temperature Range High"; Value = "+125°C"; VariantName = "[No Variations]"
Add component (AddParameter): Name = "Ambient Temperature Range Low"; Value = "-40°C"; VariantName = "[No Variations]"
Add component (AddParameter): Name = "Automotive"; Value = "Yes"; VariantName = "[No Variations]"
Add component (AddParameter): Name = "Automotive Grade"; Value = "Grade 1"; VariantName = "[No Variations]"
Add component (AddParameter): Name = "Category"; Value = "Ind"; VariantName = "[No Variations]"
Add component (AddParameter): Name = "ComponentLink2Description"; Value = "Datasheet"; VariantName = "[No Variations]"
Add component (AddParameter): Name = "ComponentLink2URL"; Value = "https://drive.google.com/open?id=15FlOq8Y4YbRFohfA_cJ40jgnqs8va2Mh"; VariantName = "[No Variations]"
Add component (AddParameter): Name = "Core Material"; Value = "Ferrite"; VariantName = "[No Variations]"
Add component (AddParameter): Name = "Device Class L1"; Value = "Passive Components"; VariantName = "[No Variations]"
Add component (AddParameter): Name = "Device Class L2"; Value = "Inductors"; VariantName = "[No Variations]"
Add component (AddParameter): Name = "Device Class L3"; Value = "Fixed Inductors"; VariantName = "[No Variations]"
Add component (AddParameter): Name = "Height"; Value = "3mm"; VariantName = "[No Variations]"
Add component (AddParameter): Name = "Inductance"; Value = "22uH"; VariantName = "[No Variations]"
Add component (AddParameter): Name = "Lead Free"; Value = "Yes"; VariantName = "[No Variations]"
Add component (AddParameter): Name = "Manufacturer"; Value = "coilcraft"; VariantName = "[No Variations]"
Add component (AddParameter): Name = "Manufacturer Part Number"; Value = "1210POC-223MRC"; VariantName = "[No Variations]"
Add component (AddParameter): Name = "Octopart"; Value = "https://octopart.com/1210poc-223mrc-coilcraft-103207315"; VariantName = "[No Variations]"
Add component (AddParameter): Name = "Package"; Value = "1210POC"; VariantName = "[No Variations]"
Add component (AddParameter): Name = "Rms Current"; Value = "700mA"; VariantName = "[No Variations]"
Add component (AddParameter): Name = "RoHS"; Value = "TRUE"; VariantName = "[No Variations]"
Add component (AddParameter): Name = "Saturation Current"; Value = "720mA"; VariantName = "[No Variations]"
Add component (AddParameter): Name = "Self Resonant Frequency"; Value = "70MHz"; VariantName = "[No Variations]"
Add component (AddParameter): Name = "Series Resistance"; Value = "0.88O"; VariantName = "[No Variations]"
Add component (AddParameter): Name = "Test Frequency"; Value = "100kHz"; VariantName = "[No Variations]"
Add component (AddParameter): Name = "Tolerance"; Value = "20%"; VariantName = "[No Variations]"
Add component (AddParameter): Name = "Value"; Value = "22uH"; VariantName = "[No Variations]"
Added Component: Designator=L12(FP-PFL1609-MFG)
Add component (AddParameter): Name = "Ambient Temperature Range High"; Value = "+105°C"; VariantName = "[No Variations]"
Add component (AddParameter): Name = "Ambient Temperature Range Low"; Value = "-40°C"; VariantName = "[No Variations]"
Add component (AddParameter): Name = "Automotive"; Value = "Yes"; VariantName = "[No Variations]"
Add component (AddParameter): Name = "Automotive Grade"; Value = "Grade 1"; VariantName = "[No Variations]"
Add component (AddParameter): Name = "Category"; Value = "Ind"; VariantName = "[No Variations]"
Add component (AddParameter): Name = "ComponentLink2Description"; Value = "Datasheet"; VariantName = "[No Variations]"
Add component (AddParameter): Name = "ComponentLink2URL"; Value = "https://www.coilcraft.com/pdfs/pfl1609.pdf"; VariantName = "[No Variations]"
Add component (AddParameter): Name = "Composition"; Value = "Wirewound"; VariantName = "[No Variations]"
Add component (AddParameter): Name = "Core Material"; Value = "Composite"; VariantName = "[No Variations]"
Add component (AddParameter): Name = "Device Class L1"; Value = "Passive Components"; VariantName = "[No Variations]"
Add component (AddParameter): Name = "Device Class L2"; Value = "Inductors"; VariantName = "[No Variations]"
Add component (AddParameter): Name = "Device Class L3"; Value = "Fixed Inductors"; VariantName = "[No Variations]"
Add component (AddParameter): Name = "Height"; Value = "0.95mm"; VariantName = "[No Variations]"
Add component (AddParameter): Name = "Inductance"; Value = "0.56uH"; VariantName = "[No Variations]"
Add component (AddParameter): Name = "Lead Free"; Value = "Yes"; VariantName = "[No Variations]"
Add component (AddParameter): Name = "Manufacturer"; Value = "coilcraft"; VariantName = "[No Variations]"
Add component (AddParameter): Name = "Manufacturer Part Number"; Value = "PFL1609-561MEW"; VariantName = "[No Variations]"
Add component (AddParameter): Name = "Mouser Description"; Value = "Fixed Inductors PFL1609 Low Profile 0.56 uH 20 % 1.4 A"; VariantName = "[No Variations]"
Add component (AddParameter): Name = "Octopart"; Value = "https://octopart.com/pfl1609-561mew-coilcraft-20329171"; VariantName = "[No Variations]"
Add component (AddParameter): Name = "Package"; Value = "PFL1609"; VariantName = "[No Variations]"
Add component (AddParameter): Name = "Rms Current"; Value = "1100mA"; VariantName = "[No Variations]"
Add component (AddParameter): Name = "RoHS"; Value = "TRUE"; VariantName = "[No Variations]"
Add component (AddParameter): Name = "Saturation Current"; Value = "710mA"; VariantName = "[No Variations]"
Add component (AddParameter): Name = "Self Resonant Frequency"; Value = "600MHz"; VariantName = "[No Variations]"
Add component (AddParameter): Name = "Series Resistance"; Value = "130mO"; VariantName = "[No Variations]"
Add component (AddParameter): Name = "Shielding"; Value = "true"; VariantName = "[No Variations]"
Add component (AddParameter): Name = "Test Frequency"; Value = "7.9MHz"; VariantName = "[No Variations]"
Add component (AddParameter): Name = "Tolerance"; Value = "20%"; VariantName = "[No Variations]"
Add component (AddParameter): Name = "Value"; Value = "0.56uH"; VariantName = "[No Variations]"
Added Component: Designator=L13(FP-DG6045C-MFG)
Add component (AddParameter): Name = "Case/Package"; Value = "Nonstandard"; VariantName = "[No Variations]"
Add component (AddParameter): Name = "Core Material"; Value = "Ferrite"; VariantName = "[No Variations]"
Add component (AddParameter): Name = "Current Rating"; Value = "4.2A"; VariantName = "[No Variations]"
Add component (AddParameter): Name = "DC Resistance (DCR)"; Value = "26.4mR"; VariantName = "[No Variations]"
Add component (AddParameter): Name = "Height - Seated (Max)"; Value = "0.177inch"; VariantName = "[No Variations]"
Add component (AddParameter): Name = "Inductance"; Value = "3.9uH"; VariantName = "[No Variations]"
Add component (AddParameter): Name = "Length"; Value = "0.248inch"; VariantName = "[No Variations]"
Add component (AddParameter): Name = "Max Operating Temperature"; Value = "85°C"; VariantName = "[No Variations]"
Add component (AddParameter): Name = "Min Operating Temperature"; Value = "-40°C"; VariantName = "[No Variations]"
Add component (AddParameter): Name = "Mount"; Value = "Surface Mount"; VariantName = "[No Variations]"
Add component (AddParameter): Name = "Packaging"; Value = "Tape and Reel"; VariantName = "[No Variations]"
Add component (AddParameter): Name = "Resistor Type"; Value = "Wirewound"; VariantName = "[No Variations]"
Add component (AddParameter): Name = "Saturation Current"; Value = "4.7A"; VariantName = "[No Variations]"
Add component (AddParameter): Name = "Shielding"; Value = "Shielded"; VariantName = "[No Variations]"
Add component (AddParameter): Name = "Test Frequency"; Value = "100kHz"; VariantName = "[No Variations]"
Add component (AddParameter): Name = "Tolerance"; Value = "30%"; VariantName = "[No Variations]"
Add component (AddParameter): Name = "Width"; Value = "0.248inch"; VariantName = "[No Variations]"
Added Component: Designator=P1(TECO-5-146280-2_V)
Add component (AddParameter): Name = "Approvals"; Value = "CSA"; VariantName = "[No Variations]"
Add component (AddParameter): Name = "Board Standoff"; Value = "No(Without)"; VariantName = "[No Variations]"
Add component (AddParameter): Name = "Case\/Package"; Value = "100"; VariantName = "[No Variations]"
Add component (AddParameter): Name = "Colour"; Value = "Black"; VariantName = "[No Variations]"
Add component (AddParameter): Name = "Connector Type"; Value = "Header"; VariantName = "[No Variations]"
Add component (AddParameter): Name = "Contact Gender"; Value = "Male"; VariantName = "[No Variations]"
Add component (AddParameter): Name = "Contact Material"; Value = "CopperAlloy"; VariantName = "[No Variations]"
Add component (AddParameter): Name = "Contact Mating Length"; Value = "0.23inch"; VariantName = "[No Variations]"
Add component (AddParameter): Name = "Contact Plating"; Value = "Matte"; VariantName = "[No Variations]"
Add component (AddParameter): Name = "Contact Protection"; Value = "No(Without)"; VariantName = "[No Variations]"
Add component (AddParameter): Name = "Contact Shape"; Value = "Square"; VariantName = "[No Variations]"
Add component (AddParameter): Name = "Current Rating"; Value = "3A"; VariantName = "[No Variations]"
Add component (AddParameter): Name = "Datasheet URL"; Value = "http://www.te.com/commerce/DocumentDelivery/DDEController?Action=showdoc&DocId=Customer+Drawing%7F146280%7FH1%7Fpdf%7FEnglish%7FENG_CD_146280_H1.pdf%7F5-146280-2"; VariantName = "[No Variations]"
Add component (AddParameter): Name = "Datasheet Version"; Value = "Rev. H1, 08/2016"; VariantName = "[No Variations]"
Add component (AddParameter): Name = "Depth"; Value = "2.34mm"; VariantName = "[No Variations]"
Add component (AddParameter): Name = "Flammability Rating"; Value = "UL94V-0"; VariantName = "[No Variations]"
Add component (AddParameter): Name = "Gasket"; Value = "No(Without)"; VariantName = "[No Variations]"
Add component (AddParameter): Name = "High Speed Serial Data Connector"; Value = "No"; VariantName = "[No Variations]"
Add component (AddParameter): Name = "High Temperature Housing"; Value = "Yes"; VariantName = "[No Variations]"
Add component (AddParameter): Name = "Housing Colour"; Value = "Black"; VariantName = "[No Variations]"
Add component (AddParameter): Name = "Housing Material"; Value = "Polymer"; VariantName = "[No Variations]"
Add component (AddParameter): Name = "Keyed"; Value = "No"; VariantName = "[No Variations]"
Add component (AddParameter): Name = "Length"; Value = "4.67mm"; VariantName = "[No Variations]"
Add component (AddParameter): Name = "Manufacturer"; Value = "TE Connectivity"; VariantName = "[No Variations]"
Add component (AddParameter): Name = "Manufacturer URL"; Value = "http://www.te.com/"; VariantName = "[No Variations]"
Add component (AddParameter): Name = "Mating Alignment"; Value = "No(Without)"; VariantName = "[No Variations]"
Add component (AddParameter): Name = "Mating Connector Lock"; Value = "No(Without)"; VariantName = "[No Variations]"
Add component (AddParameter): Name = "Mating Post Length"; Value = "0.23inch"; VariantName = "[No Variations]"
Add component (AddParameter): Name = "Max Current Rating"; Value = "5A"; VariantName = "[No Variations]"
Add component (AddParameter): Name = "Max Operating Temperature"; Value = "105degC"; VariantName = "[No Variations]"
Add component (AddParameter): Name = "Min Operating Temperature"; Value = "-65degC"; VariantName = "[No Variations]"
Add component (AddParameter): Name = "Mount"; Value = "ThroughHole"; VariantName = "[No Variations]"
Add component (AddParameter): Name = "Mounting Technology"; Value = "ThroughHole"; VariantName = "[No Variations]"
Add component (AddParameter): Name = "Number of Contacts"; Value = "2"; VariantName = "[No Variations]"
Add component (AddParameter): Name = "Number of Positions"; Value = "2"; VariantName = "[No Variations]"
Add component (AddParameter): Name = "Number of Rows"; Value = "1"; VariantName = "[No Variations]"
Add component (AddParameter): Name = "Orientation"; Value = "Straight"; VariantName = "[No Variations]"
Add component (AddParameter): Name = "Package Description"; Value = "Male Header, Pitch 2.54 mm, 1 x 2 Position, Height 8.21 mm, Tail Length 3.05 mm"; VariantName = "[No Variations]"
Add component (AddParameter): Name = "Package Quantity"; Value = "500"; VariantName = "[No Variations]"
Add component (AddParameter): Name = "Package Reference"; Value = "5-146280-2"; VariantName = "[No Variations]"
Add component (AddParameter): Name = "Packaging"; Value = "Carton"; VariantName = "[No Variations]"
Add component (AddParameter): Name = "Panel Mount Retention"; Value = "No(Without)"; VariantName = "[No Variations]"
Add component (AddParameter): Name = "PCB Mount Retention"; Value = "Without"; VariantName = "[No Variations]"
Add component (AddParameter): Name = "PCB Mounting Orientation"; Value = "Vertical"; VariantName = "[No Variations]"
Add component (AddParameter): Name = "PCB Thickness"; Value = "0.063inch"; VariantName = "[No Variations]"
Add component (AddParameter): Name = "Pitch"; Value = "2.54mm"; VariantName = "[No Variations]"
Add component (AddParameter): Name = "Radiation Hardening"; Value = "No"; VariantName = "[No Variations]"
Add component (AddParameter): Name = "RoHSCompliant"; Value = "true"; VariantName = "[No Variations]"
Add component (AddParameter): Name = "Row Spacing"; Value = "2.54mm"; VariantName = "[No Variations]"
Add component (AddParameter): Name = "Selectively Loaded"; Value = "No(Without)"; VariantName = "[No Variations]"
Add component (AddParameter): Name = "Stabilizers"; Value = "No(Without)"; VariantName = "[No Variations]"
Add component (AddParameter): Name = "Termination"; Value = "ThroughHole"; VariantName = "[No Variations]"
Add component (AddParameter): Name = "Termination Post Length"; Value = "0.12inch"; VariantName = "[No Variations]"
Added Component: Designator=P2(TECO-5-146280-2_V)
Add component (AddParameter): Name = "Approvals"; Value = "CSA"; VariantName = "[No Variations]"
Add component (AddParameter): Name = "Board Standoff"; Value = "No(Without)"; VariantName = "[No Variations]"
Add component (AddParameter): Name = "Case\/Package"; Value = "100"; VariantName = "[No Variations]"
Add component (AddParameter): Name = "Colour"; Value = "Black"; VariantName = "[No Variations]"
Add component (AddParameter): Name = "Connector Type"; Value = "Header"; VariantName = "[No Variations]"
Add component (AddParameter): Name = "Contact Gender"; Value = "Male"; VariantName = "[No Variations]"
Add component (AddParameter): Name = "Contact Material"; Value = "CopperAlloy"; VariantName = "[No Variations]"
Add component (AddParameter): Name = "Contact Mating Length"; Value = "0.23inch"; VariantName = "[No Variations]"
Add component (AddParameter): Name = "Contact Plating"; Value = "Matte"; VariantName = "[No Variations]"
Add component (AddParameter): Name = "Contact Protection"; Value = "No(Without)"; VariantName = "[No Variations]"
Add component (AddParameter): Name = "Contact Shape"; Value = "Square"; VariantName = "[No Variations]"
Add component (AddParameter): Name = "Current Rating"; Value = "3A"; VariantName = "[No Variations]"
Add component (AddParameter): Name = "Datasheet URL"; Value = "http://www.te.com/commerce/DocumentDelivery/DDEController?Action=showdoc&DocId=Customer+Drawing%7F146280%7FH1%7Fpdf%7FEnglish%7FENG_CD_146280_H1.pdf%7F5-146280-2"; VariantName = "[No Variations]"
Add component (AddParameter): Name = "Datasheet Version"; Value = "Rev. H1, 08/2016"; VariantName = "[No Variations]"
Add component (AddParameter): Name = "Depth"; Value = "2.34mm"; VariantName = "[No Variations]"
Add component (AddParameter): Name = "Flammability Rating"; Value = "UL94V-0"; VariantName = "[No Variations]"
Add component (AddParameter): Name = "Gasket"; Value = "No(Without)"; VariantName = "[No Variations]"
Add component (AddParameter): Name = "High Speed Serial Data Connector"; Value = "No"; VariantName = "[No Variations]"
Add component (AddParameter): Name = "High Temperature Housing"; Value = "Yes"; VariantName = "[No Variations]"
Add component (AddParameter): Name = "Housing Colour"; Value = "Black"; VariantName = "[No Variations]"
Add component (AddParameter): Name = "Housing Material"; Value = "Polymer"; VariantName = "[No Variations]"
Add component (AddParameter): Name = "Keyed"; Value = "No"; VariantName = "[No Variations]"
Add component (AddParameter): Name = "Length"; Value = "4.67mm"; VariantName = "[No Variations]"
Add component (AddParameter): Name = "Manufacturer"; Value = "TE Connectivity"; VariantName = "[No Variations]"
Add component (AddParameter): Name = "Manufacturer URL"; Value = "http://www.te.com/"; VariantName = "[No Variations]"
Add component (AddParameter): Name = "Mating Alignment"; Value = "No(Without)"; VariantName = "[No Variations]"
Add component (AddParameter): Name = "Mating Connector Lock"; Value = "No(Without)"; VariantName = "[No Variations]"
Add component (AddParameter): Name = "Mating Post Length"; Value = "0.23inch"; VariantName = "[No Variations]"
Add component (AddParameter): Name = "Max Current Rating"; Value = "5A"; VariantName = "[No Variations]"
Add component (AddParameter): Name = "Max Operating Temperature"; Value = "105degC"; VariantName = "[No Variations]"
Add component (AddParameter): Name = "Min Operating Temperature"; Value = "-65degC"; VariantName = "[No Variations]"
Add component (AddParameter): Name = "Mount"; Value = "ThroughHole"; VariantName = "[No Variations]"
Add component (AddParameter): Name = "Mounting Technology"; Value = "ThroughHole"; VariantName = "[No Variations]"
Add component (AddParameter): Name = "Number of Contacts"; Value = "2"; VariantName = "[No Variations]"
Add component (AddParameter): Name = "Number of Positions"; Value = "2"; VariantName = "[No Variations]"
Add component (AddParameter): Name = "Number of Rows"; Value = "1"; VariantName = "[No Variations]"
Add component (AddParameter): Name = "Orientation"; Value = "Straight"; VariantName = "[No Variations]"
Add component (AddParameter): Name = "Package Description"; Value = "Male Header, Pitch 2.54 mm, 1 x 2 Position, Height 8.21 mm, Tail Length 3.05 mm"; VariantName = "[No Variations]"
Add component (AddParameter): Name = "Package Quantity"; Value = "500"; VariantName = "[No Variations]"
Add component (AddParameter): Name = "Package Reference"; Value = "5-146280-2"; VariantName = "[No Variations]"
Add component (AddParameter): Name = "Packaging"; Value = "Carton"; VariantName = "[No Variations]"
Add component (AddParameter): Name = "Panel Mount Retention"; Value = "No(Without)"; VariantName = "[No Variations]"
Add component (AddParameter): Name = "PCB Mount Retention"; Value = "Without"; VariantName = "[No Variations]"
Add component (AddParameter): Name = "PCB Mounting Orientation"; Value = "Vertical"; VariantName = "[No Variations]"
Add component (AddParameter): Name = "PCB Thickness"; Value = "0.063inch"; VariantName = "[No Variations]"
Add component (AddParameter): Name = "Pitch"; Value = "2.54mm"; VariantName = "[No Variations]"
Add component (AddParameter): Name = "Radiation Hardening"; Value = "No"; VariantName = "[No Variations]"
Add component (AddParameter): Name = "RoHSCompliant"; Value = "true"; VariantName = "[No Variations]"
Add component (AddParameter): Name = "Row Spacing"; Value = "2.54mm"; VariantName = "[No Variations]"
Add component (AddParameter): Name = "Selectively Loaded"; Value = "No(Without)"; VariantName = "[No Variations]"
Add component (AddParameter): Name = "Stabilizers"; Value = "No(Without)"; VariantName = "[No Variations]"
Add component (AddParameter): Name = "Termination"; Value = "ThroughHole"; VariantName = "[No Variations]"
Add component (AddParameter): Name = "Termination Post Length"; Value = "0.12inch"; VariantName = "[No Variations]"
Added Component: Designator=P3(TECO-5-146280-2_V)
Add component (AddParameter): Name = "Approvals"; Value = "CSA"; VariantName = "[No Variations]"
Add component (AddParameter): Name = "Board Standoff"; Value = "No(Without)"; VariantName = "[No Variations]"
Add component (AddParameter): Name = "Case\/Package"; Value = "100"; VariantName = "[No Variations]"
Add component (AddParameter): Name = "Colour"; Value = "Black"; VariantName = "[No Variations]"
Add component (AddParameter): Name = "Connector Type"; Value = "Header"; VariantName = "[No Variations]"
Add component (AddParameter): Name = "Contact Gender"; Value = "Male"; VariantName = "[No Variations]"
Add component (AddParameter): Name = "Contact Material"; Value = "CopperAlloy"; VariantName = "[No Variations]"
Add component (AddParameter): Name = "Contact Mating Length"; Value = "0.23inch"; VariantName = "[No Variations]"
Add component (AddParameter): Name = "Contact Plating"; Value = "Matte"; VariantName = "[No Variations]"
Add component (AddParameter): Name = "Contact Protection"; Value = "No(Without)"; VariantName = "[No Variations]"
Add component (AddParameter): Name = "Contact Shape"; Value = "Square"; VariantName = "[No Variations]"
Add component (AddParameter): Name = "Current Rating"; Value = "3A"; VariantName = "[No Variations]"
Add component (AddParameter): Name = "Datasheet URL"; Value = "http://www.te.com/commerce/DocumentDelivery/DDEController?Action=showdoc&DocId=Customer+Drawing%7F146280%7FH1%7Fpdf%7FEnglish%7FENG_CD_146280_H1.pdf%7F5-146280-2"; VariantName = "[No Variations]"
Add component (AddParameter): Name = "Datasheet Version"; Value = "Rev. H1, 08/2016"; VariantName = "[No Variations]"
Add component (AddParameter): Name = "Depth"; Value = "2.34mm"; VariantName = "[No Variations]"
Add component (AddParameter): Name = "Flammability Rating"; Value = "UL94V-0"; VariantName = "[No Variations]"
Add component (AddParameter): Name = "Gasket"; Value = "No(Without)"; VariantName = "[No Variations]"
Add component (AddParameter): Name = "High Speed Serial Data Connector"; Value = "No"; VariantName = "[No Variations]"
Add component (AddParameter): Name = "High Temperature Housing"; Value = "Yes"; VariantName = "[No Variations]"
Add component (AddParameter): Name = "Housing Colour"; Value = "Black"; VariantName = "[No Variations]"
Add component (AddParameter): Name = "Housing Material"; Value = "Polymer"; VariantName = "[No Variations]"
Add component (AddParameter): Name = "Keyed"; Value = "No"; VariantName = "[No Variations]"
Add component (AddParameter): Name = "Length"; Value = "4.67mm"; VariantName = "[No Variations]"
Add component (AddParameter): Name = "Manufacturer"; Value = "TE Connectivity"; VariantName = "[No Variations]"
Add component (AddParameter): Name = "Manufacturer URL"; Value = "http://www.te.com/"; VariantName = "[No Variations]"
Add component (AddParameter): Name = "Mating Alignment"; Value = "No(Without)"; VariantName = "[No Variations]"
Add component (AddParameter): Name = "Mating Connector Lock"; Value = "No(Without)"; VariantName = "[No Variations]"
Add component (AddParameter): Name = "Mating Post Length"; Value = "0.23inch"; VariantName = "[No Variations]"
Add component (AddParameter): Name = "Max Current Rating"; Value = "5A"; VariantName = "[No Variations]"
Add component (AddParameter): Name = "Max Operating Temperature"; Value = "105degC"; VariantName = "[No Variations]"
Add component (AddParameter): Name = "Min Operating Temperature"; Value = "-65degC"; VariantName = "[No Variations]"
Add component (AddParameter): Name = "Mount"; Value = "ThroughHole"; VariantName = "[No Variations]"
Add component (AddParameter): Name = "Mounting Technology"; Value = "ThroughHole"; VariantName = "[No Variations]"
Add component (AddParameter): Name = "Number of Contacts"; Value = "2"; VariantName = "[No Variations]"
Add component (AddParameter): Name = "Number of Positions"; Value = "2"; VariantName = "[No Variations]"
Add component (AddParameter): Name = "Number of Rows"; Value = "1"; VariantName = "[No Variations]"
Add component (AddParameter): Name = "Orientation"; Value = "Straight"; VariantName = "[No Variations]"
Add component (AddParameter): Name = "Package Description"; Value = "Male Header, Pitch 2.54 mm, 1 x 2 Position, Height 8.21 mm, Tail Length 3.05 mm"; VariantName = "[No Variations]"
Add component (AddParameter): Name = "Package Quantity"; Value = "500"; VariantName = "[No Variations]"
Add component (AddParameter): Name = "Package Reference"; Value = "5-146280-2"; VariantName = "[No Variations]"
Add component (AddParameter): Name = "Packaging"; Value = "Carton"; VariantName = "[No Variations]"
Add component (AddParameter): Name = "Panel Mount Retention"; Value = "No(Without)"; VariantName = "[No Variations]"
Add component (AddParameter): Name = "PCB Mount Retention"; Value = "Without"; VariantName = "[No Variations]"
Add component (AddParameter): Name = "PCB Mounting Orientation"; Value = "Vertical"; VariantName = "[No Variations]"
Add component (AddParameter): Name = "PCB Thickness"; Value = "0.063inch"; VariantName = "[No Variations]"
Add component (AddParameter): Name = "Pitch"; Value = "2.54mm"; VariantName = "[No Variations]"
Add component (AddParameter): Name = "Radiation Hardening"; Value = "No"; VariantName = "[No Variations]"
Add component (AddParameter): Name = "RoHSCompliant"; Value = "true"; VariantName = "[No Variations]"
Add component (AddParameter): Name = "Row Spacing"; Value = "2.54mm"; VariantName = "[No Variations]"
Add component (AddParameter): Name = "Selectively Loaded"; Value = "No(Without)"; VariantName = "[No Variations]"
Add component (AddParameter): Name = "Stabilizers"; Value = "No(Without)"; VariantName = "[No Variations]"
Add component (AddParameter): Name = "Termination"; Value = "ThroughHole"; VariantName = "[No Variations]"
Add component (AddParameter): Name = "Termination Post Length"; Value = "0.12inch"; VariantName = "[No Variations]"
Added Component: Designator=P4(TECO-5-146280-2_V)
Add component (AddParameter): Name = "Approvals"; Value = "CSA"; VariantName = "[No Variations]"
Add component (AddParameter): Name = "Board Standoff"; Value = "No(Without)"; VariantName = "[No Variations]"
Add component (AddParameter): Name = "Case\/Package"; Value = "100"; VariantName = "[No Variations]"
Add component (AddParameter): Name = "Colour"; Value = "Black"; VariantName = "[No Variations]"
Add component (AddParameter): Name = "Connector Type"; Value = "Header"; VariantName = "[No Variations]"
Add component (AddParameter): Name = "Contact Gender"; Value = "Male"; VariantName = "[No Variations]"
Add component (AddParameter): Name = "Contact Material"; Value = "CopperAlloy"; VariantName = "[No Variations]"
Add component (AddParameter): Name = "Contact Mating Length"; Value = "0.23inch"; VariantName = "[No Variations]"
Add component (AddParameter): Name = "Contact Plating"; Value = "Matte"; VariantName = "[No Variations]"
Add component (AddParameter): Name = "Contact Protection"; Value = "No(Without)"; VariantName = "[No Variations]"
Add component (AddParameter): Name = "Contact Shape"; Value = "Square"; VariantName = "[No Variations]"
Add component (AddParameter): Name = "Current Rating"; Value = "3A"; VariantName = "[No Variations]"
Add component (AddParameter): Name = "Datasheet URL"; Value = "http://www.te.com/commerce/DocumentDelivery/DDEController?Action=showdoc&DocId=Customer+Drawing%7F146280%7FH1%7Fpdf%7FEnglish%7FENG_CD_146280_H1.pdf%7F5-146280-2"; VariantName = "[No Variations]"
Add component (AddParameter): Name = "Datasheet Version"; Value = "Rev. H1, 08/2016"; VariantName = "[No Variations]"
Add component (AddParameter): Name = "Depth"; Value = "2.34mm"; VariantName = "[No Variations]"
Add component (AddParameter): Name = "Flammability Rating"; Value = "UL94V-0"; VariantName = "[No Variations]"
Add component (AddParameter): Name = "Gasket"; Value = "No(Without)"; VariantName = "[No Variations]"
Add component (AddParameter): Name = "High Speed Serial Data Connector"; Value = "No"; VariantName = "[No Variations]"
Add component (AddParameter): Name = "High Temperature Housing"; Value = "Yes"; VariantName = "[No Variations]"
Add component (AddParameter): Name = "Housing Colour"; Value = "Black"; VariantName = "[No Variations]"
Add component (AddParameter): Name = "Housing Material"; Value = "Polymer"; VariantName = "[No Variations]"
Add component (AddParameter): Name = "Keyed"; Value = "No"; VariantName = "[No Variations]"
Add component (AddParameter): Name = "Length"; Value = "4.67mm"; VariantName = "[No Variations]"
Add component (AddParameter): Name = "Manufacturer"; Value = "TE Connectivity"; VariantName = "[No Variations]"
Add component (AddParameter): Name = "Manufacturer URL"; Value = "http://www.te.com/"; VariantName = "[No Variations]"
Add component (AddParameter): Name = "Mating Alignment"; Value = "No(Without)"; VariantName = "[No Variations]"
Add component (AddParameter): Name = "Mating Connector Lock"; Value = "No(Without)"; VariantName = "[No Variations]"
Add component (AddParameter): Name = "Mating Post Length"; Value = "0.23inch"; VariantName = "[No Variations]"
Add component (AddParameter): Name = "Max Current Rating"; Value = "5A"; VariantName = "[No Variations]"
Add component (AddParameter): Name = "Max Operating Temperature"; Value = "105degC"; VariantName = "[No Variations]"
Add component (AddParameter): Name = "Min Operating Temperature"; Value = "-65degC"; VariantName = "[No Variations]"
Add component (AddParameter): Name = "Mount"; Value = "ThroughHole"; VariantName = "[No Variations]"
Add component (AddParameter): Name = "Mounting Technology"; Value = "ThroughHole"; VariantName = "[No Variations]"
Add component (AddParameter): Name = "Number of Contacts"; Value = "2"; VariantName = "[No Variations]"
Add component (AddParameter): Name = "Number of Positions"; Value = "2"; VariantName = "[No Variations]"
Add component (AddParameter): Name = "Number of Rows"; Value = "1"; VariantName = "[No Variations]"
Add component (AddParameter): Name = "Orientation"; Value = "Straight"; VariantName = "[No Variations]"
Add component (AddParameter): Name = "Package Description"; Value = "Male Header, Pitch 2.54 mm, 1 x 2 Position, Height 8.21 mm, Tail Length 3.05 mm"; VariantName = "[No Variations]"
Add component (AddParameter): Name = "Package Quantity"; Value = "500"; VariantName = "[No Variations]"
Add component (AddParameter): Name = "Package Reference"; Value = "5-146280-2"; VariantName = "[No Variations]"
Add component (AddParameter): Name = "Packaging"; Value = "Carton"; VariantName = "[No Variations]"
Add component (AddParameter): Name = "Panel Mount Retention"; Value = "No(Without)"; VariantName = "[No Variations]"
Add component (AddParameter): Name = "PCB Mount Retention"; Value = "Without"; VariantName = "[No Variations]"
Add component (AddParameter): Name = "PCB Mounting Orientation"; Value = "Vertical"; VariantName = "[No Variations]"
Add component (AddParameter): Name = "PCB Thickness"; Value = "0.063inch"; VariantName = "[No Variations]"
Add component (AddParameter): Name = "Pitch"; Value = "2.54mm"; VariantName = "[No Variations]"
Add component (AddParameter): Name = "Radiation Hardening"; Value = "No"; VariantName = "[No Variations]"
Add component (AddParameter): Name = "RoHSCompliant"; Value = "true"; VariantName = "[No Variations]"
Add component (AddParameter): Name = "Row Spacing"; Value = "2.54mm"; VariantName = "[No Variations]"
Add component (AddParameter): Name = "Selectively Loaded"; Value = "No(Without)"; VariantName = "[No Variations]"
Add component (AddParameter): Name = "Stabilizers"; Value = "No(Without)"; VariantName = "[No Variations]"
Add component (AddParameter): Name = "Termination"; Value = "ThroughHole"; VariantName = "[No Variations]"
Add component (AddParameter): Name = "Termination Post Length"; Value = "0.12inch"; VariantName = "[No Variations]"
Added Component: Designator=P5(TECO-5-146280-2_V)
Add component (AddParameter): Name = "Approvals"; Value = "CSA"; VariantName = "[No Variations]"
Add component (AddParameter): Name = "Board Standoff"; Value = "No(Without)"; VariantName = "[No Variations]"
Add component (AddParameter): Name = "Case\/Package"; Value = "100"; VariantName = "[No Variations]"
Add component (AddParameter): Name = "Colour"; Value = "Black"; VariantName = "[No Variations]"
Add component (AddParameter): Name = "Connector Type"; Value = "Header"; VariantName = "[No Variations]"
Add component (AddParameter): Name = "Contact Gender"; Value = "Male"; VariantName = "[No Variations]"
Add component (AddParameter): Name = "Contact Material"; Value = "CopperAlloy"; VariantName = "[No Variations]"
Add component (AddParameter): Name = "Contact Mating Length"; Value = "0.23inch"; VariantName = "[No Variations]"
Add component (AddParameter): Name = "Contact Plating"; Value = "Matte"; VariantName = "[No Variations]"
Add component (AddParameter): Name = "Contact Protection"; Value = "No(Without)"; VariantName = "[No Variations]"
Add component (AddParameter): Name = "Contact Shape"; Value = "Square"; VariantName = "[No Variations]"
Add component (AddParameter): Name = "Current Rating"; Value = "3A"; VariantName = "[No Variations]"
Add component (AddParameter): Name = "Datasheet URL"; Value = "http://www.te.com/commerce/DocumentDelivery/DDEController?Action=showdoc&DocId=Customer+Drawing%7F146280%7FH1%7Fpdf%7FEnglish%7FENG_CD_146280_H1.pdf%7F5-146280-2"; VariantName = "[No Variations]"
Add component (AddParameter): Name = "Datasheet Version"; Value = "Rev. H1, 08/2016"; VariantName = "[No Variations]"
Add component (AddParameter): Name = "Depth"; Value = "2.34mm"; VariantName = "[No Variations]"
Add component (AddParameter): Name = "Flammability Rating"; Value = "UL94V-0"; VariantName = "[No Variations]"
Add component (AddParameter): Name = "Gasket"; Value = "No(Without)"; VariantName = "[No Variations]"
Add component (AddParameter): Name = "High Speed Serial Data Connector"; Value = "No"; VariantName = "[No Variations]"
Add component (AddParameter): Name = "High Temperature Housing"; Value = "Yes"; VariantName = "[No Variations]"
Add component (AddParameter): Name = "Housing Colour"; Value = "Black"; VariantName = "[No Variations]"
Add component (AddParameter): Name = "Housing Material"; Value = "Polymer"; VariantName = "[No Variations]"
Add component (AddParameter): Name = "Keyed"; Value = "No"; VariantName = "[No Variations]"
Add component (AddParameter): Name = "Length"; Value = "4.67mm"; VariantName = "[No Variations]"
Add component (AddParameter): Name = "Manufacturer"; Value = "TE Connectivity"; VariantName = "[No Variations]"
Add component (AddParameter): Name = "Manufacturer URL"; Value = "http://www.te.com/"; VariantName = "[No Variations]"
Add component (AddParameter): Name = "Mating Alignment"; Value = "No(Without)"; VariantName = "[No Variations]"
Add component (AddParameter): Name = "Mating Connector Lock"; Value = "No(Without)"; VariantName = "[No Variations]"
Add component (AddParameter): Name = "Mating Post Length"; Value = "0.23inch"; VariantName = "[No Variations]"
Add component (AddParameter): Name = "Max Current Rating"; Value = "5A"; VariantName = "[No Variations]"
Add component (AddParameter): Name = "Max Operating Temperature"; Value = "105degC"; VariantName = "[No Variations]"
Add component (AddParameter): Name = "Min Operating Temperature"; Value = "-65degC"; VariantName = "[No Variations]"
Add component (AddParameter): Name = "Mount"; Value = "ThroughHole"; VariantName = "[No Variations]"
Add component (AddParameter): Name = "Mounting Technology"; Value = "ThroughHole"; VariantName = "[No Variations]"
Add component (AddParameter): Name = "Number of Contacts"; Value = "2"; VariantName = "[No Variations]"
Add component (AddParameter): Name = "Number of Positions"; Value = "2"; VariantName = "[No Variations]"
Add component (AddParameter): Name = "Number of Rows"; Value = "1"; VariantName = "[No Variations]"
Add component (AddParameter): Name = "Orientation"; Value = "Straight"; VariantName = "[No Variations]"
Add component (AddParameter): Name = "Package Description"; Value = "Male Header, Pitch 2.54 mm, 1 x 2 Position, Height 8.21 mm, Tail Length 3.05 mm"; VariantName = "[No Variations]"
Add component (AddParameter): Name = "Package Quantity"; Value = "500"; VariantName = "[No Variations]"
Add component (AddParameter): Name = "Package Reference"; Value = "5-146280-2"; VariantName = "[No Variations]"
Add component (AddParameter): Name = "Packaging"; Value = "Carton"; VariantName = "[No Variations]"
Add component (AddParameter): Name = "Panel Mount Retention"; Value = "No(Without)"; VariantName = "[No Variations]"
Add component (AddParameter): Name = "PCB Mount Retention"; Value = "Without"; VariantName = "[No Variations]"
Add component (AddParameter): Name = "PCB Mounting Orientation"; Value = "Vertical"; VariantName = "[No Variations]"
Add component (AddParameter): Name = "PCB Thickness"; Value = "0.063inch"; VariantName = "[No Variations]"
Add component (AddParameter): Name = "Pitch"; Value = "2.54mm"; VariantName = "[No Variations]"
Add component (AddParameter): Name = "Radiation Hardening"; Value = "No"; VariantName = "[No Variations]"
Add component (AddParameter): Name = "RoHSCompliant"; Value = "true"; VariantName = "[No Variations]"
Add component (AddParameter): Name = "Row Spacing"; Value = "2.54mm"; VariantName = "[No Variations]"
Add component (AddParameter): Name = "Selectively Loaded"; Value = "No(Without)"; VariantName = "[No Variations]"
Add component (AddParameter): Name = "Stabilizers"; Value = "No(Without)"; VariantName = "[No Variations]"
Add component (AddParameter): Name = "Termination"; Value = "ThroughHole"; VariantName = "[No Variations]"
Add component (AddParameter): Name = "Termination Post Length"; Value = "0.12inch"; VariantName = "[No Variations]"
Added Component: Designator=P6(TECO-5-146280-2_V)
Add component (AddParameter): Name = "Approvals"; Value = "CSA"; VariantName = "[No Variations]"
Add component (AddParameter): Name = "Board Standoff"; Value = "No(Without)"; VariantName = "[No Variations]"
Add component (AddParameter): Name = "Case\/Package"; Value = "100"; VariantName = "[No Variations]"
Add component (AddParameter): Name = "Colour"; Value = "Black"; VariantName = "[No Variations]"
Add component (AddParameter): Name = "Connector Type"; Value = "Header"; VariantName = "[No Variations]"
Add component (AddParameter): Name = "Contact Gender"; Value = "Male"; VariantName = "[No Variations]"
Add component (AddParameter): Name = "Contact Material"; Value = "CopperAlloy"; VariantName = "[No Variations]"
Add component (AddParameter): Name = "Contact Mating Length"; Value = "0.23inch"; VariantName = "[No Variations]"
Add component (AddParameter): Name = "Contact Plating"; Value = "Matte"; VariantName = "[No Variations]"
Add component (AddParameter): Name = "Contact Protection"; Value = "No(Without)"; VariantName = "[No Variations]"
Add component (AddParameter): Name = "Contact Shape"; Value = "Square"; VariantName = "[No Variations]"
Add component (AddParameter): Name = "Current Rating"; Value = "3A"; VariantName = "[No Variations]"
Add component (AddParameter): Name = "Datasheet URL"; Value = "http://www.te.com/commerce/DocumentDelivery/DDEController?Action=showdoc&DocId=Customer+Drawing%7F146280%7FH1%7Fpdf%7FEnglish%7FENG_CD_146280_H1.pdf%7F5-146280-2"; VariantName = "[No Variations]"
Add component (AddParameter): Name = "Datasheet Version"; Value = "Rev. H1, 08/2016"; VariantName = "[No Variations]"
Add component (AddParameter): Name = "Depth"; Value = "2.34mm"; VariantName = "[No Variations]"
Add component (AddParameter): Name = "Flammability Rating"; Value = "UL94V-0"; VariantName = "[No Variations]"
Add component (AddParameter): Name = "Gasket"; Value = "No(Without)"; VariantName = "[No Variations]"
Add component (AddParameter): Name = "High Speed Serial Data Connector"; Value = "No"; VariantName = "[No Variations]"
Add component (AddParameter): Name = "High Temperature Housing"; Value = "Yes"; VariantName = "[No Variations]"
Add component (AddParameter): Name = "Housing Colour"; Value = "Black"; VariantName = "[No Variations]"
Add component (AddParameter): Name = "Housing Material"; Value = "Polymer"; VariantName = "[No Variations]"
Add component (AddParameter): Name = "Keyed"; Value = "No"; VariantName = "[No Variations]"
Add component (AddParameter): Name = "Length"; Value = "4.67mm"; VariantName = "[No Variations]"
Add component (AddParameter): Name = "Manufacturer"; Value = "TE Connectivity"; VariantName = "[No Variations]"
Add component (AddParameter): Name = "Manufacturer URL"; Value = "http://www.te.com/"; VariantName = "[No Variations]"
Add component (AddParameter): Name = "Mating Alignment"; Value = "No(Without)"; VariantName = "[No Variations]"
Add component (AddParameter): Name = "Mating Connector Lock"; Value = "No(Without)"; VariantName = "[No Variations]"
Add component (AddParameter): Name = "Mating Post Length"; Value = "0.23inch"; VariantName = "[No Variations]"
Add component (AddParameter): Name = "Max Current Rating"; Value = "5A"; VariantName = "[No Variations]"
Add component (AddParameter): Name = "Max Operating Temperature"; Value = "105degC"; VariantName = "[No Variations]"
Add component (AddParameter): Name = "Min Operating Temperature"; Value = "-65degC"; VariantName = "[No Variations]"
Add component (AddParameter): Name = "Mount"; Value = "ThroughHole"; VariantName = "[No Variations]"
Add component (AddParameter): Name = "Mounting Technology"; Value = "ThroughHole"; VariantName = "[No Variations]"
Add component (AddParameter): Name = "Number of Contacts"; Value = "2"; VariantName = "[No Variations]"
Add component (AddParameter): Name = "Number of Positions"; Value = "2"; VariantName = "[No Variations]"
Add component (AddParameter): Name = "Number of Rows"; Value = "1"; VariantName = "[No Variations]"
Add component (AddParameter): Name = "Orientation"; Value = "Straight"; VariantName = "[No Variations]"
Add component (AddParameter): Name = "Package Description"; Value = "Male Header, Pitch 2.54 mm, 1 x 2 Position, Height 8.21 mm, Tail Length 3.05 mm"; VariantName = "[No Variations]"
Add component (AddParameter): Name = "Package Quantity"; Value = "500"; VariantName = "[No Variations]"
Add component (AddParameter): Name = "Package Reference"; Value = "5-146280-2"; VariantName = "[No Variations]"
Add component (AddParameter): Name = "Packaging"; Value = "Carton"; VariantName = "[No Variations]"
Add component (AddParameter): Name = "Panel Mount Retention"; Value = "No(Without)"; VariantName = "[No Variations]"
Add component (AddParameter): Name = "PCB Mount Retention"; Value = "Without"; VariantName = "[No Variations]"
Add component (AddParameter): Name = "PCB Mounting Orientation"; Value = "Vertical"; VariantName = "[No Variations]"
Add component (AddParameter): Name = "PCB Thickness"; Value = "0.063inch"; VariantName = "[No Variations]"
Add component (AddParameter): Name = "Pitch"; Value = "2.54mm"; VariantName = "[No Variations]"
Add component (AddParameter): Name = "Radiation Hardening"; Value = "No"; VariantName = "[No Variations]"
Add component (AddParameter): Name = "RoHSCompliant"; Value = "true"; VariantName = "[No Variations]"
Add component (AddParameter): Name = "Row Spacing"; Value = "2.54mm"; VariantName = "[No Variations]"
Add component (AddParameter): Name = "Selectively Loaded"; Value = "No(Without)"; VariantName = "[No Variations]"
Add component (AddParameter): Name = "Stabilizers"; Value = "No(Without)"; VariantName = "[No Variations]"
Add component (AddParameter): Name = "Termination"; Value = "ThroughHole"; VariantName = "[No Variations]"
Add component (AddParameter): Name = "Termination Post Length"; Value = "0.12inch"; VariantName = "[No Variations]"
Added Component: Designator=P7(TECO-5-146280-2_V)
Add component (AddParameter): Name = "Approvals"; Value = "CSA"; VariantName = "[No Variations]"
Add component (AddParameter): Name = "Board Standoff"; Value = "No(Without)"; VariantName = "[No Variations]"
Add component (AddParameter): Name = "Case\/Package"; Value = "100"; VariantName = "[No Variations]"
Add component (AddParameter): Name = "Colour"; Value = "Black"; VariantName = "[No Variations]"
Add component (AddParameter): Name = "Connector Type"; Value = "Header"; VariantName = "[No Variations]"
Add component (AddParameter): Name = "Contact Gender"; Value = "Male"; VariantName = "[No Variations]"
Add component (AddParameter): Name = "Contact Material"; Value = "CopperAlloy"; VariantName = "[No Variations]"
Add component (AddParameter): Name = "Contact Mating Length"; Value = "0.23inch"; VariantName = "[No Variations]"
Add component (AddParameter): Name = "Contact Plating"; Value = "Matte"; VariantName = "[No Variations]"
Add component (AddParameter): Name = "Contact Protection"; Value = "No(Without)"; VariantName = "[No Variations]"
Add component (AddParameter): Name = "Contact Shape"; Value = "Square"; VariantName = "[No Variations]"
Add component (AddParameter): Name = "Current Rating"; Value = "3A"; VariantName = "[No Variations]"
Add component (AddParameter): Name = "Datasheet URL"; Value = "http://www.te.com/commerce/DocumentDelivery/DDEController?Action=showdoc&DocId=Customer+Drawing%7F146280%7FH1%7Fpdf%7FEnglish%7FENG_CD_146280_H1.pdf%7F5-146280-2"; VariantName = "[No Variations]"
Add component (AddParameter): Name = "Datasheet Version"; Value = "Rev. H1, 08/2016"; VariantName = "[No Variations]"
Add component (AddParameter): Name = "Depth"; Value = "2.34mm"; VariantName = "[No Variations]"
Add component (AddParameter): Name = "Flammability Rating"; Value = "UL94V-0"; VariantName = "[No Variations]"
Add component (AddParameter): Name = "Gasket"; Value = "No(Without)"; VariantName = "[No Variations]"
Add component (AddParameter): Name = "High Speed Serial Data Connector"; Value = "No"; VariantName = "[No Variations]"
Add component (AddParameter): Name = "High Temperature Housing"; Value = "Yes"; VariantName = "[No Variations]"
Add component (AddParameter): Name = "Housing Colour"; Value = "Black"; VariantName = "[No Variations]"
Add component (AddParameter): Name = "Housing Material"; Value = "Polymer"; VariantName = "[No Variations]"
Add component (AddParameter): Name = "Keyed"; Value = "No"; VariantName = "[No Variations]"
Add component (AddParameter): Name = "Length"; Value = "4.67mm"; VariantName = "[No Variations]"
Add component (AddParameter): Name = "Manufacturer"; Value = "TE Connectivity"; VariantName = "[No Variations]"
Add component (AddParameter): Name = "Manufacturer URL"; Value = "http://www.te.com/"; VariantName = "[No Variations]"
Add component (AddParameter): Name = "Mating Alignment"; Value = "No(Without)"; VariantName = "[No Variations]"
Add component (AddParameter): Name = "Mating Connector Lock"; Value = "No(Without)"; VariantName = "[No Variations]"
Add component (AddParameter): Name = "Mating Post Length"; Value = "0.23inch"; VariantName = "[No Variations]"
Add component (AddParameter): Name = "Max Current Rating"; Value = "5A"; VariantName = "[No Variations]"
Add component (AddParameter): Name = "Max Operating Temperature"; Value = "105degC"; VariantName = "[No Variations]"
Add component (AddParameter): Name = "Min Operating Temperature"; Value = "-65degC"; VariantName = "[No Variations]"
Add component (AddParameter): Name = "Mount"; Value = "ThroughHole"; VariantName = "[No Variations]"
Add component (AddParameter): Name = "Mounting Technology"; Value = "ThroughHole"; VariantName = "[No Variations]"
Add component (AddParameter): Name = "Number of Contacts"; Value = "2"; VariantName = "[No Variations]"
Add component (AddParameter): Name = "Number of Positions"; Value = "2"; VariantName = "[No Variations]"
Add component (AddParameter): Name = "Number of Rows"; Value = "1"; VariantName = "[No Variations]"
Add component (AddParameter): Name = "Orientation"; Value = "Straight"; VariantName = "[No Variations]"
Add component (AddParameter): Name = "Package Description"; Value = "Male Header, Pitch 2.54 mm, 1 x 2 Position, Height 8.21 mm, Tail Length 3.05 mm"; VariantName = "[No Variations]"
Add component (AddParameter): Name = "Package Quantity"; Value = "500"; VariantName = "[No Variations]"
Add component (AddParameter): Name = "Package Reference"; Value = "5-146280-2"; VariantName = "[No Variations]"
Add component (AddParameter): Name = "Packaging"; Value = "Carton"; VariantName = "[No Variations]"
Add component (AddParameter): Name = "Panel Mount Retention"; Value = "No(Without)"; VariantName = "[No Variations]"
Add component (AddParameter): Name = "PCB Mount Retention"; Value = "Without"; VariantName = "[No Variations]"
Add component (AddParameter): Name = "PCB Mounting Orientation"; Value = "Vertical"; VariantName = "[No Variations]"
Add component (AddParameter): Name = "PCB Thickness"; Value = "0.063inch"; VariantName = "[No Variations]"
Add component (AddParameter): Name = "Pitch"; Value = "2.54mm"; VariantName = "[No Variations]"
Add component (AddParameter): Name = "Radiation Hardening"; Value = "No"; VariantName = "[No Variations]"
Add component (AddParameter): Name = "RoHSCompliant"; Value = "true"; VariantName = "[No Variations]"
Add component (AddParameter): Name = "Row Spacing"; Value = "2.54mm"; VariantName = "[No Variations]"
Add component (AddParameter): Name = "Selectively Loaded"; Value = "No(Without)"; VariantName = "[No Variations]"
Add component (AddParameter): Name = "Stabilizers"; Value = "No(Without)"; VariantName = "[No Variations]"
Add component (AddParameter): Name = "Termination"; Value = "ThroughHole"; VariantName = "[No Variations]"
Add component (AddParameter): Name = "Termination Post Length"; Value = "0.12inch"; VariantName = "[No Variations]"
Added Component: Designator=P8(TECO-5-146280-2_V)
Add component (AddParameter): Name = "Approvals"; Value = "CSA"; VariantName = "[No Variations]"
Add component (AddParameter): Name = "Board Standoff"; Value = "No(Without)"; VariantName = "[No Variations]"
Add component (AddParameter): Name = "Case\/Package"; Value = "100"; VariantName = "[No Variations]"
Add component (AddParameter): Name = "Colour"; Value = "Black"; VariantName = "[No Variations]"
Add component (AddParameter): Name = "Connector Type"; Value = "Header"; VariantName = "[No Variations]"
Add component (AddParameter): Name = "Contact Gender"; Value = "Male"; VariantName = "[No Variations]"
Add component (AddParameter): Name = "Contact Material"; Value = "CopperAlloy"; VariantName = "[No Variations]"
Add component (AddParameter): Name = "Contact Mating Length"; Value = "0.23inch"; VariantName = "[No Variations]"
Add component (AddParameter): Name = "Contact Plating"; Value = "Matte"; VariantName = "[No Variations]"
Add component (AddParameter): Name = "Contact Protection"; Value = "No(Without)"; VariantName = "[No Variations]"
Add component (AddParameter): Name = "Contact Shape"; Value = "Square"; VariantName = "[No Variations]"
Add component (AddParameter): Name = "Current Rating"; Value = "3A"; VariantName = "[No Variations]"
Add component (AddParameter): Name = "Datasheet URL"; Value = "http://www.te.com/commerce/DocumentDelivery/DDEController?Action=showdoc&DocId=Customer+Drawing%7F146280%7FH1%7Fpdf%7FEnglish%7FENG_CD_146280_H1.pdf%7F5-146280-2"; VariantName = "[No Variations]"
Add component (AddParameter): Name = "Datasheet Version"; Value = "Rev. H1, 08/2016"; VariantName = "[No Variations]"
Add component (AddParameter): Name = "Depth"; Value = "2.34mm"; VariantName = "[No Variations]"
Add component (AddParameter): Name = "Flammability Rating"; Value = "UL94V-0"; VariantName = "[No Variations]"
Add component (AddParameter): Name = "Gasket"; Value = "No(Without)"; VariantName = "[No Variations]"
Add component (AddParameter): Name = "High Speed Serial Data Connector"; Value = "No"; VariantName = "[No Variations]"
Add component (AddParameter): Name = "High Temperature Housing"; Value = "Yes"; VariantName = "[No Variations]"
Add component (AddParameter): Name = "Housing Colour"; Value = "Black"; VariantName = "[No Variations]"
Add component (AddParameter): Name = "Housing Material"; Value = "Polymer"; VariantName = "[No Variations]"
Add component (AddParameter): Name = "Keyed"; Value = "No"; VariantName = "[No Variations]"
Add component (AddParameter): Name = "Length"; Value = "4.67mm"; VariantName = "[No Variations]"
Add component (AddParameter): Name = "Manufacturer"; Value = "TE Connectivity"; VariantName = "[No Variations]"
Add component (AddParameter): Name = "Manufacturer URL"; Value = "http://www.te.com/"; VariantName = "[No Variations]"
Add component (AddParameter): Name = "Mating Alignment"; Value = "No(Without)"; VariantName = "[No Variations]"
Add component (AddParameter): Name = "Mating Connector Lock"; Value = "No(Without)"; VariantName = "[No Variations]"
Add component (AddParameter): Name = "Mating Post Length"; Value = "0.23inch"; VariantName = "[No Variations]"
Add component (AddParameter): Name = "Max Current Rating"; Value = "5A"; VariantName = "[No Variations]"
Add component (AddParameter): Name = "Max Operating Temperature"; Value = "105degC"; VariantName = "[No Variations]"
Add component (AddParameter): Name = "Min Operating Temperature"; Value = "-65degC"; VariantName = "[No Variations]"
Add component (AddParameter): Name = "Mount"; Value = "ThroughHole"; VariantName = "[No Variations]"
Add component (AddParameter): Name = "Mounting Technology"; Value = "ThroughHole"; VariantName = "[No Variations]"
Add component (AddParameter): Name = "Number of Contacts"; Value = "2"; VariantName = "[No Variations]"
Add component (AddParameter): Name = "Number of Positions"; Value = "2"; VariantName = "[No Variations]"
Add component (AddParameter): Name = "Number of Rows"; Value = "1"; VariantName = "[No Variations]"
Add component (AddParameter): Name = "Orientation"; Value = "Straight"; VariantName = "[No Variations]"
Add component (AddParameter): Name = "Package Description"; Value = "Male Header, Pitch 2.54 mm, 1 x 2 Position, Height 8.21 mm, Tail Length 3.05 mm"; VariantName = "[No Variations]"
Add component (AddParameter): Name = "Package Quantity"; Value = "500"; VariantName = "[No Variations]"
Add component (AddParameter): Name = "Package Reference"; Value = "5-146280-2"; VariantName = "[No Variations]"
Add component (AddParameter): Name = "Packaging"; Value = "Carton"; VariantName = "[No Variations]"
Add component (AddParameter): Name = "Panel Mount Retention"; Value = "No(Without)"; VariantName = "[No Variations]"
Add component (AddParameter): Name = "PCB Mount Retention"; Value = "Without"; VariantName = "[No Variations]"
Add component (AddParameter): Name = "PCB Mounting Orientation"; Value = "Vertical"; VariantName = "[No Variations]"
Add component (AddParameter): Name = "PCB Thickness"; Value = "0.063inch"; VariantName = "[No Variations]"
Add component (AddParameter): Name = "Pitch"; Value = "2.54mm"; VariantName = "[No Variations]"
Add component (AddParameter): Name = "Radiation Hardening"; Value = "No"; VariantName = "[No Variations]"
Add component (AddParameter): Name = "RoHSCompliant"; Value = "true"; VariantName = "[No Variations]"
Add component (AddParameter): Name = "Row Spacing"; Value = "2.54mm"; VariantName = "[No Variations]"
Add component (AddParameter): Name = "Selectively Loaded"; Value = "No(Without)"; VariantName = "[No Variations]"
Add component (AddParameter): Name = "Stabilizers"; Value = "No(Without)"; VariantName = "[No Variations]"
Add component (AddParameter): Name = "Termination"; Value = "ThroughHole"; VariantName = "[No Variations]"
Add component (AddParameter): Name = "Termination Post Length"; Value = "0.12inch"; VariantName = "[No Variations]"
Added Component: Designator=Q1(SISH615ADN-T1-GE3-Footprint-1)
Add component (AddParameter): Name = "Case/Package"; Value = ""; VariantName = "[No Variations]"
Add component (AddParameter): Name = "Component Type"; Value = "Standard"; VariantName = "[No Variations]"
Add component (AddParameter): Name = "Design Item ID"; Value = "CMP-013-00036-4"; VariantName = "[No Variations]"
Add component (AddParameter): Name = "Max Operating Temperature"; Value = ""; VariantName = "[No Variations]"
Add component (AddParameter): Name = "Min Operating Temperature"; Value = ""; VariantName = "[No Variations]"
Add component (AddParameter): Name = "Mounting Technology"; Value = ""; VariantName = "[No Variations]"
Add component (AddParameter): Name = "Pins"; Value = "5"; VariantName = "[No Variations]"
Add component (AddParameter): Name = "Power"; Value = ""; VariantName = "[No Variations]"
Add component (AddParameter): Name = "RoHS Compliant"; Value = ""; VariantName = "[No Variations]"
Add component (AddParameter): Name = "Source"; Value = "SISH615ADN-T1-GE3.SchLib"; VariantName = "[No Variations]"
Add component (AddParameter): Name = "Transistor Type"; Value = ""; VariantName = "[No Variations]"
Add component (AddParameter): Name = "Vgs (Max)"; Value = ""; VariantName = "[No Variations]"
Add component (AddParameter): Name = "Vgs(th) (Max) @ Id"; Value = ""; VariantName = "[No Variations]"
Added Component: Designator=Q2(SISH615ADN-T1-GE3-Footprint-1)
Add component (AddParameter): Name = "Case/Package"; Value = ""; VariantName = "[No Variations]"
Add component (AddParameter): Name = "Component Type"; Value = "Standard"; VariantName = "[No Variations]"
Add component (AddParameter): Name = "Design Item ID"; Value = "CMP-013-00036-4"; VariantName = "[No Variations]"
Add component (AddParameter): Name = "Max Operating Temperature"; Value = ""; VariantName = "[No Variations]"
Add component (AddParameter): Name = "Min Operating Temperature"; Value = ""; VariantName = "[No Variations]"
Add component (AddParameter): Name = "Mounting Technology"; Value = ""; VariantName = "[No Variations]"
Add component (AddParameter): Name = "Pins"; Value = "5"; VariantName = "[No Variations]"
Add component (AddParameter): Name = "Power"; Value = ""; VariantName = "[No Variations]"
Add component (AddParameter): Name = "RoHS Compliant"; Value = ""; VariantName = "[No Variations]"
Add component (AddParameter): Name = "Source"; Value = "SISH615ADN-T1-GE3.SchLib"; VariantName = "[No Variations]"
Add component (AddParameter): Name = "Transistor Type"; Value = ""; VariantName = "[No Variations]"
Add component (AddParameter): Name = "Vgs (Max)"; Value = ""; VariantName = "[No Variations]"
Add component (AddParameter): Name = "Vgs(th) (Max) @ Id"; Value = ""; VariantName = "[No Variations]"
Added Component: Designator=Q3(FAIR-SOT23-6_V)
Add component (AddParameter): Name = "Category"; Value = "MOSFET"; VariantName = "[No Variations]"
Add component (AddParameter): Name = "Channel Mode"; Value = "Enhancement"; VariantName = "[No Variations]"
Add component (AddParameter): Name = "Channel Type"; Value = "N"; VariantName = "[No Variations]"
Add component (AddParameter): Name = "Datasheet URL"; Value = "https://www.fairchildsemi.com/datasheets/FD/FDC6327C.pdf"; VariantName = "[No Variations]"
Add component (AddParameter): Name = "Datasheet Version"; Value = "Rev. E, 07/2000"; VariantName = "[No Variations]"
Add component (AddParameter): Name = "Manufacturer"; Value = "Fairchild"; VariantName = "[No Variations]"
Add component (AddParameter): Name = "Manufacturer URL"; Value = "https://www.fairchildsemi.com/"; VariantName = "[No Variations]"
Add component (AddParameter): Name = "Maximum Continuous Drain Current"; Value = "2.7@NChannel"; VariantName = "[No Variations]"
Add component (AddParameter): Name = "Maximum Drain Source Voltage"; Value = "20V"; VariantName = "[No Variations]"
Add component (AddParameter): Name = "Maximum Gate Source Voltage"; Value = "±8V"; VariantName = "[No Variations]"
Add component (AddParameter): Name = "Mounting"; Value = "SurfaceMount"; VariantName = "[No Variations]"
Add component (AddParameter): Name = "Operating Temperature"; Value = "-55to150degC"; VariantName = "[No Variations]"
Add component (AddParameter): Name = "Package"; Value = "6SuperSOT"; VariantName = "[No Variations]"
Add component (AddParameter): Name = "Package Description"; Value = "6-Pin Small Outline Transistor, Body 2.9 x 1.6 mm, Pitch 0.95 mm"; VariantName = "[No Variations]"
Add component (AddParameter): Name = "Package Reference"; Value = "SOT23-6"; VariantName = "[No Variations]"
Add component (AddParameter): Name = "Package URL"; Value = "https://www.fairchildsemi.com/package-drawings/MA/MA06A.pdf"; VariantName = "[No Variations]"
Add component (AddParameter): Name = "Package Version"; Value = "Rev. 5, 05/2015"; VariantName = "[No Variations]"
Add component (AddParameter): Name = "Packaging"; Value = "Tape&Reel"; VariantName = "[No Variations]"
Add component (AddParameter): Name = "Rad Hard"; Value = "No"; VariantName = "[No Variations]"
Add component (AddParameter): Name = "RDS-on"; Value = "80@4.5V@NChannel"; VariantName = "[No Variations]"
Add component (AddParameter): Name = "Typical Fall Time"; Value = "3@NChannel"; VariantName = "[No Variations]"
Add component (AddParameter): Name = "Typical Rise Time"; Value = "9@NChannel"; VariantName = "[No Variations]"
Add component (AddParameter): Name = "Typical Turn-Off Delay Time"; Value = "12@NChannel"; VariantName = "[No Variations]"
Add component (AddParameter): Name = "Typical Turn-On Delay Time"; Value = "5@NChannel"; VariantName = "[No Variations]"
Added Component: Designator=R1(R0603B)
Add component (AddParameter): Name = "Contact Finish"; Value = ""; VariantName = "[No Variations]"
Add component (AddParameter): Name = "FIT"; Value = ""; VariantName = "[No Variations]"
Add component (AddParameter): Name = "Materials"; Value = ""; VariantName = "[No Variations]"
Add component (AddParameter): Name = "Max Operating Temperature"; Value = ""; VariantName = "[No Variations]"
Add component (AddParameter): Name = "MFR"; Value = ""; VariantName = "[No Variations]"
Add component (AddParameter): Name = "MFR PN"; Value = ""; VariantName = "[No Variations]"
Add component (AddParameter): Name = "Min Operating Temperature"; Value = ""; VariantName = "[No Variations]"
Add component (AddParameter): Name = "Mounting Technology"; Value = ""; VariantName = "[No Variations]"
Add component (AddParameter): Name = "Note"; Value = ""; VariantName = "[No Variations]"
Add component (AddParameter): Name = "Package"; Value = ""; VariantName = "[No Variations]"
Add component (AddParameter): Name = "Pins"; Value = ""; VariantName = "[No Variations]"
Add component (AddParameter): Name = "Power"; Value = ""; VariantName = "[No Variations]"
Add component (AddParameter): Name = "Rating"; Value = ""; VariantName = "[No Variations]"
Add component (AddParameter): Name = "RoHS Compliant"; Value = ""; VariantName = "[No Variations]"
Add component (AddParameter): Name = "Temperature Coefficient"; Value = ""; VariantName = "[No Variations]"
Add component (AddParameter): Name = "Tolerance"; Value = ""; VariantName = "[No Variations]"
Add component (AddParameter): Name = "Type"; Value = ""; VariantName = "[No Variations]"
Add component (AddParameter): Name = "Value"; Value = "100k"; VariantName = "[No Variations]"
Add component (AddParameter): Name = "Voltage Rating"; Value = ""; VariantName = "[No Variations]"
Add component (AddParameter): Name = "Weight"; Value = ""; VariantName = "[No Variations]"
Added Component: Designator=R2(R0603B)
Add component (AddParameter): Name = "Contact Finish"; Value = ""; VariantName = "[No Variations]"
Add component (AddParameter): Name = "FIT"; Value = ""; VariantName = "[No Variations]"
Add component (AddParameter): Name = "Materials"; Value = ""; VariantName = "[No Variations]"
Add component (AddParameter): Name = "Max Operating Temperature"; Value = ""; VariantName = "[No Variations]"
Add component (AddParameter): Name = "MFR"; Value = ""; VariantName = "[No Variations]"
Add component (AddParameter): Name = "MFR PN"; Value = ""; VariantName = "[No Variations]"
Add component (AddParameter): Name = "Min Operating Temperature"; Value = ""; VariantName = "[No Variations]"
Add component (AddParameter): Name = "Mounting Technology"; Value = ""; VariantName = "[No Variations]"
Add component (AddParameter): Name = "Note"; Value = ""; VariantName = "[No Variations]"
Add component (AddParameter): Name = "Package"; Value = ""; VariantName = "[No Variations]"
Add component (AddParameter): Name = "Pins"; Value = ""; VariantName = "[No Variations]"
Add component (AddParameter): Name = "Power"; Value = ""; VariantName = "[No Variations]"
Add component (AddParameter): Name = "Rating"; Value = ""; VariantName = "[No Variations]"
Add component (AddParameter): Name = "RoHS Compliant"; Value = ""; VariantName = "[No Variations]"
Add component (AddParameter): Name = "Temperature Coefficient"; Value = ""; VariantName = "[No Variations]"
Add component (AddParameter): Name = "Tolerance"; Value = ""; VariantName = "[No Variations]"
Add component (AddParameter): Name = "Type"; Value = ""; VariantName = "[No Variations]"
Add component (AddParameter): Name = "Value"; Value = "100k"; VariantName = "[No Variations]"
Add component (AddParameter): Name = "Voltage Rating"; Value = ""; VariantName = "[No Variations]"
Add component (AddParameter): Name = "Weight"; Value = ""; VariantName = "[No Variations]"
Added Component: Designator=R3(R0603B)
Add component (AddParameter): Name = "Contact Finish"; Value = ""; VariantName = "[No Variations]"
Add component (AddParameter): Name = "FIT"; Value = ""; VariantName = "[No Variations]"
Add component (AddParameter): Name = "Materials"; Value = ""; VariantName = "[No Variations]"
Add component (AddParameter): Name = "Max Operating Temperature"; Value = ""; VariantName = "[No Variations]"
Add component (AddParameter): Name = "MFR"; Value = ""; VariantName = "[No Variations]"
Add component (AddParameter): Name = "MFR PN"; Value = ""; VariantName = "[No Variations]"
Add component (AddParameter): Name = "Min Operating Temperature"; Value = ""; VariantName = "[No Variations]"
Add component (AddParameter): Name = "Mounting Technology"; Value = ""; VariantName = "[No Variations]"
Add component (AddParameter): Name = "Note"; Value = ""; VariantName = "[No Variations]"
Add component (AddParameter): Name = "Package"; Value = ""; VariantName = "[No Variations]"
Add component (AddParameter): Name = "Pins"; Value = ""; VariantName = "[No Variations]"
Add component (AddParameter): Name = "Power"; Value = ""; VariantName = "[No Variations]"
Add component (AddParameter): Name = "Rating"; Value = ""; VariantName = "[No Variations]"
Add component (AddParameter): Name = "RoHS Compliant"; Value = ""; VariantName = "[No Variations]"
Add component (AddParameter): Name = "Temperature Coefficient"; Value = ""; VariantName = "[No Variations]"
Add component (AddParameter): Name = "Tolerance"; Value = ""; VariantName = "[No Variations]"
Add component (AddParameter): Name = "Type"; Value = ""; VariantName = "[No Variations]"
Add component (AddParameter): Name = "Value"; Value = ""; VariantName = "[No Variations]"
Add component (AddParameter): Name = "Voltage Rating"; Value = ""; VariantName = "[No Variations]"
Add component (AddParameter): Name = "Weight"; Value = ""; VariantName = "[No Variations]"
Added Component: Designator=R4(R0603B)
Add component (AddParameter): Name = "Contact Finish"; Value = ""; VariantName = "[No Variations]"
Add component (AddParameter): Name = "FIT"; Value = ""; VariantName = "[No Variations]"
Add component (AddParameter): Name = "Materials"; Value = ""; VariantName = "[No Variations]"
Add component (AddParameter): Name = "Max Operating Temperature"; Value = ""; VariantName = "[No Variations]"
Add component (AddParameter): Name = "MFR"; Value = ""; VariantName = "[No Variations]"
Add component (AddParameter): Name = "MFR PN"; Value = ""; VariantName = "[No Variations]"
Add component (AddParameter): Name = "Min Operating Temperature"; Value = ""; VariantName = "[No Variations]"
Add component (AddParameter): Name = "Mounting Technology"; Value = ""; VariantName = "[No Variations]"
Add component (AddParameter): Name = "Note"; Value = ""; VariantName = "[No Variations]"
Add component (AddParameter): Name = "Package"; Value = ""; VariantName = "[No Variations]"
Add component (AddParameter): Name = "Pins"; Value = ""; VariantName = "[No Variations]"
Add component (AddParameter): Name = "Power"; Value = ""; VariantName = "[No Variations]"
Add component (AddParameter): Name = "Rating"; Value = ""; VariantName = "[No Variations]"
Add component (AddParameter): Name = "RoHS Compliant"; Value = ""; VariantName = "[No Variations]"
Add component (AddParameter): Name = "Temperature Coefficient"; Value = ""; VariantName = "[No Variations]"
Add component (AddParameter): Name = "Tolerance"; Value = ""; VariantName = "[No Variations]"
Add component (AddParameter): Name = "Type"; Value = ""; VariantName = "[No Variations]"
Add component (AddParameter): Name = "Value"; Value = ""; VariantName = "[No Variations]"
Add component (AddParameter): Name = "Voltage Rating"; Value = ""; VariantName = "[No Variations]"
Add component (AddParameter): Name = "Weight"; Value = ""; VariantName = "[No Variations]"
Added Component: Designator=R5(R0603B)
Add component (AddParameter): Name = "Contact Finish"; Value = ""; VariantName = "[No Variations]"
Add component (AddParameter): Name = "FIT"; Value = ""; VariantName = "[No Variations]"
Add component (AddParameter): Name = "Materials"; Value = ""; VariantName = "[No Variations]"
Add component (AddParameter): Name = "Max Operating Temperature"; Value = ""; VariantName = "[No Variations]"
Add component (AddParameter): Name = "MFR"; Value = ""; VariantName = "[No Variations]"
Add component (AddParameter): Name = "MFR PN"; Value = ""; VariantName = "[No Variations]"
Add component (AddParameter): Name = "Min Operating Temperature"; Value = ""; VariantName = "[No Variations]"
Add component (AddParameter): Name = "Mounting Technology"; Value = ""; VariantName = "[No Variations]"
Add component (AddParameter): Name = "Note"; Value = ""; VariantName = "[No Variations]"
Add component (AddParameter): Name = "Package"; Value = ""; VariantName = "[No Variations]"
Add component (AddParameter): Name = "Pins"; Value = ""; VariantName = "[No Variations]"
Add component (AddParameter): Name = "Power"; Value = ""; VariantName = "[No Variations]"
Add component (AddParameter): Name = "Rating"; Value = ""; VariantName = "[No Variations]"
Add component (AddParameter): Name = "RoHS Compliant"; Value = ""; VariantName = "[No Variations]"
Add component (AddParameter): Name = "Temperature Coefficient"; Value = ""; VariantName = "[No Variations]"
Add component (AddParameter): Name = "Tolerance"; Value = ""; VariantName = "[No Variations]"
Add component (AddParameter): Name = "Type"; Value = ""; VariantName = "[No Variations]"
Add component (AddParameter): Name = "Value"; Value = ""; VariantName = "[No Variations]"
Add component (AddParameter): Name = "Voltage Rating"; Value = ""; VariantName = "[No Variations]"
Add component (AddParameter): Name = "Weight"; Value = ""; VariantName = "[No Variations]"
Added Component: Designator=R6(R0603B)
Add component (AddParameter): Name = "Contact Finish"; Value = ""; VariantName = "[No Variations]"
Add component (AddParameter): Name = "FIT"; Value = ""; VariantName = "[No Variations]"
Add component (AddParameter): Name = "Materials"; Value = ""; VariantName = "[No Variations]"
Add component (AddParameter): Name = "Max Operating Temperature"; Value = ""; VariantName = "[No Variations]"
Add component (AddParameter): Name = "MFR"; Value = ""; VariantName = "[No Variations]"
Add component (AddParameter): Name = "MFR PN"; Value = ""; VariantName = "[No Variations]"
Add component (AddParameter): Name = "Min Operating Temperature"; Value = ""; VariantName = "[No Variations]"
Add component (AddParameter): Name = "Mounting Technology"; Value = ""; VariantName = "[No Variations]"
Add component (AddParameter): Name = "Note"; Value = ""; VariantName = "[No Variations]"
Add component (AddParameter): Name = "Package"; Value = ""; VariantName = "[No Variations]"
Add component (AddParameter): Name = "Pins"; Value = ""; VariantName = "[No Variations]"
Add component (AddParameter): Name = "Power"; Value = ""; VariantName = "[No Variations]"
Add component (AddParameter): Name = "Rating"; Value = ""; VariantName = "[No Variations]"
Add component (AddParameter): Name = "RoHS Compliant"; Value = ""; VariantName = "[No Variations]"
Add component (AddParameter): Name = "Temperature Coefficient"; Value = ""; VariantName = "[No Variations]"
Add component (AddParameter): Name = "Tolerance"; Value = ""; VariantName = "[No Variations]"
Add component (AddParameter): Name = "Type"; Value = ""; VariantName = "[No Variations]"
Add component (AddParameter): Name = "Value"; Value = ""; VariantName = "[No Variations]"
Add component (AddParameter): Name = "Voltage Rating"; Value = ""; VariantName = "[No Variations]"
Add component (AddParameter): Name = "Weight"; Value = ""; VariantName = "[No Variations]"
Added Component: Designator=R7(R0603B)
Add component (AddParameter): Name = "Contact Finish"; Value = ""; VariantName = "[No Variations]"
Add component (AddParameter): Name = "FIT"; Value = ""; VariantName = "[No Variations]"
Add component (AddParameter): Name = "Materials"; Value = ""; VariantName = "[No Variations]"
Add component (AddParameter): Name = "Max Operating Temperature"; Value = ""; VariantName = "[No Variations]"
Add component (AddParameter): Name = "MFR"; Value = ""; VariantName = "[No Variations]"
Add component (AddParameter): Name = "MFR PN"; Value = ""; VariantName = "[No Variations]"
Add component (AddParameter): Name = "Min Operating Temperature"; Value = ""; VariantName = "[No Variations]"
Add component (AddParameter): Name = "Mounting Technology"; Value = ""; VariantName = "[No Variations]"
Add component (AddParameter): Name = "Note"; Value = ""; VariantName = "[No Variations]"
Add component (AddParameter): Name = "Package"; Value = ""; VariantName = "[No Variations]"
Add component (AddParameter): Name = "Pins"; Value = ""; VariantName = "[No Variations]"
Add component (AddParameter): Name = "Power"; Value = ""; VariantName = "[No Variations]"
Add component (AddParameter): Name = "Rating"; Value = ""; VariantName = "[No Variations]"
Add component (AddParameter): Name = "RoHS Compliant"; Value = ""; VariantName = "[No Variations]"
Add component (AddParameter): Name = "Temperature Coefficient"; Value = ""; VariantName = "[No Variations]"
Add component (AddParameter): Name = "Tolerance"; Value = ""; VariantName = "[No Variations]"
Add component (AddParameter): Name = "Type"; Value = ""; VariantName = "[No Variations]"
Add component (AddParameter): Name = "Value"; Value = ""; VariantName = "[No Variations]"
Add component (AddParameter): Name = "Voltage Rating"; Value = ""; VariantName = "[No Variations]"
Add component (AddParameter): Name = "Weight"; Value = ""; VariantName = "[No Variations]"
Added Component: Designator=R8(R0603B)
Add component (AddParameter): Name = "Contact Finish"; Value = ""; VariantName = "[No Variations]"
Add component (AddParameter): Name = "FIT"; Value = ""; VariantName = "[No Variations]"
Add component (AddParameter): Name = "Materials"; Value = ""; VariantName = "[No Variations]"
Add component (AddParameter): Name = "Max Operating Temperature"; Value = ""; VariantName = "[No Variations]"
Add component (AddParameter): Name = "MFR"; Value = ""; VariantName = "[No Variations]"
Add component (AddParameter): Name = "MFR PN"; Value = ""; VariantName = "[No Variations]"
Add component (AddParameter): Name = "Min Operating Temperature"; Value = ""; VariantName = "[No Variations]"
Add component (AddParameter): Name = "Mounting Technology"; Value = ""; VariantName = "[No Variations]"
Add component (AddParameter): Name = "Note"; Value = ""; VariantName = "[No Variations]"
Add component (AddParameter): Name = "Package"; Value = ""; VariantName = "[No Variations]"
Add component (AddParameter): Name = "Pins"; Value = ""; VariantName = "[No Variations]"
Add component (AddParameter): Name = "Power"; Value = ""; VariantName = "[No Variations]"
Add component (AddParameter): Name = "Rating"; Value = ""; VariantName = "[No Variations]"
Add component (AddParameter): Name = "RoHS Compliant"; Value = ""; VariantName = "[No Variations]"
Add component (AddParameter): Name = "Temperature Coefficient"; Value = ""; VariantName = "[No Variations]"
Add component (AddParameter): Name = "Tolerance"; Value = ""; VariantName = "[No Variations]"
Add component (AddParameter): Name = "Type"; Value = ""; VariantName = "[No Variations]"
Add component (AddParameter): Name = "Value"; Value = ""; VariantName = "[No Variations]"
Add component (AddParameter): Name = "Voltage Rating"; Value = ""; VariantName = "[No Variations]"
Add component (AddParameter): Name = "Weight"; Value = ""; VariantName = "[No Variations]"
Added Component: Designator=R9(R0603B)
Add component (AddParameter): Name = "Contact Finish"; Value = ""; VariantName = "[No Variations]"
Add component (AddParameter): Name = "FIT"; Value = ""; VariantName = "[No Variations]"
Add component (AddParameter): Name = "Materials"; Value = ""; VariantName = "[No Variations]"
Add component (AddParameter): Name = "Max Operating Temperature"; Value = ""; VariantName = "[No Variations]"
Add component (AddParameter): Name = "MFR"; Value = ""; VariantName = "[No Variations]"
Add component (AddParameter): Name = "MFR PN"; Value = ""; VariantName = "[No Variations]"
Add component (AddParameter): Name = "Min Operating Temperature"; Value = ""; VariantName = "[No Variations]"
Add component (AddParameter): Name = "Mounting Technology"; Value = ""; VariantName = "[No Variations]"
Add component (AddParameter): Name = "Note"; Value = ""; VariantName = "[No Variations]"
Add component (AddParameter): Name = "Package"; Value = ""; VariantName = "[No Variations]"
Add component (AddParameter): Name = "Pins"; Value = ""; VariantName = "[No Variations]"
Add component (AddParameter): Name = "Power"; Value = ""; VariantName = "[No Variations]"
Add component (AddParameter): Name = "Rating"; Value = ""; VariantName = "[No Variations]"
Add component (AddParameter): Name = "RoHS Compliant"; Value = ""; VariantName = "[No Variations]"
Add component (AddParameter): Name = "Temperature Coefficient"; Value = ""; VariantName = "[No Variations]"
Add component (AddParameter): Name = "Tolerance"; Value = ""; VariantName = "[No Variations]"
Add component (AddParameter): Name = "Type"; Value = ""; VariantName = "[No Variations]"
Add component (AddParameter): Name = "Value"; Value = ""; VariantName = "[No Variations]"
Add component (AddParameter): Name = "Voltage Rating"; Value = ""; VariantName = "[No Variations]"
Add component (AddParameter): Name = "Weight"; Value = ""; VariantName = "[No Variations]"
Added Component: Designator=R10(R0603B)
Add component (AddParameter): Name = "Contact Finish"; Value = ""; VariantName = "[No Variations]"
Add component (AddParameter): Name = "FIT"; Value = ""; VariantName = "[No Variations]"
Add component (AddParameter): Name = "Materials"; Value = ""; VariantName = "[No Variations]"
Add component (AddParameter): Name = "Max Operating Temperature"; Value = ""; VariantName = "[No Variations]"
Add component (AddParameter): Name = "MFR"; Value = ""; VariantName = "[No Variations]"
Add component (AddParameter): Name = "MFR PN"; Value = ""; VariantName = "[No Variations]"
Add component (AddParameter): Name = "Min Operating Temperature"; Value = ""; VariantName = "[No Variations]"
Add component (AddParameter): Name = "Mounting Technology"; Value = ""; VariantName = "[No Variations]"
Add component (AddParameter): Name = "Note"; Value = ""; VariantName = "[No Variations]"
Add component (AddParameter): Name = "Package"; Value = ""; VariantName = "[No Variations]"
Add component (AddParameter): Name = "Pins"; Value = ""; VariantName = "[No Variations]"
Add component (AddParameter): Name = "Power"; Value = ""; VariantName = "[No Variations]"
Add component (AddParameter): Name = "Rating"; Value = ""; VariantName = "[No Variations]"
Add component (AddParameter): Name = "RoHS Compliant"; Value = ""; VariantName = "[No Variations]"
Add component (AddParameter): Name = "Temperature Coefficient"; Value = ""; VariantName = "[No Variations]"
Add component (AddParameter): Name = "Tolerance"; Value = ""; VariantName = "[No Variations]"
Add component (AddParameter): Name = "Type"; Value = ""; VariantName = "[No Variations]"
Add component (AddParameter): Name = "Value"; Value = ""; VariantName = "[No Variations]"
Add component (AddParameter): Name = "Voltage Rating"; Value = ""; VariantName = "[No Variations]"
Add component (AddParameter): Name = "Weight"; Value = ""; VariantName = "[No Variations]"
Added Component: Designator=R11(R0603B)
Add component (AddParameter): Name = "Contact Finish"; Value = ""; VariantName = "[No Variations]"
Add component (AddParameter): Name = "FIT"; Value = ""; VariantName = "[No Variations]"
Add component (AddParameter): Name = "Materials"; Value = ""; VariantName = "[No Variations]"
Add component (AddParameter): Name = "Max Operating Temperature"; Value = ""; VariantName = "[No Variations]"
Add component (AddParameter): Name = "MFR"; Value = ""; VariantName = "[No Variations]"
Add component (AddParameter): Name = "MFR PN"; Value = ""; VariantName = "[No Variations]"
Add component (AddParameter): Name = "Min Operating Temperature"; Value = ""; VariantName = "[No Variations]"
Add component (AddParameter): Name = "Mounting Technology"; Value = ""; VariantName = "[No Variations]"
Add component (AddParameter): Name = "Note"; Value = ""; VariantName = "[No Variations]"
Add component (AddParameter): Name = "Package"; Value = ""; VariantName = "[No Variations]"
Add component (AddParameter): Name = "Pins"; Value = ""; VariantName = "[No Variations]"
Add component (AddParameter): Name = "Power"; Value = ""; VariantName = "[No Variations]"
Add component (AddParameter): Name = "Rating"; Value = ""; VariantName = "[No Variations]"
Add component (AddParameter): Name = "RoHS Compliant"; Value = ""; VariantName = "[No Variations]"
Add component (AddParameter): Name = "Temperature Coefficient"; Value = ""; VariantName = "[No Variations]"
Add component (AddParameter): Name = "Tolerance"; Value = ""; VariantName = "[No Variations]"
Add component (AddParameter): Name = "Type"; Value = ""; VariantName = "[No Variations]"
Add component (AddParameter): Name = "Value"; Value = ""; VariantName = "[No Variations]"
Add component (AddParameter): Name = "Voltage Rating"; Value = ""; VariantName = "[No Variations]"
Add component (AddParameter): Name = "Weight"; Value = ""; VariantName = "[No Variations]"
Added Component: Designator=R12(R0603B)
Add component (AddParameter): Name = "Contact Finish"; Value = ""; VariantName = "[No Variations]"
Add component (AddParameter): Name = "FIT"; Value = ""; VariantName = "[No Variations]"
Add component (AddParameter): Name = "Materials"; Value = ""; VariantName = "[No Variations]"
Add component (AddParameter): Name = "Max Operating Temperature"; Value = ""; VariantName = "[No Variations]"
Add component (AddParameter): Name = "MFR"; Value = ""; VariantName = "[No Variations]"
Add component (AddParameter): Name = "MFR PN"; Value = ""; VariantName = "[No Variations]"
Add component (AddParameter): Name = "Min Operating Temperature"; Value = ""; VariantName = "[No Variations]"
Add component (AddParameter): Name = "Mounting Technology"; Value = ""; VariantName = "[No Variations]"
Add component (AddParameter): Name = "Note"; Value = ""; VariantName = "[No Variations]"
Add component (AddParameter): Name = "Package"; Value = ""; VariantName = "[No Variations]"
Add component (AddParameter): Name = "Pins"; Value = ""; VariantName = "[No Variations]"
Add component (AddParameter): Name = "Power"; Value = ""; VariantName = "[No Variations]"
Add component (AddParameter): Name = "Rating"; Value = ""; VariantName = "[No Variations]"
Add component (AddParameter): Name = "RoHS Compliant"; Value = ""; VariantName = "[No Variations]"
Add component (AddParameter): Name = "Temperature Coefficient"; Value = ""; VariantName = "[No Variations]"
Add component (AddParameter): Name = "Tolerance"; Value = ""; VariantName = "[No Variations]"
Add component (AddParameter): Name = "Type"; Value = ""; VariantName = "[No Variations]"
Add component (AddParameter): Name = "Value"; Value = ""; VariantName = "[No Variations]"
Add component (AddParameter): Name = "Voltage Rating"; Value = ""; VariantName = "[No Variations]"
Add component (AddParameter): Name = "Weight"; Value = ""; VariantName = "[No Variations]"
Added Component: Designator=R13(R0603B)
Add component (AddParameter): Name = "Contact Finish"; Value = ""; VariantName = "[No Variations]"
Add component (AddParameter): Name = "FIT"; Value = ""; VariantName = "[No Variations]"
Add component (AddParameter): Name = "Materials"; Value = ""; VariantName = "[No Variations]"
Add component (AddParameter): Name = "Max Operating Temperature"; Value = ""; VariantName = "[No Variations]"
Add component (AddParameter): Name = "MFR"; Value = ""; VariantName = "[No Variations]"
Add component (AddParameter): Name = "MFR PN"; Value = ""; VariantName = "[No Variations]"
Add component (AddParameter): Name = "Min Operating Temperature"; Value = ""; VariantName = "[No Variations]"
Add component (AddParameter): Name = "Mounting Technology"; Value = ""; VariantName = "[No Variations]"
Add component (AddParameter): Name = "Note"; Value = ""; VariantName = "[No Variations]"
Add component (AddParameter): Name = "Package"; Value = ""; VariantName = "[No Variations]"
Add component (AddParameter): Name = "Pins"; Value = ""; VariantName = "[No Variations]"
Add component (AddParameter): Name = "Power"; Value = ""; VariantName = "[No Variations]"
Add component (AddParameter): Name = "Rating"; Value = ""; VariantName = "[No Variations]"
Add component (AddParameter): Name = "RoHS Compliant"; Value = ""; VariantName = "[No Variations]"
Add component (AddParameter): Name = "Temperature Coefficient"; Value = ""; VariantName = "[No Variations]"
Add component (AddParameter): Name = "Tolerance"; Value = ""; VariantName = "[No Variations]"
Add component (AddParameter): Name = "Type"; Value = ""; VariantName = "[No Variations]"
Add component (AddParameter): Name = "Value"; Value = ""; VariantName = "[No Variations]"
Add component (AddParameter): Name = "Voltage Rating"; Value = ""; VariantName = "[No Variations]"
Add component (AddParameter): Name = "Weight"; Value = ""; VariantName = "[No Variations]"
Added Component: Designator=R14(R1206B)
Add component (AddParameter): Name = "Contact Finish"; Value = ""; VariantName = "[No Variations]"
Add component (AddParameter): Name = "FIT"; Value = ""; VariantName = "[No Variations]"
Add component (AddParameter): Name = "Materials"; Value = ""; VariantName = "[No Variations]"
Add component (AddParameter): Name = "Max Operating Temperature"; Value = ""; VariantName = "[No Variations]"
Add component (AddParameter): Name = "MFR"; Value = ""; VariantName = "[No Variations]"
Add component (AddParameter): Name = "MFR PN"; Value = ""; VariantName = "[No Variations]"
Add component (AddParameter): Name = "Min Operating Temperature"; Value = ""; VariantName = "[No Variations]"
Add component (AddParameter): Name = "Mounting Technology"; Value = ""; VariantName = "[No Variations]"
Add component (AddParameter): Name = "Note"; Value = ""; VariantName = "[No Variations]"
Add component (AddParameter): Name = "Package"; Value = ""; VariantName = "[No Variations]"
Add component (AddParameter): Name = "Pins"; Value = ""; VariantName = "[No Variations]"
Add component (AddParameter): Name = "Power"; Value = ""; VariantName = "[No Variations]"
Add component (AddParameter): Name = "Rating"; Value = ""; VariantName = "[No Variations]"
Add component (AddParameter): Name = "RoHS Compliant"; Value = ""; VariantName = "[No Variations]"
Add component (AddParameter): Name = "Temperature Coefficient"; Value = ""; VariantName = "[No Variations]"
Add component (AddParameter): Name = "Tolerance"; Value = ""; VariantName = "[No Variations]"
Add component (AddParameter): Name = "Type"; Value = ""; VariantName = "[No Variations]"
Add component (AddParameter): Name = "Value"; Value = "100k"; VariantName = "[No Variations]"
Add component (AddParameter): Name = "Voltage Rating"; Value = ""; VariantName = "[No Variations]"
Add component (AddParameter): Name = "Weight"; Value = ""; VariantName = "[No Variations]"
Added Component: Designator=R15(R0603B)
Add component (AddParameter): Name = "Contact Finish"; Value = ""; VariantName = "[No Variations]"
Add component (AddParameter): Name = "FIT"; Value = ""; VariantName = "[No Variations]"
Add component (AddParameter): Name = "Materials"; Value = ""; VariantName = "[No Variations]"
Add component (AddParameter): Name = "Max Operating Temperature"; Value = ""; VariantName = "[No Variations]"
Add component (AddParameter): Name = "MFR"; Value = ""; VariantName = "[No Variations]"
Add component (AddParameter): Name = "MFR PN"; Value = ""; VariantName = "[No Variations]"
Add component (AddParameter): Name = "Min Operating Temperature"; Value = ""; VariantName = "[No Variations]"
Add component (AddParameter): Name = "Mounting Technology"; Value = ""; VariantName = "[No Variations]"
Add component (AddParameter): Name = "Note"; Value = ""; VariantName = "[No Variations]"
Add component (AddParameter): Name = "Package"; Value = ""; VariantName = "[No Variations]"
Add component (AddParameter): Name = "Pins"; Value = ""; VariantName = "[No Variations]"
Add component (AddParameter): Name = "Power"; Value = ""; VariantName = "[No Variations]"
Add component (AddParameter): Name = "Rating"; Value = ""; VariantName = "[No Variations]"
Add component (AddParameter): Name = "RoHS Compliant"; Value = ""; VariantName = "[No Variations]"
Add component (AddParameter): Name = "Temperature Coefficient"; Value = ""; VariantName = "[No Variations]"
Add component (AddParameter): Name = "Tolerance"; Value = ""; VariantName = "[No Variations]"
Add component (AddParameter): Name = "Type"; Value = ""; VariantName = "[No Variations]"
Add component (AddParameter): Name = "Value"; Value = ""; VariantName = "[No Variations]"
Add component (AddParameter): Name = "Voltage Rating"; Value = ""; VariantName = "[No Variations]"
Add component (AddParameter): Name = "Weight"; Value = ""; VariantName = "[No Variations]"
Added Component: Designator=R16(R0603B)
Add component (AddParameter): Name = "Contact Finish"; Value = ""; VariantName = "[No Variations]"
Add component (AddParameter): Name = "FIT"; Value = ""; VariantName = "[No Variations]"
Add component (AddParameter): Name = "Materials"; Value = ""; VariantName = "[No Variations]"
Add component (AddParameter): Name = "Max Operating Temperature"; Value = ""; VariantName = "[No Variations]"
Add component (AddParameter): Name = "MFR"; Value = ""; VariantName = "[No Variations]"
Add component (AddParameter): Name = "MFR PN"; Value = ""; VariantName = "[No Variations]"
Add component (AddParameter): Name = "Min Operating Temperature"; Value = ""; VariantName = "[No Variations]"
Add component (AddParameter): Name = "Mounting Technology"; Value = ""; VariantName = "[No Variations]"
Add component (AddParameter): Name = "Note"; Value = ""; VariantName = "[No Variations]"
Add component (AddParameter): Name = "Package"; Value = ""; VariantName = "[No Variations]"
Add component (AddParameter): Name = "Pins"; Value = ""; VariantName = "[No Variations]"
Add component (AddParameter): Name = "Power"; Value = ""; VariantName = "[No Variations]"
Add component (AddParameter): Name = "Rating"; Value = ""; VariantName = "[No Variations]"
Add component (AddParameter): Name = "RoHS Compliant"; Value = ""; VariantName = "[No Variations]"
Add component (AddParameter): Name = "Temperature Coefficient"; Value = ""; VariantName = "[No Variations]"
Add component (AddParameter): Name = "Tolerance"; Value = ""; VariantName = "[No Variations]"
Add component (AddParameter): Name = "Type"; Value = ""; VariantName = "[No Variations]"
Add component (AddParameter): Name = "Value"; Value = ""; VariantName = "[No Variations]"
Add component (AddParameter): Name = "Voltage Rating"; Value = ""; VariantName = "[No Variations]"
Add component (AddParameter): Name = "Weight"; Value = ""; VariantName = "[No Variations]"
Added Component: Designator=R17(R0603B)
Add component (AddParameter): Name = "Contact Finish"; Value = ""; VariantName = "[No Variations]"
Add component (AddParameter): Name = "FIT"; Value = ""; VariantName = "[No Variations]"
Add component (AddParameter): Name = "Materials"; Value = ""; VariantName = "[No Variations]"
Add component (AddParameter): Name = "Max Operating Temperature"; Value = ""; VariantName = "[No Variations]"
Add component (AddParameter): Name = "MFR"; Value = ""; VariantName = "[No Variations]"
Add component (AddParameter): Name = "MFR PN"; Value = ""; VariantName = "[No Variations]"
Add component (AddParameter): Name = "Min Operating Temperature"; Value = ""; VariantName = "[No Variations]"
Add component (AddParameter): Name = "Mounting Technology"; Value = ""; VariantName = "[No Variations]"
Add component (AddParameter): Name = "Note"; Value = ""; VariantName = "[No Variations]"
Add component (AddParameter): Name = "Package"; Value = ""; VariantName = "[No Variations]"
Add component (AddParameter): Name = "Pins"; Value = ""; VariantName = "[No Variations]"
Add component (AddParameter): Name = "Power"; Value = ""; VariantName = "[No Variations]"
Add component (AddParameter): Name = "Rating"; Value = ""; VariantName = "[No Variations]"
Add component (AddParameter): Name = "RoHS Compliant"; Value = ""; VariantName = "[No Variations]"
Add component (AddParameter): Name = "Temperature Coefficient"; Value = ""; VariantName = "[No Variations]"
Add component (AddParameter): Name = "Tolerance"; Value = ""; VariantName = "[No Variations]"
Add component (AddParameter): Name = "Type"; Value = ""; VariantName = "[No Variations]"
Add component (AddParameter): Name = "Value"; Value = ""; VariantName = "[No Variations]"
Add component (AddParameter): Name = "Voltage Rating"; Value = ""; VariantName = "[No Variations]"
Add component (AddParameter): Name = "Weight"; Value = ""; VariantName = "[No Variations]"
Added Component: Designator=R18(R0603B)
Add component (AddParameter): Name = "Contact Finish"; Value = ""; VariantName = "[No Variations]"
Add component (AddParameter): Name = "FIT"; Value = ""; VariantName = "[No Variations]"
Add component (AddParameter): Name = "Materials"; Value = ""; VariantName = "[No Variations]"
Add component (AddParameter): Name = "Max Operating Temperature"; Value = ""; VariantName = "[No Variations]"
Add component (AddParameter): Name = "MFR"; Value = ""; VariantName = "[No Variations]"
Add component (AddParameter): Name = "MFR PN"; Value = ""; VariantName = "[No Variations]"
Add component (AddParameter): Name = "Min Operating Temperature"; Value = ""; VariantName = "[No Variations]"
Add component (AddParameter): Name = "Mounting Technology"; Value = ""; VariantName = "[No Variations]"
Add component (AddParameter): Name = "Note"; Value = ""; VariantName = "[No Variations]"
Add component (AddParameter): Name = "Package"; Value = ""; VariantName = "[No Variations]"
Add component (AddParameter): Name = "Pins"; Value = ""; VariantName = "[No Variations]"
Add component (AddParameter): Name = "Power"; Value = ""; VariantName = "[No Variations]"
Add component (AddParameter): Name = "Rating"; Value = ""; VariantName = "[No Variations]"
Add component (AddParameter): Name = "RoHS Compliant"; Value = ""; VariantName = "[No Variations]"
Add component (AddParameter): Name = "Temperature Coefficient"; Value = ""; VariantName = "[No Variations]"
Add component (AddParameter): Name = "Tolerance"; Value = ""; VariantName = "[No Variations]"
Add component (AddParameter): Name = "Type"; Value = ""; VariantName = "[No Variations]"
Add component (AddParameter): Name = "Value"; Value = ""; VariantName = "[No Variations]"
Add component (AddParameter): Name = "Voltage Rating"; Value = ""; VariantName = "[No Variations]"
Add component (AddParameter): Name = "Weight"; Value = ""; VariantName = "[No Variations]"
Added Component: Designator=R19(R1206B)
Add component (AddParameter): Name = "Contact Finish"; Value = ""; VariantName = "[No Variations]"
Add component (AddParameter): Name = "FIT"; Value = ""; VariantName = "[No Variations]"
Add component (AddParameter): Name = "Materials"; Value = ""; VariantName = "[No Variations]"
Add component (AddParameter): Name = "Max Operating Temperature"; Value = ""; VariantName = "[No Variations]"
Add component (AddParameter): Name = "MFR"; Value = ""; VariantName = "[No Variations]"
Add component (AddParameter): Name = "MFR PN"; Value = ""; VariantName = "[No Variations]"
Add component (AddParameter): Name = "Min Operating Temperature"; Value = ""; VariantName = "[No Variations]"
Add component (AddParameter): Name = "Mounting Technology"; Value = ""; VariantName = "[No Variations]"
Add component (AddParameter): Name = "Note"; Value = ""; VariantName = "[No Variations]"
Add component (AddParameter): Name = "Package"; Value = ""; VariantName = "[No Variations]"
Add component (AddParameter): Name = "Pins"; Value = ""; VariantName = "[No Variations]"
Add component (AddParameter): Name = "Power"; Value = ""; VariantName = "[No Variations]"
Add component (AddParameter): Name = "Rating"; Value = ""; VariantName = "[No Variations]"
Add component (AddParameter): Name = "RoHS Compliant"; Value = ""; VariantName = "[No Variations]"
Add component (AddParameter): Name = "Temperature Coefficient"; Value = ""; VariantName = "[No Variations]"
Add component (AddParameter): Name = "Tolerance"; Value = ""; VariantName = "[No Variations]"
Add component (AddParameter): Name = "Type"; Value = ""; VariantName = "[No Variations]"
Add component (AddParameter): Name = "Value"; Value = "100k"; VariantName = "[No Variations]"
Add component (AddParameter): Name = "Voltage Rating"; Value = ""; VariantName = "[No Variations]"
Add component (AddParameter): Name = "Weight"; Value = ""; VariantName = "[No Variations]"
Added Component: Designator=R20(R0603B)
Add component (AddParameter): Name = "Contact Finish"; Value = ""; VariantName = "[No Variations]"
Add component (AddParameter): Name = "FIT"; Value = ""; VariantName = "[No Variations]"
Add component (AddParameter): Name = "Materials"; Value = ""; VariantName = "[No Variations]"
Add component (AddParameter): Name = "Max Operating Temperature"; Value = ""; VariantName = "[No Variations]"
Add component (AddParameter): Name = "MFR"; Value = ""; VariantName = "[No Variations]"
Add component (AddParameter): Name = "MFR PN"; Value = ""; VariantName = "[No Variations]"
Add component (AddParameter): Name = "Min Operating Temperature"; Value = ""; VariantName = "[No Variations]"
Add component (AddParameter): Name = "Mounting Technology"; Value = ""; VariantName = "[No Variations]"
Add component (AddParameter): Name = "Note"; Value = ""; VariantName = "[No Variations]"
Add component (AddParameter): Name = "Package"; Value = ""; VariantName = "[No Variations]"
Add component (AddParameter): Name = "Pins"; Value = ""; VariantName = "[No Variations]"
Add component (AddParameter): Name = "Power"; Value = ""; VariantName = "[No Variations]"
Add component (AddParameter): Name = "Rating"; Value = ""; VariantName = "[No Variations]"
Add component (AddParameter): Name = "RoHS Compliant"; Value = ""; VariantName = "[No Variations]"
Add component (AddParameter): Name = "Temperature Coefficient"; Value = ""; VariantName = "[No Variations]"
Add component (AddParameter): Name = "Tolerance"; Value = ""; VariantName = "[No Variations]"
Add component (AddParameter): Name = "Type"; Value = ""; VariantName = "[No Variations]"
Add component (AddParameter): Name = "Value"; Value = ""; VariantName = "[No Variations]"
Add component (AddParameter): Name = "Voltage Rating"; Value = ""; VariantName = "[No Variations]"
Add component (AddParameter): Name = "Weight"; Value = ""; VariantName = "[No Variations]"
Added Component: Designator=R21(R0603B)
Add component (AddParameter): Name = "Contact Finish"; Value = ""; VariantName = "[No Variations]"
Add component (AddParameter): Name = "FIT"; Value = ""; VariantName = "[No Variations]"
Add component (AddParameter): Name = "Materials"; Value = ""; VariantName = "[No Variations]"
Add component (AddParameter): Name = "Max Operating Temperature"; Value = ""; VariantName = "[No Variations]"
Add component (AddParameter): Name = "MFR"; Value = ""; VariantName = "[No Variations]"
Add component (AddParameter): Name = "MFR PN"; Value = ""; VariantName = "[No Variations]"
Add component (AddParameter): Name = "Min Operating Temperature"; Value = ""; VariantName = "[No Variations]"
Add component (AddParameter): Name = "Mounting Technology"; Value = ""; VariantName = "[No Variations]"
Add component (AddParameter): Name = "Note"; Value = ""; VariantName = "[No Variations]"
Add component (AddParameter): Name = "Package"; Value = ""; VariantName = "[No Variations]"
Add component (AddParameter): Name = "Pins"; Value = ""; VariantName = "[No Variations]"
Add component (AddParameter): Name = "Power"; Value = ""; VariantName = "[No Variations]"
Add component (AddParameter): Name = "Rating"; Value = ""; VariantName = "[No Variations]"
Add component (AddParameter): Name = "RoHS Compliant"; Value = ""; VariantName = "[No Variations]"
Add component (AddParameter): Name = "Temperature Coefficient"; Value = ""; VariantName = "[No Variations]"
Add component (AddParameter): Name = "Tolerance"; Value = ""; VariantName = "[No Variations]"
Add component (AddParameter): Name = "Type"; Value = ""; VariantName = "[No Variations]"
Add component (AddParameter): Name = "Value"; Value = ""; VariantName = "[No Variations]"
Add component (AddParameter): Name = "Voltage Rating"; Value = ""; VariantName = "[No Variations]"
Add component (AddParameter): Name = "Weight"; Value = ""; VariantName = "[No Variations]"
Added Component: Designator=R22(R0603B)
Add component (AddParameter): Name = "Contact Finish"; Value = ""; VariantName = "[No Variations]"
Add component (AddParameter): Name = "FIT"; Value = ""; VariantName = "[No Variations]"
Add component (AddParameter): Name = "Materials"; Value = ""; VariantName = "[No Variations]"
Add component (AddParameter): Name = "Max Operating Temperature"; Value = ""; VariantName = "[No Variations]"
Add component (AddParameter): Name = "MFR"; Value = ""; VariantName = "[No Variations]"
Add component (AddParameter): Name = "MFR PN"; Value = ""; VariantName = "[No Variations]"
Add component (AddParameter): Name = "Min Operating Temperature"; Value = ""; VariantName = "[No Variations]"
Add component (AddParameter): Name = "Mounting Technology"; Value = ""; VariantName = "[No Variations]"
Add component (AddParameter): Name = "Note"; Value = ""; VariantName = "[No Variations]"
Add component (AddParameter): Name = "Package"; Value = ""; VariantName = "[No Variations]"
Add component (AddParameter): Name = "Pins"; Value = ""; VariantName = "[No Variations]"
Add component (AddParameter): Name = "Power"; Value = ""; VariantName = "[No Variations]"
Add component (AddParameter): Name = "Rating"; Value = ""; VariantName = "[No Variations]"
Add component (AddParameter): Name = "RoHS Compliant"; Value = ""; VariantName = "[No Variations]"
Add component (AddParameter): Name = "Temperature Coefficient"; Value = ""; VariantName = "[No Variations]"
Add component (AddParameter): Name = "Tolerance"; Value = ""; VariantName = "[No Variations]"
Add component (AddParameter): Name = "Type"; Value = ""; VariantName = "[No Variations]"
Add component (AddParameter): Name = "Value"; Value = ""; VariantName = "[No Variations]"
Add component (AddParameter): Name = "Voltage Rating"; Value = ""; VariantName = "[No Variations]"
Add component (AddParameter): Name = "Weight"; Value = ""; VariantName = "[No Variations]"
Added Component: Designator=R23(R0603B)
Add component (AddParameter): Name = "Contact Finish"; Value = ""; VariantName = "[No Variations]"
Add component (AddParameter): Name = "FIT"; Value = ""; VariantName = "[No Variations]"
Add component (AddParameter): Name = "Materials"; Value = ""; VariantName = "[No Variations]"
Add component (AddParameter): Name = "Max Operating Temperature"; Value = ""; VariantName = "[No Variations]"
Add component (AddParameter): Name = "MFR"; Value = ""; VariantName = "[No Variations]"
Add component (AddParameter): Name = "MFR PN"; Value = ""; VariantName = "[No Variations]"
Add component (AddParameter): Name = "Min Operating Temperature"; Value = ""; VariantName = "[No Variations]"
Add component (AddParameter): Name = "Mounting Technology"; Value = ""; VariantName = "[No Variations]"
Add component (AddParameter): Name = "Note"; Value = ""; VariantName = "[No Variations]"
Add component (AddParameter): Name = "Package"; Value = ""; VariantName = "[No Variations]"
Add component (AddParameter): Name = "Pins"; Value = ""; VariantName = "[No Variations]"
Add component (AddParameter): Name = "Power"; Value = ""; VariantName = "[No Variations]"
Add component (AddParameter): Name = "Rating"; Value = ""; VariantName = "[No Variations]"
Add component (AddParameter): Name = "RoHS Compliant"; Value = ""; VariantName = "[No Variations]"
Add component (AddParameter): Name = "Temperature Coefficient"; Value = ""; VariantName = "[No Variations]"
Add component (AddParameter): Name = "Tolerance"; Value = ""; VariantName = "[No Variations]"
Add component (AddParameter): Name = "Type"; Value = ""; VariantName = "[No Variations]"
Add component (AddParameter): Name = "Value"; Value = ""; VariantName = "[No Variations]"
Add component (AddParameter): Name = "Voltage Rating"; Value = ""; VariantName = "[No Variations]"
Add component (AddParameter): Name = "Weight"; Value = ""; VariantName = "[No Variations]"
Added Component: Designator=R24(R0603B)
Add component (AddParameter): Name = "Contact Finish"; Value = ""; VariantName = "[No Variations]"
Add component (AddParameter): Name = "FIT"; Value = ""; VariantName = "[No Variations]"
Add component (AddParameter): Name = "Materials"; Value = ""; VariantName = "[No Variations]"
Add component (AddParameter): Name = "Max Operating Temperature"; Value = ""; VariantName = "[No Variations]"
Add component (AddParameter): Name = "MFR"; Value = ""; VariantName = "[No Variations]"
Add component (AddParameter): Name = "MFR PN"; Value = ""; VariantName = "[No Variations]"
Add component (AddParameter): Name = "Min Operating Temperature"; Value = ""; VariantName = "[No Variations]"
Add component (AddParameter): Name = "Mounting Technology"; Value = ""; VariantName = "[No Variations]"
Add component (AddParameter): Name = "Note"; Value = ""; VariantName = "[No Variations]"
Add component (AddParameter): Name = "Package"; Value = ""; VariantName = "[No Variations]"
Add component (AddParameter): Name = "Pins"; Value = ""; VariantName = "[No Variations]"
Add component (AddParameter): Name = "Power"; Value = ""; VariantName = "[No Variations]"
Add component (AddParameter): Name = "Rating"; Value = ""; VariantName = "[No Variations]"
Add component (AddParameter): Name = "RoHS Compliant"; Value = ""; VariantName = "[No Variations]"
Add component (AddParameter): Name = "Temperature Coefficient"; Value = ""; VariantName = "[No Variations]"
Add component (AddParameter): Name = "Tolerance"; Value = ""; VariantName = "[No Variations]"
Add component (AddParameter): Name = "Type"; Value = ""; VariantName = "[No Variations]"
Add component (AddParameter): Name = "Value"; Value = ""; VariantName = "[No Variations]"
Add component (AddParameter): Name = "Voltage Rating"; Value = ""; VariantName = "[No Variations]"
Add component (AddParameter): Name = "Weight"; Value = ""; VariantName = "[No Variations]"
Added Component: Designator=R25(R1206B)
Add component (AddParameter): Name = "Contact Finish"; Value = ""; VariantName = "[No Variations]"
Add component (AddParameter): Name = "FIT"; Value = ""; VariantName = "[No Variations]"
Add component (AddParameter): Name = "Materials"; Value = ""; VariantName = "[No Variations]"
Add component (AddParameter): Name = "Max Operating Temperature"; Value = ""; VariantName = "[No Variations]"
Add component (AddParameter): Name = "MFR"; Value = ""; VariantName = "[No Variations]"
Add component (AddParameter): Name = "MFR PN"; Value = ""; VariantName = "[No Variations]"
Add component (AddParameter): Name = "Min Operating Temperature"; Value = ""; VariantName = "[No Variations]"
Add component (AddParameter): Name = "Mounting Technology"; Value = ""; VariantName = "[No Variations]"
Add component (AddParameter): Name = "Note"; Value = ""; VariantName = "[No Variations]"
Add component (AddParameter): Name = "Package"; Value = ""; VariantName = "[No Variations]"
Add component (AddParameter): Name = "Pins"; Value = ""; VariantName = "[No Variations]"
Add component (AddParameter): Name = "Power"; Value = ""; VariantName = "[No Variations]"
Add component (AddParameter): Name = "Rating"; Value = ""; VariantName = "[No Variations]"
Add component (AddParameter): Name = "RoHS Compliant"; Value = ""; VariantName = "[No Variations]"
Add component (AddParameter): Name = "Temperature Coefficient"; Value = ""; VariantName = "[No Variations]"
Add component (AddParameter): Name = "Tolerance"; Value = ""; VariantName = "[No Variations]"
Add component (AddParameter): Name = "Type"; Value = ""; VariantName = "[No Variations]"
Add component (AddParameter): Name = "Value"; Value = "100k"; VariantName = "[No Variations]"
Add component (AddParameter): Name = "Voltage Rating"; Value = ""; VariantName = "[No Variations]"
Add component (AddParameter): Name = "Weight"; Value = ""; VariantName = "[No Variations]"
Added Component: Designator=R26(R0603B)
Add component (AddParameter): Name = "Contact Finish"; Value = ""; VariantName = "[No Variations]"
Add component (AddParameter): Name = "FIT"; Value = ""; VariantName = "[No Variations]"
Add component (AddParameter): Name = "Materials"; Value = ""; VariantName = "[No Variations]"
Add component (AddParameter): Name = "Max Operating Temperature"; Value = ""; VariantName = "[No Variations]"
Add component (AddParameter): Name = "MFR"; Value = ""; VariantName = "[No Variations]"
Add component (AddParameter): Name = "MFR PN"; Value = ""; VariantName = "[No Variations]"
Add component (AddParameter): Name = "Min Operating Temperature"; Value = ""; VariantName = "[No Variations]"
Add component (AddParameter): Name = "Mounting Technology"; Value = ""; VariantName = "[No Variations]"
Add component (AddParameter): Name = "Note"; Value = ""; VariantName = "[No Variations]"
Add component (AddParameter): Name = "Package"; Value = ""; VariantName = "[No Variations]"
Add component (AddParameter): Name = "Pins"; Value = ""; VariantName = "[No Variations]"
Add component (AddParameter): Name = "Power"; Value = ""; VariantName = "[No Variations]"
Add component (AddParameter): Name = "Rating"; Value = ""; VariantName = "[No Variations]"
Add component (AddParameter): Name = "RoHS Compliant"; Value = ""; VariantName = "[No Variations]"
Add component (AddParameter): Name = "Temperature Coefficient"; Value = ""; VariantName = "[No Variations]"
Add component (AddParameter): Name = "Tolerance"; Value = ""; VariantName = "[No Variations]"
Add component (AddParameter): Name = "Type"; Value = ""; VariantName = "[No Variations]"
Add component (AddParameter): Name = "Value"; Value = ""; VariantName = "[No Variations]"
Add component (AddParameter): Name = "Voltage Rating"; Value = ""; VariantName = "[No Variations]"
Add component (AddParameter): Name = "Weight"; Value = ""; VariantName = "[No Variations]"
Added Component: Designator=R27(R0603B)
Add component (AddParameter): Name = "Contact Finish"; Value = ""; VariantName = "[No Variations]"
Add component (AddParameter): Name = "FIT"; Value = ""; VariantName = "[No Variations]"
Add component (AddParameter): Name = "Materials"; Value = ""; VariantName = "[No Variations]"
Add component (AddParameter): Name = "Max Operating Temperature"; Value = ""; VariantName = "[No Variations]"
Add component (AddParameter): Name = "MFR"; Value = ""; VariantName = "[No Variations]"
Add component (AddParameter): Name = "MFR PN"; Value = ""; VariantName = "[No Variations]"
Add component (AddParameter): Name = "Min Operating Temperature"; Value = ""; VariantName = "[No Variations]"
Add component (AddParameter): Name = "Mounting Technology"; Value = ""; VariantName = "[No Variations]"
Add component (AddParameter): Name = "Note"; Value = ""; VariantName = "[No Variations]"
Add component (AddParameter): Name = "Package"; Value = ""; VariantName = "[No Variations]"
Add component (AddParameter): Name = "Pins"; Value = ""; VariantName = "[No Variations]"
Add component (AddParameter): Name = "Power"; Value = ""; VariantName = "[No Variations]"
Add component (AddParameter): Name = "Rating"; Value = ""; VariantName = "[No Variations]"
Add component (AddParameter): Name = "RoHS Compliant"; Value = ""; VariantName = "[No Variations]"
Add component (AddParameter): Name = "Temperature Coefficient"; Value = ""; VariantName = "[No Variations]"
Add component (AddParameter): Name = "Tolerance"; Value = ""; VariantName = "[No Variations]"
Add component (AddParameter): Name = "Type"; Value = ""; VariantName = "[No Variations]"
Add component (AddParameter): Name = "Value"; Value = ""; VariantName = "[No Variations]"
Add component (AddParameter): Name = "Voltage Rating"; Value = ""; VariantName = "[No Variations]"
Add component (AddParameter): Name = "Weight"; Value = ""; VariantName = "[No Variations]"
Added Component: Designator=R28(R1206B)
Add component (AddParameter): Name = "Contact Finish"; Value = ""; VariantName = "[No Variations]"
Add component (AddParameter): Name = "FIT"; Value = ""; VariantName = "[No Variations]"
Add component (AddParameter): Name = "Materials"; Value = ""; VariantName = "[No Variations]"
Add component (AddParameter): Name = "Max Operating Temperature"; Value = ""; VariantName = "[No Variations]"
Add component (AddParameter): Name = "MFR"; Value = ""; VariantName = "[No Variations]"
Add component (AddParameter): Name = "MFR PN"; Value = ""; VariantName = "[No Variations]"
Add component (AddParameter): Name = "Min Operating Temperature"; Value = ""; VariantName = "[No Variations]"
Add component (AddParameter): Name = "Mounting Technology"; Value = ""; VariantName = "[No Variations]"
Add component (AddParameter): Name = "Note"; Value = ""; VariantName = "[No Variations]"
Add component (AddParameter): Name = "Package"; Value = ""; VariantName = "[No Variations]"
Add component (AddParameter): Name = "Pins"; Value = ""; VariantName = "[No Variations]"
Add component (AddParameter): Name = "Power"; Value = ""; VariantName = "[No Variations]"
Add component (AddParameter): Name = "Rating"; Value = ""; VariantName = "[No Variations]"
Add component (AddParameter): Name = "RoHS Compliant"; Value = ""; VariantName = "[No Variations]"
Add component (AddParameter): Name = "Temperature Coefficient"; Value = ""; VariantName = "[No Variations]"
Add component (AddParameter): Name = "Tolerance"; Value = ""; VariantName = "[No Variations]"
Add component (AddParameter): Name = "Type"; Value = ""; VariantName = "[No Variations]"
Add component (AddParameter): Name = "Value"; Value = "100k"; VariantName = "[No Variations]"
Add component (AddParameter): Name = "Voltage Rating"; Value = ""; VariantName = "[No Variations]"
Add component (AddParameter): Name = "Weight"; Value = ""; VariantName = "[No Variations]"
Added Component: Designator=R29(R0603B)
Add component (AddParameter): Name = "Contact Finish"; Value = ""; VariantName = "[No Variations]"
Add component (AddParameter): Name = "FIT"; Value = ""; VariantName = "[No Variations]"
Add component (AddParameter): Name = "Materials"; Value = ""; VariantName = "[No Variations]"
Add component (AddParameter): Name = "Max Operating Temperature"; Value = ""; VariantName = "[No Variations]"
Add component (AddParameter): Name = "MFR"; Value = ""; VariantName = "[No Variations]"
Add component (AddParameter): Name = "MFR PN"; Value = ""; VariantName = "[No Variations]"
Add component (AddParameter): Name = "Min Operating Temperature"; Value = ""; VariantName = "[No Variations]"
Add component (AddParameter): Name = "Mounting Technology"; Value = ""; VariantName = "[No Variations]"
Add component (AddParameter): Name = "Note"; Value = ""; VariantName = "[No Variations]"
Add component (AddParameter): Name = "Package"; Value = ""; VariantName = "[No Variations]"
Add component (AddParameter): Name = "Pins"; Value = ""; VariantName = "[No Variations]"
Add component (AddParameter): Name = "Power"; Value = ""; VariantName = "[No Variations]"
Add component (AddParameter): Name = "Rating"; Value = ""; VariantName = "[No Variations]"
Add component (AddParameter): Name = "RoHS Compliant"; Value = ""; VariantName = "[No Variations]"
Add component (AddParameter): Name = "Temperature Coefficient"; Value = ""; VariantName = "[No Variations]"
Add component (AddParameter): Name = "Tolerance"; Value = ""; VariantName = "[No Variations]"
Add component (AddParameter): Name = "Type"; Value = ""; VariantName = "[No Variations]"
Add component (AddParameter): Name = "Value"; Value = ""; VariantName = "[No Variations]"
Add component (AddParameter): Name = "Voltage Rating"; Value = ""; VariantName = "[No Variations]"
Add component (AddParameter): Name = "Weight"; Value = ""; VariantName = "[No Variations]"
Added Component: Designator=R30(R0603B)
Add component (AddParameter): Name = "Contact Finish"; Value = ""; VariantName = "[No Variations]"
Add component (AddParameter): Name = "FIT"; Value = ""; VariantName = "[No Variations]"
Add component (AddParameter): Name = "Materials"; Value = ""; VariantName = "[No Variations]"
Add component (AddParameter): Name = "Max Operating Temperature"; Value = ""; VariantName = "[No Variations]"
Add component (AddParameter): Name = "MFR"; Value = ""; VariantName = "[No Variations]"
Add component (AddParameter): Name = "MFR PN"; Value = ""; VariantName = "[No Variations]"
Add component (AddParameter): Name = "Min Operating Temperature"; Value = ""; VariantName = "[No Variations]"
Add component (AddParameter): Name = "Mounting Technology"; Value = ""; VariantName = "[No Variations]"
Add component (AddParameter): Name = "Note"; Value = ""; VariantName = "[No Variations]"
Add component (AddParameter): Name = "Package"; Value = ""; VariantName = "[No Variations]"
Add component (AddParameter): Name = "Pins"; Value = ""; VariantName = "[No Variations]"
Add component (AddParameter): Name = "Power"; Value = ""; VariantName = "[No Variations]"
Add component (AddParameter): Name = "Rating"; Value = ""; VariantName = "[No Variations]"
Add component (AddParameter): Name = "RoHS Compliant"; Value = ""; VariantName = "[No Variations]"
Add component (AddParameter): Name = "Temperature Coefficient"; Value = ""; VariantName = "[No Variations]"
Add component (AddParameter): Name = "Tolerance"; Value = ""; VariantName = "[No Variations]"
Add component (AddParameter): Name = "Type"; Value = ""; VariantName = "[No Variations]"
Add component (AddParameter): Name = "Value"; Value = ""; VariantName = "[No Variations]"
Add component (AddParameter): Name = "Voltage Rating"; Value = ""; VariantName = "[No Variations]"
Add component (AddParameter): Name = "Weight"; Value = ""; VariantName = "[No Variations]"
Added Component: Designator=R31(R0603B)
Add component (AddParameter): Name = "Contact Finish"; Value = ""; VariantName = "[No Variations]"
Add component (AddParameter): Name = "FIT"; Value = ""; VariantName = "[No Variations]"
Add component (AddParameter): Name = "Materials"; Value = ""; VariantName = "[No Variations]"
Add component (AddParameter): Name = "Max Operating Temperature"; Value = ""; VariantName = "[No Variations]"
Add component (AddParameter): Name = "MFR"; Value = ""; VariantName = "[No Variations]"
Add component (AddParameter): Name = "MFR PN"; Value = ""; VariantName = "[No Variations]"
Add component (AddParameter): Name = "Min Operating Temperature"; Value = ""; VariantName = "[No Variations]"
Add component (AddParameter): Name = "Mounting Technology"; Value = ""; VariantName = "[No Variations]"
Add component (AddParameter): Name = "Note"; Value = ""; VariantName = "[No Variations]"
Add component (AddParameter): Name = "Package"; Value = ""; VariantName = "[No Variations]"
Add component (AddParameter): Name = "Pins"; Value = ""; VariantName = "[No Variations]"
Add component (AddParameter): Name = "Power"; Value = ""; VariantName = "[No Variations]"
Add component (AddParameter): Name = "Rating"; Value = ""; VariantName = "[No Variations]"
Add component (AddParameter): Name = "RoHS Compliant"; Value = ""; VariantName = "[No Variations]"
Add component (AddParameter): Name = "Temperature Coefficient"; Value = ""; VariantName = "[No Variations]"
Add component (AddParameter): Name = "Tolerance"; Value = ""; VariantName = "[No Variations]"
Add component (AddParameter): Name = "Type"; Value = ""; VariantName = "[No Variations]"
Add component (AddParameter): Name = "Value"; Value = "0"; VariantName = "[No Variations]"
Add component (AddParameter): Name = "Voltage Rating"; Value = ""; VariantName = "[No Variations]"
Add component (AddParameter): Name = "Weight"; Value = ""; VariantName = "[No Variations]"
Added Component: Designator=R32(R0603B)
Add component (AddParameter): Name = "Contact Finish"; Value = ""; VariantName = "[No Variations]"
Add component (AddParameter): Name = "FIT"; Value = ""; VariantName = "[No Variations]"
Add component (AddParameter): Name = "Materials"; Value = ""; VariantName = "[No Variations]"
Add component (AddParameter): Name = "Max Operating Temperature"; Value = ""; VariantName = "[No Variations]"
Add component (AddParameter): Name = "MFR"; Value = ""; VariantName = "[No Variations]"
Add component (AddParameter): Name = "MFR PN"; Value = ""; VariantName = "[No Variations]"
Add component (AddParameter): Name = "Min Operating Temperature"; Value = ""; VariantName = "[No Variations]"
Add component (AddParameter): Name = "Mounting Technology"; Value = ""; VariantName = "[No Variations]"
Add component (AddParameter): Name = "Note"; Value = ""; VariantName = "[No Variations]"
Add component (AddParameter): Name = "Package"; Value = ""; VariantName = "[No Variations]"
Add component (AddParameter): Name = "Pins"; Value = ""; VariantName = "[No Variations]"
Add component (AddParameter): Name = "Power"; Value = ""; VariantName = "[No Variations]"
Add component (AddParameter): Name = "Rating"; Value = ""; VariantName = "[No Variations]"
Add component (AddParameter): Name = "RoHS Compliant"; Value = ""; VariantName = "[No Variations]"
Add component (AddParameter): Name = "Temperature Coefficient"; Value = ""; VariantName = "[No Variations]"
Add component (AddParameter): Name = "Tolerance"; Value = ""; VariantName = "[No Variations]"
Add component (AddParameter): Name = "Type"; Value = ""; VariantName = "[No Variations]"
Add component (AddParameter): Name = "Value"; Value = "0"; VariantName = "[No Variations]"
Add component (AddParameter): Name = "Voltage Rating"; Value = ""; VariantName = "[No Variations]"
Add component (AddParameter): Name = "Weight"; Value = ""; VariantName = "[No Variations]"
Added Component: Designator=R33(R0603B)
Add component (AddParameter): Name = "Contact Finish"; Value = ""; VariantName = "[No Variations]"
Add component (AddParameter): Name = "FIT"; Value = ""; VariantName = "[No Variations]"
Add component (AddParameter): Name = "Materials"; Value = ""; VariantName = "[No Variations]"
Add component (AddParameter): Name = "Max Operating Temperature"; Value = ""; VariantName = "[No Variations]"
Add component (AddParameter): Name = "MFR"; Value = ""; VariantName = "[No Variations]"
Add component (AddParameter): Name = "MFR PN"; Value = ""; VariantName = "[No Variations]"
Add component (AddParameter): Name = "Min Operating Temperature"; Value = ""; VariantName = "[No Variations]"
Add component (AddParameter): Name = "Mounting Technology"; Value = ""; VariantName = "[No Variations]"
Add component (AddParameter): Name = "Note"; Value = ""; VariantName = "[No Variations]"
Add component (AddParameter): Name = "Package"; Value = ""; VariantName = "[No Variations]"
Add component (AddParameter): Name = "Pins"; Value = ""; VariantName = "[No Variations]"
Add component (AddParameter): Name = "Power"; Value = ""; VariantName = "[No Variations]"
Add component (AddParameter): Name = "Rating"; Value = ""; VariantName = "[No Variations]"
Add component (AddParameter): Name = "RoHS Compliant"; Value = ""; VariantName = "[No Variations]"
Add component (AddParameter): Name = "Temperature Coefficient"; Value = ""; VariantName = "[No Variations]"
Add component (AddParameter): Name = "Tolerance"; Value = ""; VariantName = "[No Variations]"
Add component (AddParameter): Name = "Type"; Value = ""; VariantName = "[No Variations]"
Add component (AddParameter): Name = "Value"; Value = "0"; VariantName = "[No Variations]"
Add component (AddParameter): Name = "Voltage Rating"; Value = ""; VariantName = "[No Variations]"
Add component (AddParameter): Name = "Weight"; Value = ""; VariantName = "[No Variations]"
Added Component: Designator=R34(R0603B)
Add component (AddParameter): Name = "Contact Finish"; Value = ""; VariantName = "[No Variations]"
Add component (AddParameter): Name = "FIT"; Value = ""; VariantName = "[No Variations]"
Add component (AddParameter): Name = "Materials"; Value = ""; VariantName = "[No Variations]"
Add component (AddParameter): Name = "Max Operating Temperature"; Value = ""; VariantName = "[No Variations]"
Add component (AddParameter): Name = "MFR"; Value = ""; VariantName = "[No Variations]"
Add component (AddParameter): Name = "MFR PN"; Value = ""; VariantName = "[No Variations]"
Add component (AddParameter): Name = "Min Operating Temperature"; Value = ""; VariantName = "[No Variations]"
Add component (AddParameter): Name = "Mounting Technology"; Value = ""; VariantName = "[No Variations]"
Add component (AddParameter): Name = "Note"; Value = ""; VariantName = "[No Variations]"
Add component (AddParameter): Name = "Package"; Value = ""; VariantName = "[No Variations]"
Add component (AddParameter): Name = "Pins"; Value = ""; VariantName = "[No Variations]"
Add component (AddParameter): Name = "Power"; Value = ""; VariantName = "[No Variations]"
Add component (AddParameter): Name = "Rating"; Value = ""; VariantName = "[No Variations]"
Add component (AddParameter): Name = "RoHS Compliant"; Value = ""; VariantName = "[No Variations]"
Add component (AddParameter): Name = "Temperature Coefficient"; Value = ""; VariantName = "[No Variations]"
Add component (AddParameter): Name = "Tolerance"; Value = ""; VariantName = "[No Variations]"
Add component (AddParameter): Name = "Type"; Value = ""; VariantName = "[No Variations]"
Add component (AddParameter): Name = "Value"; Value = "0"; VariantName = "[No Variations]"
Add component (AddParameter): Name = "Voltage Rating"; Value = ""; VariantName = "[No Variations]"
Add component (AddParameter): Name = "Weight"; Value = ""; VariantName = "[No Variations]"
Added Component: Designator=R35(R0603B)
Add component (AddParameter): Name = "Contact Finish"; Value = ""; VariantName = "[No Variations]"
Add component (AddParameter): Name = "FIT"; Value = ""; VariantName = "[No Variations]"
Add component (AddParameter): Name = "Materials"; Value = ""; VariantName = "[No Variations]"
Add component (AddParameter): Name = "Max Operating Temperature"; Value = ""; VariantName = "[No Variations]"
Add component (AddParameter): Name = "MFR"; Value = ""; VariantName = "[No Variations]"
Add component (AddParameter): Name = "MFR PN"; Value = ""; VariantName = "[No Variations]"
Add component (AddParameter): Name = "Min Operating Temperature"; Value = ""; VariantName = "[No Variations]"
Add component (AddParameter): Name = "Mounting Technology"; Value = ""; VariantName = "[No Variations]"
Add component (AddParameter): Name = "Note"; Value = ""; VariantName = "[No Variations]"
Add component (AddParameter): Name = "Package"; Value = ""; VariantName = "[No Variations]"
Add component (AddParameter): Name = "Pins"; Value = ""; VariantName = "[No Variations]"
Add component (AddParameter): Name = "Power"; Value = ""; VariantName = "[No Variations]"
Add component (AddParameter): Name = "Rating"; Value = ""; VariantName = "[No Variations]"
Add component (AddParameter): Name = "RoHS Compliant"; Value = ""; VariantName = "[No Variations]"
Add component (AddParameter): Name = "Temperature Coefficient"; Value = ""; VariantName = "[No Variations]"
Add component (AddParameter): Name = "Tolerance"; Value = ""; VariantName = "[No Variations]"
Add component (AddParameter): Name = "Type"; Value = ""; VariantName = "[No Variations]"
Add component (AddParameter): Name = "Value"; Value = "0"; VariantName = "[No Variations]"
Add component (AddParameter): Name = "Voltage Rating"; Value = ""; VariantName = "[No Variations]"
Add component (AddParameter): Name = "Weight"; Value = ""; VariantName = "[No Variations]"
Added Component: Designator=R36(R0603B)
Add component (AddParameter): Name = "Contact Finish"; Value = ""; VariantName = "[No Variations]"
Add component (AddParameter): Name = "FIT"; Value = ""; VariantName = "[No Variations]"
Add component (AddParameter): Name = "Materials"; Value = ""; VariantName = "[No Variations]"
Add component (AddParameter): Name = "Max Operating Temperature"; Value = ""; VariantName = "[No Variations]"
Add component (AddParameter): Name = "MFR"; Value = ""; VariantName = "[No Variations]"
Add component (AddParameter): Name = "MFR PN"; Value = ""; VariantName = "[No Variations]"
Add component (AddParameter): Name = "Min Operating Temperature"; Value = ""; VariantName = "[No Variations]"
Add component (AddParameter): Name = "Mounting Technology"; Value = ""; VariantName = "[No Variations]"
Add component (AddParameter): Name = "Note"; Value = ""; VariantName = "[No Variations]"
Add component (AddParameter): Name = "Package"; Value = ""; VariantName = "[No Variations]"
Add component (AddParameter): Name = "Pins"; Value = ""; VariantName = "[No Variations]"
Add component (AddParameter): Name = "Power"; Value = ""; VariantName = "[No Variations]"
Add component (AddParameter): Name = "Rating"; Value = ""; VariantName = "[No Variations]"
Add component (AddParameter): Name = "RoHS Compliant"; Value = ""; VariantName = "[No Variations]"
Add component (AddParameter): Name = "Temperature Coefficient"; Value = ""; VariantName = "[No Variations]"
Add component (AddParameter): Name = "Tolerance"; Value = ""; VariantName = "[No Variations]"
Add component (AddParameter): Name = "Type"; Value = ""; VariantName = "[No Variations]"
Add component (AddParameter): Name = "Value"; Value = "0"; VariantName = "[No Variations]"
Add component (AddParameter): Name = "Voltage Rating"; Value = ""; VariantName = "[No Variations]"
Add component (AddParameter): Name = "Weight"; Value = ""; VariantName = "[No Variations]"
Added Component: Designator=R37(R0603B)
Add component (AddParameter): Name = "Contact Finish"; Value = ""; VariantName = "[No Variations]"
Add component (AddParameter): Name = "FIT"; Value = ""; VariantName = "[No Variations]"
Add component (AddParameter): Name = "Materials"; Value = ""; VariantName = "[No Variations]"
Add component (AddParameter): Name = "Max Operating Temperature"; Value = ""; VariantName = "[No Variations]"
Add component (AddParameter): Name = "MFR"; Value = ""; VariantName = "[No Variations]"
Add component (AddParameter): Name = "MFR PN"; Value = ""; VariantName = "[No Variations]"
Add component (AddParameter): Name = "Min Operating Temperature"; Value = ""; VariantName = "[No Variations]"
Add component (AddParameter): Name = "Mounting Technology"; Value = ""; VariantName = "[No Variations]"
Add component (AddParameter): Name = "Note"; Value = ""; VariantName = "[No Variations]"
Add component (AddParameter): Name = "Package"; Value = ""; VariantName = "[No Variations]"
Add component (AddParameter): Name = "Pins"; Value = ""; VariantName = "[No Variations]"
Add component (AddParameter): Name = "Power"; Value = ""; VariantName = "[No Variations]"
Add component (AddParameter): Name = "Rating"; Value = ""; VariantName = "[No Variations]"
Add component (AddParameter): Name = "RoHS Compliant"; Value = ""; VariantName = "[No Variations]"
Add component (AddParameter): Name = "Temperature Coefficient"; Value = ""; VariantName = "[No Variations]"
Add component (AddParameter): Name = "Tolerance"; Value = ""; VariantName = "[No Variations]"
Add component (AddParameter): Name = "Type"; Value = ""; VariantName = "[No Variations]"
Add component (AddParameter): Name = "Value"; Value = "100k"; VariantName = "[No Variations]"
Add component (AddParameter): Name = "Voltage Rating"; Value = ""; VariantName = "[No Variations]"
Add component (AddParameter): Name = "Weight"; Value = ""; VariantName = "[No Variations]"
Added Component: Designator=R38(R0603B)
Add component (AddParameter): Name = "Contact Finish"; Value = ""; VariantName = "[No Variations]"
Add component (AddParameter): Name = "FIT"; Value = ""; VariantName = "[No Variations]"
Add component (AddParameter): Name = "Materials"; Value = ""; VariantName = "[No Variations]"
Add component (AddParameter): Name = "Max Operating Temperature"; Value = ""; VariantName = "[No Variations]"
Add component (AddParameter): Name = "MFR"; Value = ""; VariantName = "[No Variations]"
Add component (AddParameter): Name = "MFR PN"; Value = ""; VariantName = "[No Variations]"
Add component (AddParameter): Name = "Min Operating Temperature"; Value = ""; VariantName = "[No Variations]"
Add component (AddParameter): Name = "Mounting Technology"; Value = ""; VariantName = "[No Variations]"
Add component (AddParameter): Name = "Note"; Value = ""; VariantName = "[No Variations]"
Add component (AddParameter): Name = "Package"; Value = ""; VariantName = "[No Variations]"
Add component (AddParameter): Name = "Pins"; Value = ""; VariantName = "[No Variations]"
Add component (AddParameter): Name = "Power"; Value = ""; VariantName = "[No Variations]"
Add component (AddParameter): Name = "Rating"; Value = ""; VariantName = "[No Variations]"
Add component (AddParameter): Name = "RoHS Compliant"; Value = ""; VariantName = "[No Variations]"
Add component (AddParameter): Name = "Temperature Coefficient"; Value = ""; VariantName = "[No Variations]"
Add component (AddParameter): Name = "Tolerance"; Value = ""; VariantName = "[No Variations]"
Add component (AddParameter): Name = "Type"; Value = ""; VariantName = "[No Variations]"
Add component (AddParameter): Name = "Value"; Value = "0"; VariantName = "[No Variations]"
Add component (AddParameter): Name = "Voltage Rating"; Value = ""; VariantName = "[No Variations]"
Add component (AddParameter): Name = "Weight"; Value = ""; VariantName = "[No Variations]"
Added Component: Designator=R39(R0603B)
Add component (AddParameter): Name = "Contact Finish"; Value = ""; VariantName = "[No Variations]"
Add component (AddParameter): Name = "FIT"; Value = ""; VariantName = "[No Variations]"
Add component (AddParameter): Name = "Materials"; Value = ""; VariantName = "[No Variations]"
Add component (AddParameter): Name = "Max Operating Temperature"; Value = ""; VariantName = "[No Variations]"
Add component (AddParameter): Name = "MFR"; Value = ""; VariantName = "[No Variations]"
Add component (AddParameter): Name = "MFR PN"; Value = ""; VariantName = "[No Variations]"
Add component (AddParameter): Name = "Min Operating Temperature"; Value = ""; VariantName = "[No Variations]"
Add component (AddParameter): Name = "Mounting Technology"; Value = ""; VariantName = "[No Variations]"
Add component (AddParameter): Name = "Note"; Value = ""; VariantName = "[No Variations]"
Add component (AddParameter): Name = "Package"; Value = ""; VariantName = "[No Variations]"
Add component (AddParameter): Name = "Pins"; Value = ""; VariantName = "[No Variations]"
Add component (AddParameter): Name = "Power"; Value = ""; VariantName = "[No Variations]"
Add component (AddParameter): Name = "Rating"; Value = ""; VariantName = "[No Variations]"
Add component (AddParameter): Name = "RoHS Compliant"; Value = ""; VariantName = "[No Variations]"
Add component (AddParameter): Name = "Temperature Coefficient"; Value = ""; VariantName = "[No Variations]"
Add component (AddParameter): Name = "Tolerance"; Value = ""; VariantName = "[No Variations]"
Add component (AddParameter): Name = "Type"; Value = ""; VariantName = "[No Variations]"
Add component (AddParameter): Name = "Value"; Value = "100k"; VariantName = "[No Variations]"
Add component (AddParameter): Name = "Voltage Rating"; Value = ""; VariantName = "[No Variations]"
Add component (AddParameter): Name = "Weight"; Value = ""; VariantName = "[No Variations]"
Added Component: Designator=R40(R0603B)
Add component (AddParameter): Name = "Contact Finish"; Value = ""; VariantName = "[No Variations]"
Add component (AddParameter): Name = "FIT"; Value = ""; VariantName = "[No Variations]"
Add component (AddParameter): Name = "Materials"; Value = ""; VariantName = "[No Variations]"
Add component (AddParameter): Name = "Max Operating Temperature"; Value = ""; VariantName = "[No Variations]"
Add component (AddParameter): Name = "MFR"; Value = ""; VariantName = "[No Variations]"
Add component (AddParameter): Name = "MFR PN"; Value = ""; VariantName = "[No Variations]"
Add component (AddParameter): Name = "Min Operating Temperature"; Value = ""; VariantName = "[No Variations]"
Add component (AddParameter): Name = "Mounting Technology"; Value = ""; VariantName = "[No Variations]"
Add component (AddParameter): Name = "Note"; Value = ""; VariantName = "[No Variations]"
Add component (AddParameter): Name = "Package"; Value = ""; VariantName = "[No Variations]"
Add component (AddParameter): Name = "Pins"; Value = ""; VariantName = "[No Variations]"
Add component (AddParameter): Name = "Power"; Value = ""; VariantName = "[No Variations]"
Add component (AddParameter): Name = "Rating"; Value = ""; VariantName = "[No Variations]"
Add component (AddParameter): Name = "RoHS Compliant"; Value = ""; VariantName = "[No Variations]"
Add component (AddParameter): Name = "Temperature Coefficient"; Value = ""; VariantName = "[No Variations]"
Add component (AddParameter): Name = "Tolerance"; Value = ""; VariantName = "[No Variations]"
Add component (AddParameter): Name = "Type"; Value = ""; VariantName = "[No Variations]"
Add component (AddParameter): Name = "Value"; Value = "0"; VariantName = "[No Variations]"
Add component (AddParameter): Name = "Voltage Rating"; Value = ""; VariantName = "[No Variations]"
Add component (AddParameter): Name = "Weight"; Value = ""; VariantName = "[No Variations]"
Added Component: Designator=R41(R0603B)
Add component (AddParameter): Name = "Contact Finish"; Value = ""; VariantName = "[No Variations]"
Add component (AddParameter): Name = "FIT"; Value = ""; VariantName = "[No Variations]"
Add component (AddParameter): Name = "Materials"; Value = ""; VariantName = "[No Variations]"
Add component (AddParameter): Name = "Max Operating Temperature"; Value = ""; VariantName = "[No Variations]"
Add component (AddParameter): Name = "MFR"; Value = ""; VariantName = "[No Variations]"
Add component (AddParameter): Name = "MFR PN"; Value = ""; VariantName = "[No Variations]"
Add component (AddParameter): Name = "Min Operating Temperature"; Value = ""; VariantName = "[No Variations]"
Add component (AddParameter): Name = "Mounting Technology"; Value = ""; VariantName = "[No Variations]"
Add component (AddParameter): Name = "Note"; Value = ""; VariantName = "[No Variations]"
Add component (AddParameter): Name = "Package"; Value = ""; VariantName = "[No Variations]"
Add component (AddParameter): Name = "Pins"; Value = ""; VariantName = "[No Variations]"
Add component (AddParameter): Name = "Power"; Value = ""; VariantName = "[No Variations]"
Add component (AddParameter): Name = "Rating"; Value = ""; VariantName = "[No Variations]"
Add component (AddParameter): Name = "RoHS Compliant"; Value = ""; VariantName = "[No Variations]"
Add component (AddParameter): Name = "Temperature Coefficient"; Value = ""; VariantName = "[No Variations]"
Add component (AddParameter): Name = "Tolerance"; Value = ""; VariantName = "[No Variations]"
Add component (AddParameter): Name = "Type"; Value = ""; VariantName = "[No Variations]"
Add component (AddParameter): Name = "Value"; Value = "100k"; VariantName = "[No Variations]"
Add component (AddParameter): Name = "Voltage Rating"; Value = ""; VariantName = "[No Variations]"
Add component (AddParameter): Name = "Weight"; Value = ""; VariantName = "[No Variations]"
Added Component: Designator=R42_REG_1(R0603B)
Add component (AddParameter): Name = "Contact Finish"; Value = ""; VariantName = "[No Variations]"
Add component (AddParameter): Name = "FIT"; Value = ""; VariantName = "[No Variations]"
Add component (AddParameter): Name = "Materials"; Value = ""; VariantName = "[No Variations]"
Add component (AddParameter): Name = "Max Operating Temperature"; Value = ""; VariantName = "[No Variations]"
Add component (AddParameter): Name = "MFR"; Value = ""; VariantName = "[No Variations]"
Add component (AddParameter): Name = "MFR PN"; Value = ""; VariantName = "[No Variations]"
Add component (AddParameter): Name = "Min Operating Temperature"; Value = ""; VariantName = "[No Variations]"
Add component (AddParameter): Name = "Mounting Technology"; Value = ""; VariantName = "[No Variations]"
Add component (AddParameter): Name = "Note"; Value = ""; VariantName = "[No Variations]"
Add component (AddParameter): Name = "Package"; Value = ""; VariantName = "[No Variations]"
Add component (AddParameter): Name = "Pins"; Value = ""; VariantName = "[No Variations]"
Add component (AddParameter): Name = "Power"; Value = ""; VariantName = "[No Variations]"
Add component (AddParameter): Name = "Rating"; Value = ""; VariantName = "[No Variations]"
Add component (AddParameter): Name = "RoHS Compliant"; Value = ""; VariantName = "[No Variations]"
Add component (AddParameter): Name = "Temperature Coefficient"; Value = ""; VariantName = "[No Variations]"
Add component (AddParameter): Name = "Tolerance"; Value = ""; VariantName = "[No Variations]"
Add component (AddParameter): Name = "Type"; Value = ""; VariantName = "[No Variations]"
Add component (AddParameter): Name = "Value"; Value = "VARIES"; VariantName = "[No Variations]"
Add component (AddParameter): Name = "Voltage Rating"; Value = ""; VariantName = "[No Variations]"
Add component (AddParameter): Name = "Weight"; Value = ""; VariantName = "[No Variations]"
Added Component: Designator=R42_REG_2(R0603B)
Add component (AddParameter): Name = "Contact Finish"; Value = ""; VariantName = "[No Variations]"
Add component (AddParameter): Name = "FIT"; Value = ""; VariantName = "[No Variations]"
Add component (AddParameter): Name = "Materials"; Value = ""; VariantName = "[No Variations]"
Add component (AddParameter): Name = "Max Operating Temperature"; Value = ""; VariantName = "[No Variations]"
Add component (AddParameter): Name = "MFR"; Value = ""; VariantName = "[No Variations]"
Add component (AddParameter): Name = "MFR PN"; Value = ""; VariantName = "[No Variations]"
Add component (AddParameter): Name = "Min Operating Temperature"; Value = ""; VariantName = "[No Variations]"
Add component (AddParameter): Name = "Mounting Technology"; Value = ""; VariantName = "[No Variations]"
Add component (AddParameter): Name = "Note"; Value = ""; VariantName = "[No Variations]"
Add component (AddParameter): Name = "Package"; Value = ""; VariantName = "[No Variations]"
Add component (AddParameter): Name = "Pins"; Value = ""; VariantName = "[No Variations]"
Add component (AddParameter): Name = "Power"; Value = ""; VariantName = "[No Variations]"
Add component (AddParameter): Name = "Rating"; Value = ""; VariantName = "[No Variations]"
Add component (AddParameter): Name = "RoHS Compliant"; Value = ""; VariantName = "[No Variations]"
Add component (AddParameter): Name = "Temperature Coefficient"; Value = ""; VariantName = "[No Variations]"
Add component (AddParameter): Name = "Tolerance"; Value = ""; VariantName = "[No Variations]"
Add component (AddParameter): Name = "Type"; Value = ""; VariantName = "[No Variations]"
Add component (AddParameter): Name = "Value"; Value = "VARIES"; VariantName = "[No Variations]"
Add component (AddParameter): Name = "Voltage Rating"; Value = ""; VariantName = "[No Variations]"
Add component (AddParameter): Name = "Weight"; Value = ""; VariantName = "[No Variations]"
Added Component: Designator=R43_REG_1(R0603B)
Add component (AddParameter): Name = "Contact Finish"; Value = ""; VariantName = "[No Variations]"
Add component (AddParameter): Name = "FIT"; Value = ""; VariantName = "[No Variations]"
Add component (AddParameter): Name = "Materials"; Value = ""; VariantName = "[No Variations]"
Add component (AddParameter): Name = "Max Operating Temperature"; Value = ""; VariantName = "[No Variations]"
Add component (AddParameter): Name = "MFR"; Value = ""; VariantName = "[No Variations]"
Add component (AddParameter): Name = "MFR PN"; Value = ""; VariantName = "[No Variations]"
Add component (AddParameter): Name = "Min Operating Temperature"; Value = ""; VariantName = "[No Variations]"
Add component (AddParameter): Name = "Mounting Technology"; Value = ""; VariantName = "[No Variations]"
Add component (AddParameter): Name = "Note"; Value = ""; VariantName = "[No Variations]"
Add component (AddParameter): Name = "Package"; Value = ""; VariantName = "[No Variations]"
Add component (AddParameter): Name = "Pins"; Value = ""; VariantName = "[No Variations]"
Add component (AddParameter): Name = "Power"; Value = ""; VariantName = "[No Variations]"
Add component (AddParameter): Name = "Rating"; Value = ""; VariantName = "[No Variations]"
Add component (AddParameter): Name = "RoHS Compliant"; Value = ""; VariantName = "[No Variations]"
Add component (AddParameter): Name = "Temperature Coefficient"; Value = ""; VariantName = "[No Variations]"
Add component (AddParameter): Name = "Tolerance"; Value = ""; VariantName = "[No Variations]"
Add component (AddParameter): Name = "Type"; Value = ""; VariantName = "[No Variations]"
Add component (AddParameter): Name = "Value"; Value = "100k"; VariantName = "[No Variations]"
Add component (AddParameter): Name = "Voltage Rating"; Value = ""; VariantName = "[No Variations]"
Add component (AddParameter): Name = "Weight"; Value = ""; VariantName = "[No Variations]"
Added Component: Designator=R43_REG_2(R0603B)
Add component (AddParameter): Name = "Contact Finish"; Value = ""; VariantName = "[No Variations]"
Add component (AddParameter): Name = "FIT"; Value = ""; VariantName = "[No Variations]"
Add component (AddParameter): Name = "Materials"; Value = ""; VariantName = "[No Variations]"
Add component (AddParameter): Name = "Max Operating Temperature"; Value = ""; VariantName = "[No Variations]"
Add component (AddParameter): Name = "MFR"; Value = ""; VariantName = "[No Variations]"
Add component (AddParameter): Name = "MFR PN"; Value = ""; VariantName = "[No Variations]"
Add component (AddParameter): Name = "Min Operating Temperature"; Value = ""; VariantName = "[No Variations]"
Add component (AddParameter): Name = "Mounting Technology"; Value = ""; VariantName = "[No Variations]"
Add component (AddParameter): Name = "Note"; Value = ""; VariantName = "[No Variations]"
Add component (AddParameter): Name = "Package"; Value = ""; VariantName = "[No Variations]"
Add component (AddParameter): Name = "Pins"; Value = ""; VariantName = "[No Variations]"
Add component (AddParameter): Name = "Power"; Value = ""; VariantName = "[No Variations]"
Add component (AddParameter): Name = "Rating"; Value = ""; VariantName = "[No Variations]"
Add component (AddParameter): Name = "RoHS Compliant"; Value = ""; VariantName = "[No Variations]"
Add component (AddParameter): Name = "Temperature Coefficient"; Value = ""; VariantName = "[No Variations]"
Add component (AddParameter): Name = "Tolerance"; Value = ""; VariantName = "[No Variations]"
Add component (AddParameter): Name = "Type"; Value = ""; VariantName = "[No Variations]"
Add component (AddParameter): Name = "Value"; Value = "100k"; VariantName = "[No Variations]"
Add component (AddParameter): Name = "Voltage Rating"; Value = ""; VariantName = "[No Variations]"
Add component (AddParameter): Name = "Weight"; Value = ""; VariantName = "[No Variations]"
Added Component: Designator=R44_REG_1(R0603B)
Add component (AddParameter): Name = "Contact Finish"; Value = ""; VariantName = "[No Variations]"
Add component (AddParameter): Name = "FIT"; Value = ""; VariantName = "[No Variations]"
Add component (AddParameter): Name = "Materials"; Value = ""; VariantName = "[No Variations]"
Add component (AddParameter): Name = "Max Operating Temperature"; Value = ""; VariantName = "[No Variations]"
Add component (AddParameter): Name = "MFR"; Value = ""; VariantName = "[No Variations]"
Add component (AddParameter): Name = "MFR PN"; Value = ""; VariantName = "[No Variations]"
Add component (AddParameter): Name = "Min Operating Temperature"; Value = ""; VariantName = "[No Variations]"
Add component (AddParameter): Name = "Mounting Technology"; Value = ""; VariantName = "[No Variations]"
Add component (AddParameter): Name = "Note"; Value = ""; VariantName = "[No Variations]"
Add component (AddParameter): Name = "Package"; Value = ""; VariantName = "[No Variations]"
Add component (AddParameter): Name = "Pins"; Value = ""; VariantName = "[No Variations]"
Add component (AddParameter): Name = "Power"; Value = ""; VariantName = "[No Variations]"
Add component (AddParameter): Name = "Rating"; Value = ""; VariantName = "[No Variations]"
Add component (AddParameter): Name = "RoHS Compliant"; Value = ""; VariantName = "[No Variations]"
Add component (AddParameter): Name = "Temperature Coefficient"; Value = ""; VariantName = "[No Variations]"
Add component (AddParameter): Name = "Tolerance"; Value = ""; VariantName = "[No Variations]"
Add component (AddParameter): Name = "Type"; Value = ""; VariantName = "[No Variations]"
Add component (AddParameter): Name = "Value"; Value = "10k"; VariantName = "[No Variations]"
Add component (AddParameter): Name = "Voltage Rating"; Value = ""; VariantName = "[No Variations]"
Add component (AddParameter): Name = "Weight"; Value = ""; VariantName = "[No Variations]"
Added Component: Designator=R44_REG_2(R0603B)
Add component (AddParameter): Name = "Contact Finish"; Value = ""; VariantName = "[No Variations]"
Add component (AddParameter): Name = "FIT"; Value = ""; VariantName = "[No Variations]"
Add component (AddParameter): Name = "Materials"; Value = ""; VariantName = "[No Variations]"
Add component (AddParameter): Name = "Max Operating Temperature"; Value = ""; VariantName = "[No Variations]"
Add component (AddParameter): Name = "MFR"; Value = ""; VariantName = "[No Variations]"
Add component (AddParameter): Name = "MFR PN"; Value = ""; VariantName = "[No Variations]"
Add component (AddParameter): Name = "Min Operating Temperature"; Value = ""; VariantName = "[No Variations]"
Add component (AddParameter): Name = "Mounting Technology"; Value = ""; VariantName = "[No Variations]"
Add component (AddParameter): Name = "Note"; Value = ""; VariantName = "[No Variations]"
Add component (AddParameter): Name = "Package"; Value = ""; VariantName = "[No Variations]"
Add component (AddParameter): Name = "Pins"; Value = ""; VariantName = "[No Variations]"
Add component (AddParameter): Name = "Power"; Value = ""; VariantName = "[No Variations]"
Add component (AddParameter): Name = "Rating"; Value = ""; VariantName = "[No Variations]"
Add component (AddParameter): Name = "RoHS Compliant"; Value = ""; VariantName = "[No Variations]"
Add component (AddParameter): Name = "Temperature Coefficient"; Value = ""; VariantName = "[No Variations]"
Add component (AddParameter): Name = "Tolerance"; Value = ""; VariantName = "[No Variations]"
Add component (AddParameter): Name = "Type"; Value = ""; VariantName = "[No Variations]"
Add component (AddParameter): Name = "Value"; Value = "10k"; VariantName = "[No Variations]"
Add component (AddParameter): Name = "Voltage Rating"; Value = ""; VariantName = "[No Variations]"
Add component (AddParameter): Name = "Weight"; Value = ""; VariantName = "[No Variations]"
Added Component: Designator=TP1(New footprint 1)
Added Component: Designator=TP2(New footprint 1)
Added Component: Designator=U1(MAX96724FGTN_V+-Footprint-1)
Add component (AddParameter): Name = "Case/Package"; Value = ""; VariantName = "[No Variations]"
Add component (AddParameter): Name = "Max Operating Temperature"; Value = ""; VariantName = "[No Variations]"
Add component (AddParameter): Name = "Max Supply Voltage"; Value = ""; VariantName = "[No Variations]"
Add component (AddParameter): Name = "Min Operating Temperature"; Value = ""; VariantName = "[No Variations]"
Add component (AddParameter): Name = "Min Supply Voltage"; Value = ""; VariantName = "[No Variations]"
Add component (AddParameter): Name = "Mounting Technology"; Value = ""; VariantName = "[No Variations]"
Add component (AddParameter): Name = "Pins"; Value = ""; VariantName = "[No Variations]"
Add component (AddParameter): Name = "Power"; Value = ""; VariantName = "[No Variations]"
Add component (AddParameter): Name = "RoHS Compliant"; Value = ""; VariantName = "[No Variations]"
Added Component: Designator=U2(FP-C04-257-MFG)
Add component (AddParameter): Name = "Accuracy"; Value = "1%"; VariantName = "[No Variations]"
Add component (AddParameter): Name = "Max Operating Temperature"; Value = "85°C"; VariantName = "[No Variations]"
Add component (AddParameter): Name = "Min Operating Temperature"; Value = "-40°C"; VariantName = "[No Variations]"
Add component (AddParameter): Name = "Mount"; Value = "Surface Mount"; VariantName = "[No Variations]"
Add component (AddParameter): Name = "Packaging"; Value = "Cut Tape"; VariantName = "[No Variations]"
Add component (AddParameter): Name = "RoHS Compliant"; Value = "No"; VariantName = "[No Variations]"
Added Component: Designator=U3(FP-TSOT26-MFG)
Add component (AddParameter): Name = "Ambient Temperature Range High"; Value = "+85°C"; VariantName = "[No Variations]"
Add component (AddParameter): Name = "Ambient Temperature Range Low"; Value = "-40°C"; VariantName = "[No Variations]"
Add component (AddParameter): Name = "Automotive"; Value = "No"; VariantName = "[No Variations]"
Add component (AddParameter): Name = "Category"; Value = "IC"; VariantName = "[No Variations]"
Add component (AddParameter): Name = "ComponentLink2Description"; Value = "Datasheet"; VariantName = "[No Variations]"
Add component (AddParameter): Name = "ComponentLink2URL"; Value = "https://www.diodes.com/assets/Datasheets/AP63200-AP63201-AP63203-AP63205.pdf"; VariantName = "[No Variations]"
Add component (AddParameter): Name = "Device Class L1"; Value = "Integrated Circuits (ICs)"; VariantName = "[No Variations]"
Add component (AddParameter): Name = "Device Class L2"; Value = "Power Management ICs"; VariantName = "[No Variations]"
Add component (AddParameter): Name = "Device Class L3"; Value = "Voltage Regulators - Switching"; VariantName = "[No Variations]"
Add component (AddParameter): Name = "Digikey Description"; Value = "IC REG BUCK 3.3V 2A TSOT26"; VariantName = "[No Variations]"
Add component (AddParameter): Name = "Footprint Url"; Value = "https://www.diodes.com/assets/Package-Files/TSOT26.pdf"; VariantName = "[No Variations]"
Add component (AddParameter): Name = "Height"; Value = "1mm"; VariantName = "[No Variations]"
Add component (AddParameter): Name = "Lead Free"; Value = "Yes"; VariantName = "[No Variations]"
Add component (AddParameter): Name = "Manufacturer"; Value = "Diodes Inc."; VariantName = "[No Variations]"
Add component (AddParameter): Name = "Manufacturer Part Number"; Value = "AP63203WU-7"; VariantName = "[No Variations]"
Add component (AddParameter): Name = "Max Junction Temp"; Value = "+160°C"; VariantName = "[No Variations]"
Add component (AddParameter): Name = "Max Supply Voltage"; Value = "32V"; VariantName = "[No Variations]"
Add component (AddParameter): Name = "Min Supply Voltage"; Value = "3.8V"; VariantName = "[No Variations]"
Add component (AddParameter): Name = "Mouser Description"; Value = "AP63203 Series 3.3 V 2 A SMT Fixed Low IQ Synchronous Buck - TSOT-26"; VariantName = "[No Variations]"
Add component (AddParameter): Name = "Nominal Supply Current"; Value = "22uA"; VariantName = "[No Variations]"
Add component (AddParameter): Name = "Number Of Outputs"; Value = "1"; VariantName = "[No Variations]"
Add component (AddParameter): Name = "Octopart"; Value = "https://octopart.com/ap63203wu-7-diodes+inc.-98099550"; VariantName = "[No Variations]"
Add component (AddParameter): Name = "Output Current"; Value = "2A"; VariantName = "[No Variations]"
Add component (AddParameter): Name = "Output Type"; Value = "Fixed"; VariantName = "[No Variations]"
Add component (AddParameter): Name = "Output Voltage"; Value = "3.3V"; VariantName = "[No Variations]"
Add component (AddParameter): Name = "Package"; Value = "TSOT26"; VariantName = "[No Variations]"
Add component (AddParameter): Name = "RoHS"; Value = "TRUE"; VariantName = "[No Variations]"
Add component (AddParameter): Name = "Standoff Height"; Value = "0.01mm"; VariantName = "[No Variations]"
Add component (AddParameter): Name = "Switching Frequency"; Value = "1.1MHz"; VariantName = "[No Variations]"
Add component (AddParameter): Name = "Switching Topology"; Value = "Buck"; VariantName = "[No Variations]"
Add component (AddParameter): Name = "Temperature"; Value = "to +160°C"; VariantName = "[No Variations]"
Add component (AddParameter): Name = "Temperature Range High"; Value = "+160°C"; VariantName = "[No Variations]"
Added Component: Designator=U4_REG_1(DFN-MF8)
Add component (AddParameter): Name = "DatasheetVersion"; Value = "revC, Aug-2007"; VariantName = "[No Variations]"
Add component (AddParameter): Name = "PackageDescription"; Value = "8-Lead Plastic Dual Flat, No Lead Package (MF) - 3x3x0.9mm Body [DFN]"; VariantName = "[No Variations]"
Add component (AddParameter): Name = "PackageReference"; Value = "DFN-MF8"; VariantName = "[No Variations]"
Add component (AddParameter): Name = "PackageVersion"; Value = "revBB, Aug-2009"; VariantName = "[No Variations]"
Added Component: Designator=U4_REG_2(DFN-MF8)
Add component (AddParameter): Name = "DatasheetVersion"; Value = "revC, Aug-2007"; VariantName = "[No Variations]"
Add component (AddParameter): Name = "PackageDescription"; Value = "8-Lead Plastic Dual Flat, No Lead Package (MF) - 3x3x0.9mm Body [DFN]"; VariantName = "[No Variations]"
Add component (AddParameter): Name = "PackageReference"; Value = "DFN-MF8"; VariantName = "[No Variations]"
Add component (AddParameter): Name = "PackageVersion"; Value = "revBB, Aug-2009"; VariantName = "[No Variations]"
Added Component: Designator=Y1(FP-ABM8G-MFG)
Add component (AddParameter): Name = "Case/Package"; Value = "CSMD"; VariantName = "[No Variations]"
Add component (AddParameter): Name = "Depth"; Value = "2.5mm"; VariantName = "[No Variations]"
Add component (AddParameter): Name = "ESR (Equivalent Series Resistance)"; Value = "60R"; VariantName = "[No Variations]"
Add component (AddParameter): Name = "Frequency"; Value = "25MHz"; VariantName = "[No Variations]"
Add component (AddParameter): Name = "Frequency Stability"; Value = "30ppm"; VariantName = "[No Variations]"
Add component (AddParameter): Name = "Frequency Tolerance"; Value = "20ppm"; VariantName = "[No Variations]"
Add component (AddParameter): Name = "Height"; Value = "0.039inch"; VariantName = "[No Variations]"
Add component (AddParameter): Name = "Lead Free"; Value = "Lead Free"; VariantName = "[No Variations]"
Add component (AddParameter): Name = "Length"; Value = "3.2mm"; VariantName = "[No Variations]"
Add component (AddParameter): Name = "Load Capacitance"; Value = "18pF"; VariantName = "[No Variations]"
Add component (AddParameter): Name = "Max Operating Temperature"; Value = "85°C"; VariantName = "[No Variations]"
Add component (AddParameter): Name = "Min Operating Temperature"; Value = "-40°C"; VariantName = "[No Variations]"
Add component (AddParameter): Name = "Mount"; Value = "Surface Mount"; VariantName = "[No Variations]"
Add component (AddParameter): Name = "Number of Pins"; Value = "4"; VariantName = "[No Variations]"
Add component (AddParameter): Name = "Operating Frequency"; Value = "25 MHz"; VariantName = "[No Variations]"
Add component (AddParameter): Name = "Package Quantity"; Value = "1000"; VariantName = "[No Variations]"
Add component (AddParameter): Name = "Packaging"; Value = "Tape and Reel"; VariantName = "[No Variations]"
Add component (AddParameter): Name = "Radiation Hardening"; Value = "No"; VariantName = "[No Variations]"
Add component (AddParameter): Name = "Series"; Value = "ABM8G"; VariantName = "[No Variations]"
Add component (AddParameter): Name = "Series Resistance"; Value = "60R"; VariantName = "[No Variations]"
Add component (AddParameter): Name = "Termination"; Value = "SMD/SMT"; VariantName = "[No Variations]"
Add component (AddParameter): Name = "Tolerance"; Value = "20ppm"; VariantName = "[No Variations]"
Add component (AddParameter): Name = "Width"; Value = "0.098inch"; VariantName = "[No Variations]"
Added Pin To Net: NetName=1V2 Pin=C34-2
Added Pin To Net: NetName=1V2 Pin=C35-2
Added Pin To Net: NetName=1V2 Pin=C37-2
Added Pin To Net: NetName=1V2 Pin=C38-2
Added Pin To Net: NetName=1V2 Pin=C45-2
Added Pin To Net: NetName=1V2 Pin=C46-2
Added Pin To Net: NetName=1V2 Pin=C49-1
Added Pin To Net: NetName=1V2 Pin=C57_REG_2-1
Added Pin To Net: NetName=1V2 Pin=C58_REG_2-1
Added Pin To Net: NetName=1V2 Pin=J7-1
Added Pin To Net: NetName=1V2 Pin=R42_REG_2-2
Added Pin To Net: NetName=1V2 Pin=U1-30
Added Pin To Net: NetName=1V2 Pin=U1-55
Added Pin To Net: NetName=1V2 Pin=U1-56
Added Pin To Net: NetName=1V2 Pin=U4_REG_2-8
Added Net: Name=1V2
Added Pin To Net: NetName=1V8 Pin=C26-2
Added Pin To Net: NetName=1V8 Pin=C27-2
Added Pin To Net: NetName=1V8 Pin=C39-2
Added Pin To Net: NetName=1V8 Pin=C40-2
Added Pin To Net: NetName=1V8 Pin=C41-2
Added Pin To Net: NetName=1V8 Pin=C42-2
Added Pin To Net: NetName=1V8 Pin=C47-1
Added Pin To Net: NetName=1V8 Pin=C48-1
Added Pin To Net: NetName=1V8 Pin=C53-1
Added Pin To Net: NetName=1V8 Pin=C54-1
Added Pin To Net: NetName=1V8 Pin=C55_REG_1-1
Added Pin To Net: NetName=1V8 Pin=C55_REG_2-1
Added Pin To Net: NetName=1V8 Pin=C56_REG_1-1
Added Pin To Net: NetName=1V8 Pin=C56_REG_2-1
Added Pin To Net: NetName=1V8 Pin=C57_REG_1-1
Added Pin To Net: NetName=1V8 Pin=C58_REG_1-1
Added Pin To Net: NetName=1V8 Pin=D5-2
Added Pin To Net: NetName=1V8 Pin=J4-1
Added Pin To Net: NetName=1V8 Pin=J5-1
Added Pin To Net: NetName=1V8 Pin=L13-2
Added Pin To Net: NetName=1V8 Pin=Q3-2
Added Pin To Net: NetName=1V8 Pin=R3-2
Added Pin To Net: NetName=1V8 Pin=R4-2
Added Pin To Net: NetName=1V8 Pin=R5-2
Added Pin To Net: NetName=1V8 Pin=R6-2
Added Pin To Net: NetName=1V8 Pin=R7-2
Added Pin To Net: NetName=1V8 Pin=R11-1
Added Pin To Net: NetName=1V8 Pin=R15-2
Added Pin To Net: NetName=1V8 Pin=R20-2
Added Pin To Net: NetName=1V8 Pin=R37-2
Added Pin To Net: NetName=1V8 Pin=R39-2
Added Pin To Net: NetName=1V8 Pin=R42_REG_1-2
Added Pin To Net: NetName=1V8 Pin=R43_REG_1-1
Added Pin To Net: NetName=1V8 Pin=R43_REG_2-1
Added Pin To Net: NetName=1V8 Pin=U1-7
Added Pin To Net: NetName=1V8 Pin=U1-21
Added Pin To Net: NetName=1V8 Pin=U2-2
Added Pin To Net: NetName=1V8 Pin=U2-15
Added Pin To Net: NetName=1V8 Pin=U3-1
Added Pin To Net: NetName=1V8 Pin=U4_REG_1-1
Added Pin To Net: NetName=1V8 Pin=U4_REG_1-2
Added Pin To Net: NetName=1V8 Pin=U4_REG_1-8
Added Pin To Net: NetName=1V8 Pin=U4_REG_2-1
Added Pin To Net: NetName=1V8 Pin=U4_REG_2-2
Added Net: Name=1V8
Added Pin To Net: NetName=3V3_CAM_I2C_SCL Pin=P3-2
Added Pin To Net: NetName=3V3_CAM_I2C_SCL Pin=P5-2
Added Pin To Net: NetName=3V3_CAM_I2C_SCL Pin=R5-1
Added Pin To Net: NetName=3V3_CAM_I2C_SCL Pin=U1-29
Added Net: Name=3V3_CAM_I2C_SCL
Added Pin To Net: NetName=3V3_CAM_I2C_SDA Pin=P3-1
Added Pin To Net: NetName=3V3_CAM_I2C_SDA Pin=P4-2
Added Pin To Net: NetName=3V3_CAM_I2C_SDA Pin=R4-1
Added Pin To Net: NetName=3V3_CAM_I2C_SDA Pin=U1-28
Added Net: Name=3V3_CAM_I2C_SDA
Added Pin To Net: NetName=3V3_FPC_IO0 Pin=J9-6
Added Pin To Net: NetName=3V3_FPC_IO0 Pin=P2-2
Added Net: Name=3V3_FPC_IO0
Added Pin To Net: NetName=3V3_FPC_IO1 Pin=J9-5
Added Pin To Net: NetName=3V3_FPC_IO1 Pin=TP2-1
Added Net: Name=3V3_FPC_IO1
Added Pin To Net: NetName=3V3_FPC_SCL Pin=J9-3
Added Pin To Net: NetName=3V3_FPC_SCL Pin=P5-1
Added Pin To Net: NetName=3V3_FPC_SCL Pin=P8-1
Added Net: Name=3V3_FPC_SCL
Added Pin To Net: NetName=3V3_FPC_SDA Pin=J9-2
Added Pin To Net: NetName=3V3_FPC_SDA Pin=P4-1
Added Pin To Net: NetName=3V3_FPC_SDA Pin=P7-1
Added Net: Name=3V3_FPC_SDA
Added Pin To Net: NetName=3V3_LOCK Pin=J11-3
Added Pin To Net: NetName=3V3_LOCK Pin=R12-2
Added Pin To Net: NetName=3V3_LOCK Pin=U1-13
Added Net: Name=3V3_LOCK
Added Pin To Net: NetName=3V3_MFP0 Pin=J11-4
Added Pin To Net: NetName=3V3_MFP0 Pin=U1-1
Added Net: Name=3V3_MFP0
Added Pin To Net: NetName=3V3_MFP1 Pin=J11-5
Added Pin To Net: NetName=3V3_MFP1 Pin=U1-2
Added Net: Name=3V3_MFP1
Added Pin To Net: NetName=3V3_MFP2 Pin=J11-6
Added Pin To Net: NetName=3V3_MFP2 Pin=U1-3
Added Net: Name=3V3_MFP2
Added Pin To Net: NetName=3V3_MFP3 Pin=J11-7
Added Pin To Net: NetName=3V3_MFP3 Pin=U1-12
Added Net: Name=3V3_MFP3
Added Pin To Net: NetName=3V3_MFP7 Pin=J11-8
Added Pin To Net: NetName=3V3_MFP7 Pin=U1-26
Added Net: Name=3V3_MFP7
Added Pin To Net: NetName=3V3_MFP8 Pin=J11-9
Added Pin To Net: NetName=3V3_MFP8 Pin=U1-27
Added Net: Name=3V3_MFP8
Added Pin To Net: NetName=3V3_nERRB Pin=J11-2
Added Pin To Net: NetName=3V3_nERRB Pin=R10-1
Added Pin To Net: NetName=3V3_nERRB Pin=U1-14
Added Net: Name=3V3_nERRB
Added Pin To Net: NetName=3V3_nPWDN Pin=J11-1
Added Pin To Net: NetName=3V3_nPWDN Pin=P2-1
Added Pin To Net: NetName=3V3_nPWDN Pin=R3-1
Added Pin To Net: NetName=3V3_nPWDN Pin=U1-11
Added Net: Name=3V3_nPWDN
Added Pin To Net: NetName=3V3_SNS_I2C_SCL Pin=P6-2
Added Pin To Net: NetName=3V3_SNS_I2C_SCL Pin=P8-2
Added Pin To Net: NetName=3V3_SNS_I2C_SCL Pin=R7-1
Added Pin To Net: NetName=3V3_SNS_I2C_SCL Pin=U2-4
Added Net: Name=3V3_SNS_I2C_SCL
Added Pin To Net: NetName=3V3_SNS_I2C_SDA Pin=P6-1
Added Pin To Net: NetName=3V3_SNS_I2C_SDA Pin=P7-2
Added Pin To Net: NetName=3V3_SNS_I2C_SDA Pin=R6-1
Added Pin To Net: NetName=3V3_SNS_I2C_SDA Pin=U2-5
Added Net: Name=3V3_SNS_I2C_SDA
Added Pin To Net: NetName=3V3_SNS_nALERT Pin=R39-1
Added Pin To Net: NetName=3V3_SNS_nALERT Pin=U2-1
Added Net: Name=3V3_SNS_nALERT
Added Pin To Net: NetName=CFG0 Pin=R15-1
Added Pin To Net: NetName=CFG0 Pin=R17-2
Added Pin To Net: NetName=CFG0 Pin=U1-4
Added Net: Name=CFG0
Added Pin To Net: NetName=CFG1 Pin=R20-1
Added Pin To Net: NetName=CFG1 Pin=R23-2
Added Pin To Net: NetName=CFG1 Pin=U1-25
Added Net: Name=CFG1
Added Pin To Net: NetName=CHASSIS Pin=C1-2
Added Pin To Net: NetName=CHASSIS Pin=C2-2
Added Pin To Net: NetName=CHASSIS Pin=C3-2
Added Pin To Net: NetName=CHASSIS Pin=C4-2
Added Net: Name=CHASSIS
Added Pin To Net: NetName=CSIA_CK_N Pin=J9-15
Added Pin To Net: NetName=CSIA_CK_N Pin=U1-40
Added Net: Name=CSIA_CK_N
Added Pin To Net: NetName=CSIA_CK_P Pin=J9-14
Added Pin To Net: NetName=CSIA_CK_P Pin=U1-39
Added Net: Name=CSIA_CK_P
Added Pin To Net: NetName=CSIA_D0_N Pin=J9-21
Added Pin To Net: NetName=CSIA_D0_N Pin=U1-32
Added Net: Name=CSIA_D0_N
Added Pin To Net: NetName=CSIA_D0_P Pin=J9-20
Added Pin To Net: NetName=CSIA_D0_P Pin=U1-31
Added Net: Name=CSIA_D0_P
Added Pin To Net: NetName=CSIA_D1_N Pin=J9-18
Added Pin To Net: NetName=CSIA_D1_N Pin=U1-36
Added Net: Name=CSIA_D1_N
Added Pin To Net: NetName=CSIA_D1_P Pin=J9-17
Added Pin To Net: NetName=CSIA_D1_P Pin=U1-35
Added Net: Name=CSIA_D1_P
Added Pin To Net: NetName=CSIA_D2_N Pin=J9-12
Added Pin To Net: NetName=CSIA_D2_N Pin=U1-38
Added Net: Name=CSIA_D2_N
Added Pin To Net: NetName=CSIA_D2_P Pin=J9-11
Added Pin To Net: NetName=CSIA_D2_P Pin=U1-37
Added Net: Name=CSIA_D2_P
Added Pin To Net: NetName=CSIA_D3_N Pin=J9-9
Added Pin To Net: NetName=CSIA_D3_N Pin=U1-42
Added Net: Name=CSIA_D3_N
Added Pin To Net: NetName=CSIA_D3_P Pin=J9-8
Added Pin To Net: NetName=CSIA_D3_P Pin=U1-41
Added Net: Name=CSIA_D3_P
Added Pin To Net: NetName=FAKRA_0_GND Pin=C1-1
Added Pin To Net: NetName=FAKRA_0_GND Pin=C2-1
Added Pin To Net: NetName=FAKRA_0_GND Pin=C3-1
Added Pin To Net: NetName=FAKRA_0_GND Pin=C4-1
Added Pin To Net: NetName=FAKRA_0_GND Pin=J10-MH1
Added Pin To Net: NetName=FAKRA_0_GND Pin=J10-MH2
Added Pin To Net: NetName=FAKRA_0_GND Pin=J10-MH3
Added Pin To Net: NetName=FAKRA_0_GND Pin=J10-MH4
Added Pin To Net: NetName=FAKRA_0_GND Pin=J10-MH5
Added Net: Name=FAKRA_0_GND
Added Pin To Net: NetName=FPC_3V3 Pin=J9-1
Added Pin To Net: NetName=FPC_3V3 Pin=TP1-1
Added Net: Name=FPC_3V3
Added Pin To Net: NetName=GND Pin=C6-2
Added Pin To Net: NetName=GND Pin=C8-1
Added Pin To Net: NetName=GND Pin=C10-2
Added Pin To Net: NetName=GND Pin=C12-1
Added Pin To Net: NetName=GND Pin=C14-1
Added Pin To Net: NetName=GND Pin=C15-1
Added Pin To Net: NetName=GND Pin=C16-2
Added Pin To Net: NetName=GND Pin=C18-1
Added Pin To Net: NetName=GND Pin=C20-2
Added Pin To Net: NetName=GND Pin=C22-1
Added Pin To Net: NetName=GND Pin=C26-1
Added Pin To Net: NetName=GND Pin=C27-1
Added Pin To Net: NetName=GND Pin=C28-1
Added Pin To Net: NetName=GND Pin=C29-1
Added Pin To Net: NetName=GND Pin=C30-1
Added Pin To Net: NetName=GND Pin=C31-1
Added Pin To Net: NetName=GND Pin=C32-1
Added Pin To Net: NetName=GND Pin=C33-1
Added Pin To Net: NetName=GND Pin=C34-1
Added Pin To Net: NetName=GND Pin=C35-1
Added Pin To Net: NetName=GND Pin=C37-1
Added Pin To Net: NetName=GND Pin=C38-1
Added Pin To Net: NetName=GND Pin=C39-1
Added Pin To Net: NetName=GND Pin=C40-1
Added Pin To Net: NetName=GND Pin=C41-1
Added Pin To Net: NetName=GND Pin=C42-1
Added Pin To Net: NetName=GND Pin=C43-1
Added Pin To Net: NetName=GND Pin=C44-1
Added Pin To Net: NetName=GND Pin=C45-1
Added Pin To Net: NetName=GND Pin=C46-1
Added Pin To Net: NetName=GND Pin=C47-2
Added Pin To Net: NetName=GND Pin=C48-2
Added Pin To Net: NetName=GND Pin=C49-2
Added Pin To Net: NetName=GND Pin=C51-2
Added Pin To Net: NetName=GND Pin=C52-2
Added Pin To Net: NetName=GND Pin=C53-2
Added Pin To Net: NetName=GND Pin=C54-2
Added Pin To Net: NetName=GND Pin=C55_REG_1-2
Added Pin To Net: NetName=GND Pin=C55_REG_2-2
Added Pin To Net: NetName=GND Pin=C56_REG_1-2
Added Pin To Net: NetName=GND Pin=C56_REG_2-2
Added Pin To Net: NetName=GND Pin=C57_REG_1-2
Added Pin To Net: NetName=GND Pin=C57_REG_2-2
Added Pin To Net: NetName=GND Pin=C58_REG_1-2
Added Pin To Net: NetName=GND Pin=C58_REG_2-2
Added Pin To Net: NetName=GND Pin=C59_REG_1-2
Added Pin To Net: NetName=GND Pin=C59_REG_2-2
Added Pin To Net: NetName=GND Pin=D3-3
Added Pin To Net: NetName=GND Pin=D3-8
Added Pin To Net: NetName=GND Pin=D4-3
Added Pin To Net: NetName=GND Pin=D4-8
Added Pin To Net: NetName=GND Pin=D6-3
Added Pin To Net: NetName=GND Pin=D6-8
Added Pin To Net: NetName=GND Pin=D7-3
Added Pin To Net: NetName=GND Pin=D7-8
Added Pin To Net: NetName=GND Pin=J1-2
Added Pin To Net: NetName=GND Pin=J6-2
Added Pin To Net: NetName=GND Pin=J8-1
Added Pin To Net: NetName=GND Pin=J9-4
Added Pin To Net: NetName=GND Pin=J9-7
Added Pin To Net: NetName=GND Pin=J9-10
Added Pin To Net: NetName=GND Pin=J9-13
Added Pin To Net: NetName=GND Pin=J9-16
Added Pin To Net: NetName=GND Pin=J9-19
Added Pin To Net: NetName=GND Pin=J9-22
Added Pin To Net: NetName=GND Pin=J9-S1
Added Pin To Net: NetName=GND Pin=J9-S2
Added Pin To Net: NetName=GND Pin=Q3-5
Added Pin To Net: NetName=GND Pin=R1-1
Added Pin To Net: NetName=GND Pin=R2-1
Added Pin To Net: NetName=GND Pin=R9-1
Added Pin To Net: NetName=GND Pin=R13-2
Added Pin To Net: NetName=GND Pin=R17-1
Added Pin To Net: NetName=GND Pin=R18-1
Added Pin To Net: NetName=GND Pin=R22-1
Added Pin To Net: NetName=GND Pin=R23-1
Added Pin To Net: NetName=GND Pin=R24-1
Added Pin To Net: NetName=GND Pin=R27-1
Added Pin To Net: NetName=GND Pin=R30-1
Added Pin To Net: NetName=GND Pin=R41-2
Added Pin To Net: NetName=GND Pin=R44_REG_1-1
Added Pin To Net: NetName=GND Pin=R44_REG_2-1
Added Pin To Net: NetName=GND Pin=U1-57
Added Pin To Net: NetName=GND Pin=U2-3
Added Pin To Net: NetName=GND Pin=U2-17
Added Pin To Net: NetName=GND Pin=U3-4
Added Pin To Net: NetName=GND Pin=U4_REG_1-4
Added Pin To Net: NetName=GND Pin=U4_REG_1-9
Added Pin To Net: NetName=GND Pin=U4_REG_2-4
Added Pin To Net: NetName=GND Pin=U4_REG_2-9
Added Pin To Net: NetName=GND Pin=Y1-2
Added Pin To Net: NetName=GND Pin=Y1-4
Added Net: Name=GND
Added Pin To Net: NetName=LO_VCC Pin=C51-1
Added Pin To Net: NetName=LO_VCC Pin=C52-1
Added Pin To Net: NetName=LO_VCC Pin=D1-1
Added Pin To Net: NetName=LO_VCC Pin=J3-1
Added Pin To Net: NetName=LO_VCC Pin=P1-1
Added Pin To Net: NetName=LO_VCC Pin=Q1-1
Added Pin To Net: NetName=LO_VCC Pin=Q1-2
Added Pin To Net: NetName=LO_VCC Pin=Q1-3
Added Pin To Net: NetName=LO_VCC Pin=U3-2
Added Pin To Net: NetName=LO_VCC Pin=U3-3
Added Net: Name=LO_VCC
Added Pin To Net: NetName=MAX96724_PoC_A_V_N Pin=L1-1
Added Pin To Net: NetName=MAX96724_PoC_A_V_N Pin=R14-1
Added Pin To Net: NetName=MAX96724_PoC_A_V_N Pin=R32-1
Added Net: Name=MAX96724_PoC_A_V_N
Added Pin To Net: NetName=MAX96724_PoC_A_V_P Pin=C8-2
Added Pin To Net: NetName=MAX96724_PoC_A_V_P Pin=F3-2
Added Pin To Net: NetName=MAX96724_PoC_A_V_P Pin=R14-2
Added Pin To Net: NetName=MAX96724_PoC_A_V_P Pin=R31-1
Added Net: Name=MAX96724_PoC_A_V_P
Added Pin To Net: NetName=MAX96724_PoC_B_V_N Pin=L4-1
Added Pin To Net: NetName=MAX96724_PoC_B_V_N Pin=R19-1
Added Pin To Net: NetName=MAX96724_PoC_B_V_N Pin=R34-1
Added Net: Name=MAX96724_PoC_B_V_N
Added Pin To Net: NetName=MAX96724_PoC_B_V_P Pin=C12-2
Added Pin To Net: NetName=MAX96724_PoC_B_V_P Pin=F4-2
Added Pin To Net: NetName=MAX96724_PoC_B_V_P Pin=R19-2
Added Pin To Net: NetName=MAX96724_PoC_B_V_P Pin=R33-1
Added Net: Name=MAX96724_PoC_B_V_P
Added Pin To Net: NetName=MAX96724_PoC_C_V_N Pin=L7-1
Added Pin To Net: NetName=MAX96724_PoC_C_V_N Pin=R25-1
Added Pin To Net: NetName=MAX96724_PoC_C_V_N Pin=R36-1
Added Net: Name=MAX96724_PoC_C_V_N
Added Pin To Net: NetName=MAX96724_PoC_C_V_P Pin=C18-2
Added Pin To Net: NetName=MAX96724_PoC_C_V_P Pin=F5-2
Added Pin To Net: NetName=MAX96724_PoC_C_V_P Pin=R25-2
Added Pin To Net: NetName=MAX96724_PoC_C_V_P Pin=R35-1
Added Net: Name=MAX96724_PoC_C_V_P
Added Pin To Net: NetName=MAX96724_PoC_D_V_N Pin=L10-1
Added Pin To Net: NetName=MAX96724_PoC_D_V_N Pin=R28-1
Added Pin To Net: NetName=MAX96724_PoC_D_V_N Pin=R40-1
Added Net: Name=MAX96724_PoC_D_V_N
Added Pin To Net: NetName=MAX96724_PoC_D_V_P Pin=C22-2
Added Pin To Net: NetName=MAX96724_PoC_D_V_P Pin=F6-2
Added Pin To Net: NetName=MAX96724_PoC_D_V_P Pin=R28-2
Added Pin To Net: NetName=MAX96724_PoC_D_V_P Pin=R38-1
Added Net: Name=MAX96724_PoC_D_V_P
Added Pin To Net: NetName=NetC6_1 Pin=C6-1
Added Pin To Net: NetName=NetC6_1 Pin=L1-2
Added Pin To Net: NetName=NetC6_1 Pin=L2-1
Added Pin To Net: NetName=NetC6_1 Pin=R16-2
Added Net: Name=NetC6_1
Added Pin To Net: NetName=NetC7_2 Pin=C7-2
Added Pin To Net: NetName=NetC7_2 Pin=R18-2
Added Net: Name=NetC7_2
Added Pin To Net: NetName=NetC10_1 Pin=C10-1
Added Pin To Net: NetName=NetC10_1 Pin=L4-2
Added Pin To Net: NetName=NetC10_1 Pin=L5-1
Added Pin To Net: NetName=NetC10_1 Pin=R21-2
Added Net: Name=NetC10_1
Added Pin To Net: NetName=NetC11_2 Pin=C11-2
Added Pin To Net: NetName=NetC11_2 Pin=R24-2
Added Net: Name=NetC11_2
Added Pin To Net: NetName=NetC16_1 Pin=C16-1
Added Pin To Net: NetName=NetC16_1 Pin=L7-2
Added Pin To Net: NetName=NetC16_1 Pin=L8-1
Added Pin To Net: NetName=NetC16_1 Pin=R26-2
Added Net: Name=NetC16_1
Added Pin To Net: NetName=NetC17_2 Pin=C17-2
Added Pin To Net: NetName=NetC17_2 Pin=R27-2
Added Net: Name=NetC17_2
Added Pin To Net: NetName=NetC20_1 Pin=C20-1
Added Pin To Net: NetName=NetC20_1 Pin=L10-2
Added Pin To Net: NetName=NetC20_1 Pin=L11-1
Added Pin To Net: NetName=NetC20_1 Pin=R29-2
Added Net: Name=NetC20_1
Added Pin To Net: NetName=NetC21_2 Pin=C21-2
Added Pin To Net: NetName=NetC21_2 Pin=R30-2
Added Net: Name=NetC21_2
Added Pin To Net: NetName=NetC23_1 Pin=C23-1
Added Pin To Net: NetName=NetC23_1 Pin=R32-2
Added Pin To Net: NetName=NetC23_1 Pin=U2-12
Added Net: Name=NetC23_1
Added Pin To Net: NetName=NetC23_2 Pin=C23-2
Added Pin To Net: NetName=NetC23_2 Pin=R31-2
Added Pin To Net: NetName=NetC23_2 Pin=U2-11
Added Net: Name=NetC23_2
Added Pin To Net: NetName=NetC24_1 Pin=C24-1
Added Pin To Net: NetName=NetC24_1 Pin=R34-2
Added Pin To Net: NetName=NetC24_1 Pin=U2-14
Added Net: Name=NetC24_1
Added Pin To Net: NetName=NetC24_2 Pin=C24-2
Added Pin To Net: NetName=NetC24_2 Pin=R33-2
Added Pin To Net: NetName=NetC24_2 Pin=U2-13
Added Net: Name=NetC24_2
Added Pin To Net: NetName=NetC25_1 Pin=C25-1
Added Pin To Net: NetName=NetC25_1 Pin=R36-2
Added Pin To Net: NetName=NetC25_1 Pin=U2-7
Added Net: Name=NetC25_1
Added Pin To Net: NetName=NetC25_2 Pin=C25-2
Added Pin To Net: NetName=NetC25_2 Pin=R35-2
Added Pin To Net: NetName=NetC25_2 Pin=U2-8
Added Net: Name=NetC25_2
Added Pin To Net: NetName=NetC28_2 Pin=C28-2
Added Pin To Net: NetName=NetC28_2 Pin=C29-2
Added Pin To Net: NetName=NetC28_2 Pin=C30-2
Added Pin To Net: NetName=NetC28_2 Pin=U1-8
Added Net: Name=NetC28_2
Added Pin To Net: NetName=NetC31_2 Pin=C31-2
Added Pin To Net: NetName=NetC31_2 Pin=C32-2
Added Pin To Net: NetName=NetC31_2 Pin=C33-2
Added Pin To Net: NetName=NetC31_2 Pin=U1-20
Added Net: Name=NetC31_2
Added Pin To Net: NetName=NetC36_1 Pin=C36-1
Added Pin To Net: NetName=NetC36_1 Pin=R40-2
Added Pin To Net: NetName=NetC36_1 Pin=U2-9
Added Net: Name=NetC36_1
Added Pin To Net: NetName=NetC36_2 Pin=C36-2
Added Pin To Net: NetName=NetC36_2 Pin=R38-2
Added Pin To Net: NetName=NetC36_2 Pin=U2-10
Added Net: Name=NetC36_2
Added Pin To Net: NetName=NetC43_2 Pin=C43-2
Added Pin To Net: NetName=NetC43_2 Pin=C44-2
Added Pin To Net: NetName=NetC43_2 Pin=U1-24
Added Net: Name=NetC43_2
Added Pin To Net: NetName=NetC50_1 Pin=C50-1
Added Pin To Net: NetName=NetC50_1 Pin=U3-6
Added Net: Name=NetC50_1
Added Pin To Net: NetName=NetC50_2 Pin=C50-2
Added Pin To Net: NetName=NetC50_2 Pin=L13-1
Added Pin To Net: NetName=NetC50_2 Pin=U3-5
Added Net: Name=NetC50_2
Added Pin To Net: NetName=NetC59_REG_1_1 Pin=C59_REG_1-1
Added Pin To Net: NetName=NetC59_REG_1_1 Pin=U4_REG_1-6
Added Net: Name=NetC59_REG_1_1
Added Pin To Net: NetName=NetC59_REG_2_1 Pin=C59_REG_2-1
Added Pin To Net: NetName=NetC59_REG_2_1 Pin=U4_REG_2-6
Added Net: Name=NetC59_REG_2_1
Added Pin To Net: NetName=NetD1_2 Pin=D1-2
Added Pin To Net: NetName=NetD1_2 Pin=Q1-4
Added Pin To Net: NetName=NetD1_2 Pin=R1-2
Added Net: Name=NetD1_2
Added Pin To Net: NetName=NetD2_2 Pin=D2-2
Added Pin To Net: NetName=NetD2_2 Pin=Q2-4
Added Pin To Net: NetName=NetD2_2 Pin=R2-2
Added Net: Name=NetD2_2
Added Pin To Net: NetName=NetD5_1 Pin=D5-1
Added Pin To Net: NetName=NetD5_1 Pin=R8-2
Added Net: Name=NetD5_1
Added Pin To Net: NetName=NetD5_3 Pin=D5-3
Added Pin To Net: NetName=NetD5_3 Pin=Q3-4
Added Net: Name=NetD5_3
Added Pin To Net: NetName=NetD5_4 Pin=D5-4
Added Pin To Net: NetName=NetD5_4 Pin=R9-2
Added Net: Name=NetD5_4
Added Pin To Net: NetName=NetF1_1 Pin=F1-1
Added Pin To Net: NetName=NetF1_1 Pin=J1-1
Added Net: Name=NetF1_1
Added Pin To Net: NetName=NetF1_2 Pin=F1-2
Added Pin To Net: NetName=NetF1_2 Pin=Q1-5-6-7-8
Added Net: Name=NetF1_2
Added Pin To Net: NetName=NetF2_1 Pin=F2-1
Added Pin To Net: NetName=NetF2_1 Pin=J6-1
Added Net: Name=NetF2_1
Added Pin To Net: NetName=NetF2_2 Pin=F2-2
Added Pin To Net: NetName=NetF2_2 Pin=Q2-5-6-7-8
Added Net: Name=NetF2_2
Added Pin To Net: NetName=NetL2_2 Pin=L2-2
Added Pin To Net: NetName=NetL2_2 Pin=L3-1
Added Pin To Net: NetName=NetL2_2 Pin=R16-1
Added Net: Name=NetL2_2
Added Pin To Net: NetName=NetL5_2 Pin=L5-2
Added Pin To Net: NetName=NetL5_2 Pin=L6-1
Added Pin To Net: NetName=NetL5_2 Pin=R21-1
Added Net: Name=NetL5_2
Added Pin To Net: NetName=NetL8_2 Pin=L8-2
Added Pin To Net: NetName=NetL8_2 Pin=L9-1
Added Pin To Net: NetName=NetL8_2 Pin=R26-1
Added Net: Name=NetL8_2
Added Pin To Net: NetName=NetL11_2 Pin=L11-2
Added Pin To Net: NetName=NetL11_2 Pin=L12-1
Added Pin To Net: NetName=NetL11_2 Pin=R29-1
Added Net: Name=NetL11_2
Added Pin To Net: NetName=NetQ3_1 Pin=Q3-1
Added Pin To Net: NetName=NetQ3_1 Pin=R12-1
Added Pin To Net: NetName=NetQ3_1 Pin=R13-1
Added Net: Name=NetQ3_1
Added Pin To Net: NetName=NetQ3_3 Pin=Q3-3
Added Pin To Net: NetName=NetQ3_3 Pin=R10-2
Added Pin To Net: NetName=NetQ3_3 Pin=R11-2
Added Net: Name=NetQ3_3
Added Pin To Net: NetName=NetQ3_6 Pin=Q3-6
Added Pin To Net: NetName=NetQ3_6 Pin=R8-1
Added Net: Name=NetQ3_6
Added Pin To Net: NetName=NetR22_2 Pin=R22-2
Added Pin To Net: NetName=NetR22_2 Pin=U1-17
Added Net: Name=NetR22_2
Added Pin To Net: NetName=NetR37_1 Pin=R37-1
Added Pin To Net: NetName=NetR37_1 Pin=U2-16
Added Net: Name=NetR37_1
Added Pin To Net: NetName=NetR41_1 Pin=R41-1
Added Pin To Net: NetName=NetR41_1 Pin=U2-6
Added Net: Name=NetR41_1
Added Pin To Net: NetName=NetR42_REG_1_1 Pin=R42_REG_1-1
Added Pin To Net: NetName=NetR42_REG_1_1 Pin=R44_REG_1-2
Added Pin To Net: NetName=NetR42_REG_1_1 Pin=U4_REG_1-7
Added Net: Name=NetR42_REG_1_1
Added Pin To Net: NetName=NetR42_REG_2_1 Pin=R42_REG_2-1
Added Pin To Net: NetName=NetR42_REG_2_1 Pin=R44_REG_2-2
Added Pin To Net: NetName=NetR42_REG_2_1 Pin=U4_REG_2-7
Added Net: Name=NetR42_REG_2_1
Added Pin To Net: NetName=NetR43_REG_1_2 Pin=R43_REG_1-2
Added Pin To Net: NetName=NetR43_REG_1_2 Pin=U4_REG_1-3
Added Net: Name=NetR43_REG_1_2
Added Pin To Net: NetName=NetR43_REG_2_2 Pin=R43_REG_2-2
Added Pin To Net: NetName=NetR43_REG_2_2 Pin=U4_REG_2-3
Added Net: Name=NetR43_REG_2_2
Added Pin To Net: NetName=NetU4_REG_1_5 Pin=U4_REG_1-5
Added Net: Name=NetU4_REG_1_5
Added Pin To Net: NetName=NetU4_REG_2_5 Pin=U4_REG_2-5
Added Net: Name=NetU4_REG_2_5
Added Pin To Net: NetName=PoC_VCC Pin=D2-1
Added Pin To Net: NetName=PoC_VCC Pin=F3-1
Added Pin To Net: NetName=PoC_VCC Pin=F4-1
Added Pin To Net: NetName=PoC_VCC Pin=F5-1
Added Pin To Net: NetName=PoC_VCC Pin=F6-1
Added Pin To Net: NetName=PoC_VCC Pin=J2-1
Added Pin To Net: NetName=PoC_VCC Pin=P1-2
Added Pin To Net: NetName=PoC_VCC Pin=Q2-1
Added Pin To Net: NetName=PoC_VCC Pin=Q2-2
Added Pin To Net: NetName=PoC_VCC Pin=Q2-3
Added Net: Name=PoC_VCC
Added Pin To Net: NetName=RF_A Pin=C5-2
Added Pin To Net: NetName=RF_A Pin=D3-1
Added Pin To Net: NetName=RF_A Pin=D3-10
Added Pin To Net: NetName=RF_A Pin=J10-2
Added Pin To Net: NetName=RF_A Pin=L3-2
Added Net: Name=RF_A
Added Pin To Net: NetName=RF_B Pin=C9-2
Added Pin To Net: NetName=RF_B Pin=D4-1
Added Pin To Net: NetName=RF_B Pin=D4-10
Added Pin To Net: NetName=RF_B Pin=J10-1
Added Pin To Net: NetName=RF_B Pin=L6-2
Added Net: Name=RF_B
Added Pin To Net: NetName=RF_C Pin=C13-2
Added Pin To Net: NetName=RF_C Pin=D6-1
Added Pin To Net: NetName=RF_C Pin=D6-10
Added Pin To Net: NetName=RF_C Pin=J10-4
Added Pin To Net: NetName=RF_C Pin=L9-2
Added Net: Name=RF_C
Added Pin To Net: NetName=RF_D Pin=C19-2
Added Pin To Net: NetName=RF_D Pin=D7-1
Added Pin To Net: NetName=RF_D Pin=D7-10
Added Pin To Net: NetName=RF_D Pin=J10-3
Added Pin To Net: NetName=RF_D Pin=L12-2
Added Net: Name=RF_D
Added Pin To Net: NetName=SIOA_N Pin=C7-1
Added Pin To Net: NetName=SIOA_N Pin=U1-22
Added Net: Name=SIOA_N
Added Pin To Net: NetName=SIOA_P Pin=C5-1
Added Pin To Net: NetName=SIOA_P Pin=U1-23
Added Net: Name=SIOA_P
Added Pin To Net: NetName=SIOB_N Pin=C11-1
Added Pin To Net: NetName=SIOB_N Pin=U1-19
Added Net: Name=SIOB_N
Added Pin To Net: NetName=SIOB_P Pin=C9-1
Added Pin To Net: NetName=SIOB_P Pin=U1-18
Added Net: Name=SIOB_P
Added Pin To Net: NetName=SIOC_N Pin=C17-1
Added Pin To Net: NetName=SIOC_N Pin=U1-9
Added Net: Name=SIOC_N
Added Pin To Net: NetName=SIOC_P Pin=C13-1
Added Pin To Net: NetName=SIOC_P Pin=U1-10
Added Net: Name=SIOC_P
Added Pin To Net: NetName=SIOD_N Pin=C21-1
Added Pin To Net: NetName=SIOD_N Pin=U1-6
Added Net: Name=SIOD_N
Added Pin To Net: NetName=SIOD_P Pin=C19-1
Added Pin To Net: NetName=SIOD_P Pin=U1-5
Added Net: Name=SIOD_P
Added Pin To Net: NetName=X25_N Pin=C15-2
Added Pin To Net: NetName=X25_N Pin=U1-16
Added Pin To Net: NetName=X25_N Pin=Y1-3
Added Net: Name=X25_N
Added Pin To Net: NetName=X25_P Pin=C14-2
Added Pin To Net: NetName=X25_P Pin=U1-15
Added Pin To Net: NetName=X25_P Pin=Y1-1
Added Net: Name=X25_P
Added Class: Name=DES_0
Added Class: Name=MAX96724_EVB_revB
Added Class: Name=REG_0
Added Class: Name=REG_1
Added Class: Name=REG_2
Added Class: Name=50SINGLE
Added Class: Name=PWR
Added Differential Pair: Name=CSIA_CK
Added Differential Pair: Name=CSIA_D0
Added Differential Pair: Name=CSIA_D1
Added Differential Pair: Name=CSIA_D2
Added Differential Pair: Name=CSIA_D3
Added Differential Pair: Name=MAX96724_PoC_A_V
Added Differential Pair: Name=MAX96724_PoC_B_V
Added Differential Pair: Name=MAX96724_PoC_C_V
Added Differential Pair: Name=MAX96724_PoC_D_V
Added Differential Pair: Name=SIOA
Added Differential Pair: Name=SIOB
Added Differential Pair: Name=SIOC
Added Differential Pair: Name=SIOD
Added Differential Pair: Name=X25
Added Class: Name=ADJ_REG
Added Rule: Name=Schematic Supply Nets
Added Rule: Name=Schematic Supply Nets_1
Added Rule: Name=Schematic Supply Nets_2
Added Rule: Name=Schematic Supply Nets_3
Added Rule: Name=Schematic Supply Nets_4
Added Rule: Name=Schematic Supply Nets_5
Added Rule: Name=Schematic Supply Nets_6
Added Rule: Name=Schematic Supply Nets_7
Added Class: Name=100DIFF
Added Class: Name=CSIA
