Added Component: Designator=C1_CAN_0(FP-0402-L_1_0_0_05-W_0_5-IPC_A)
Add component (AddParameter): Name = "Capacitor Type"; Value = "Ceramic"; VariantName = "[No Variations]"
Add component (AddParameter): Name = "Case/Package"; Value = "0402"; VariantName = "[No Variations]"
Add component (AddParameter): Name = "Max Operating Temperature"; Value = "85°C"; VariantName = "[No Variations]"
Add component (AddParameter): Name = "Min Operating Temperature"; Value = "-55°C"; VariantName = "[No Variations]"
Add component (AddParameter): Name = "Mounting Technology"; Value = "Surface Mount"; VariantName = "[No Variations]"
Add component (AddParameter): Name = "Pins"; Value = "2"; VariantName = "[No Variations]"
Add component (AddParameter): Name = "RoHS Compliant"; Value = "Yes"; VariantName = "[No Variations]"
Add component (AddParameter): Name = "Tolerance"; Value = ""; VariantName = "[No Variations]"
Add component (AddParameter): Name = "Value"; Value = "100n"; VariantName = "[No Variations]"
Add component (AddParameter): Name = "Voltage Rating"; Value = ""; VariantName = "[No Variations]"
Added Component: Designator=C1_CAN_1(FP-0402-L_1_0_0_05-W_0_5-IPC_A)
Add component (AddParameter): Name = "Capacitor Type"; Value = "Ceramic"; VariantName = "[No Variations]"
Add component (AddParameter): Name = "Case/Package"; Value = "0402"; VariantName = "[No Variations]"
Add component (AddParameter): Name = "Max Operating Temperature"; Value = "85°C"; VariantName = "[No Variations]"
Add component (AddParameter): Name = "Min Operating Temperature"; Value = "-55°C"; VariantName = "[No Variations]"
Add component (AddParameter): Name = "Mounting Technology"; Value = "Surface Mount"; VariantName = "[No Variations]"
Add component (AddParameter): Name = "Pins"; Value = "2"; VariantName = "[No Variations]"
Add component (AddParameter): Name = "RoHS Compliant"; Value = "Yes"; VariantName = "[No Variations]"
Add component (AddParameter): Name = "Tolerance"; Value = ""; VariantName = "[No Variations]"
Add component (AddParameter): Name = "Value"; Value = "100n"; VariantName = "[No Variations]"
Add component (AddParameter): Name = "Voltage Rating"; Value = ""; VariantName = "[No Variations]"
Added Component: Designator=C2_CAN_0(FP-0402-L_1_0_0_05-W_0_5-IPC_A)
Add component (AddParameter): Name = "Capacitor Type"; Value = "Ceramic"; VariantName = "[No Variations]"
Add component (AddParameter): Name = "Case/Package"; Value = "0402"; VariantName = "[No Variations]"
Add component (AddParameter): Name = "Max Operating Temperature"; Value = "85°C"; VariantName = "[No Variations]"
Add component (AddParameter): Name = "Min Operating Temperature"; Value = "-55°C"; VariantName = "[No Variations]"
Add component (AddParameter): Name = "Mounting Technology"; Value = "Surface Mount"; VariantName = "[No Variations]"
Add component (AddParameter): Name = "Pins"; Value = "2"; VariantName = "[No Variations]"
Add component (AddParameter): Name = "RoHS Compliant"; Value = "Yes"; VariantName = "[No Variations]"
Add component (AddParameter): Name = "Tolerance"; Value = ""; VariantName = "[No Variations]"
Add component (AddParameter): Name = "Value"; Value = "100n"; VariantName = "[No Variations]"
Add component (AddParameter): Name = "Voltage Rating"; Value = ""; VariantName = "[No Variations]"
Added Component: Designator=C2_CAN_1(FP-0402-L_1_0_0_05-W_0_5-IPC_A)
Add component (AddParameter): Name = "Capacitor Type"; Value = "Ceramic"; VariantName = "[No Variations]"
Add component (AddParameter): Name = "Case/Package"; Value = "0402"; VariantName = "[No Variations]"
Add component (AddParameter): Name = "Max Operating Temperature"; Value = "85°C"; VariantName = "[No Variations]"
Add component (AddParameter): Name = "Min Operating Temperature"; Value = "-55°C"; VariantName = "[No Variations]"
Add component (AddParameter): Name = "Mounting Technology"; Value = "Surface Mount"; VariantName = "[No Variations]"
Add component (AddParameter): Name = "Pins"; Value = "2"; VariantName = "[No Variations]"
Add component (AddParameter): Name = "RoHS Compliant"; Value = "Yes"; VariantName = "[No Variations]"
Add component (AddParameter): Name = "Tolerance"; Value = ""; VariantName = "[No Variations]"
Add component (AddParameter): Name = "Value"; Value = "100n"; VariantName = "[No Variations]"
Add component (AddParameter): Name = "Voltage Rating"; Value = ""; VariantName = "[No Variations]"
Added Component: Designator=C3_CAN_0(FP-0402-L_1_0_0_05-W_0_5-IPC_A)
Add component (AddParameter): Name = "Capacitor Type"; Value = "Ceramic"; VariantName = "[No Variations]"
Add component (AddParameter): Name = "Case/Package"; Value = "0402"; VariantName = "[No Variations]"
Add component (AddParameter): Name = "Max Operating Temperature"; Value = "85°C"; VariantName = "[No Variations]"
Add component (AddParameter): Name = "Min Operating Temperature"; Value = "-55°C"; VariantName = "[No Variations]"
Add component (AddParameter): Name = "Mounting Technology"; Value = "Surface Mount"; VariantName = "[No Variations]"
Add component (AddParameter): Name = "Pins"; Value = "2"; VariantName = "[No Variations]"
Add component (AddParameter): Name = "RoHS Compliant"; Value = "Yes"; VariantName = "[No Variations]"
Add component (AddParameter): Name = "Tolerance"; Value = ""; VariantName = "[No Variations]"
Add component (AddParameter): Name = "Value"; Value = "100n"; VariantName = "[No Variations]"
Add component (AddParameter): Name = "Voltage Rating"; Value = ""; VariantName = "[No Variations]"
Added Component: Designator=C3_CAN_1(FP-0402-L_1_0_0_05-W_0_5-IPC_A)
Add component (AddParameter): Name = "Capacitor Type"; Value = "Ceramic"; VariantName = "[No Variations]"
Add component (AddParameter): Name = "Case/Package"; Value = "0402"; VariantName = "[No Variations]"
Add component (AddParameter): Name = "Max Operating Temperature"; Value = "85°C"; VariantName = "[No Variations]"
Add component (AddParameter): Name = "Min Operating Temperature"; Value = "-55°C"; VariantName = "[No Variations]"
Add component (AddParameter): Name = "Mounting Technology"; Value = "Surface Mount"; VariantName = "[No Variations]"
Add component (AddParameter): Name = "Pins"; Value = "2"; VariantName = "[No Variations]"
Add component (AddParameter): Name = "RoHS Compliant"; Value = "Yes"; VariantName = "[No Variations]"
Add component (AddParameter): Name = "Tolerance"; Value = ""; VariantName = "[No Variations]"
Add component (AddParameter): Name = "Value"; Value = "100n"; VariantName = "[No Variations]"
Add component (AddParameter): Name = "Voltage Rating"; Value = ""; VariantName = "[No Variations]"
Added Component: Designator=C4_CAN_0(FP-0402-L_1_0_0_05-W_0_5-IPC_A)
Add component (AddParameter): Name = "Capacitor Type"; Value = "Ceramic"; VariantName = "[No Variations]"
Add component (AddParameter): Name = "Case/Package"; Value = "0402"; VariantName = "[No Variations]"
Add component (AddParameter): Name = "Max Operating Temperature"; Value = "85°C"; VariantName = "[No Variations]"
Add component (AddParameter): Name = "Min Operating Temperature"; Value = "-55°C"; VariantName = "[No Variations]"
Add component (AddParameter): Name = "Mounting Technology"; Value = "Surface Mount"; VariantName = "[No Variations]"
Add component (AddParameter): Name = "Pins"; Value = "2"; VariantName = "[No Variations]"
Add component (AddParameter): Name = "RoHS Compliant"; Value = "Yes"; VariantName = "[No Variations]"
Add component (AddParameter): Name = "Tolerance"; Value = ""; VariantName = "[No Variations]"
Add component (AddParameter): Name = "Value"; Value = "6.6p"; VariantName = "[No Variations]"
Add component (AddParameter): Name = "Voltage Rating"; Value = ""; VariantName = "[No Variations]"
Added Component: Designator=C4_CAN_1(FP-0402-L_1_0_0_05-W_0_5-IPC_A)
Add component (AddParameter): Name = "Capacitor Type"; Value = "Ceramic"; VariantName = "[No Variations]"
Add component (AddParameter): Name = "Case/Package"; Value = "0402"; VariantName = "[No Variations]"
Add component (AddParameter): Name = "Max Operating Temperature"; Value = "85°C"; VariantName = "[No Variations]"
Add component (AddParameter): Name = "Min Operating Temperature"; Value = "-55°C"; VariantName = "[No Variations]"
Add component (AddParameter): Name = "Mounting Technology"; Value = "Surface Mount"; VariantName = "[No Variations]"
Add component (AddParameter): Name = "Pins"; Value = "2"; VariantName = "[No Variations]"
Add component (AddParameter): Name = "RoHS Compliant"; Value = "Yes"; VariantName = "[No Variations]"
Add component (AddParameter): Name = "Tolerance"; Value = ""; VariantName = "[No Variations]"
Add component (AddParameter): Name = "Value"; Value = "6.6p"; VariantName = "[No Variations]"
Add component (AddParameter): Name = "Voltage Rating"; Value = ""; VariantName = "[No Variations]"
Added Component: Designator=C5_CAN_0(FP-C0402-BB-MFG)
Add component (AddParameter): Name = "Automotive"; Value = "No"; VariantName = "[No Variations]"
Add component (AddParameter): Name = "Capacitance"; Value = "0.10 µF"; VariantName = "[No Variations]"
Add component (AddParameter): Name = "Category"; Value = "Cap"; VariantName = "[No Variations]"
Add component (AddParameter): Name = "ComponentLink2Description"; Value = "Datasheet"; VariantName = "[No Variations]"
Add component (AddParameter): Name = "ComponentLink2URL"; Value = "https://content.kemet.com/datasheets/KEM_C1002_X7R_SMD.pdf"; VariantName = "[No Variations]"
Add component (AddParameter): Name = "Device Class L1"; Value = "Passive Components"; VariantName = "[No Variations]"
Add component (AddParameter): Name = "Device Class L2"; Value = "Capacitors"; VariantName = "[No Variations]"
Add component (AddParameter): Name = "Device Class L3"; Value = "Ceramic Capacitors"; VariantName = "[No Variations]"
Add component (AddParameter): Name = "Digikey Description"; Value = "CAP CER 0.1UF 10V X5R 0402"; VariantName = "[No Variations]"
Add component (AddParameter): Name = "Height"; Value = "0.55mm"; VariantName = "[No Variations]"
Add component (AddParameter): Name = "Ipc Land Pattern Name"; Value = "CAPC10050X50"; VariantName = "[No Variations]"
Add component (AddParameter): Name = "Lead Free"; Value = "Yes"; VariantName = "[No Variations]"
Add component (AddParameter): Name = "Manufacturer"; Value = "Kemet"; VariantName = "[No Variations]"
Add component (AddParameter): Name = "Manufacturer Part Number"; Value = "C0402C104K8PACTU"; VariantName = "[No Variations]"
Add component (AddParameter): Name = "Material"; Value = "Ceramic"; VariantName = "[No Variations]"
Add component (AddParameter): Name = "Mouser Description"; Value = "Capacitor 100 nF 10 VDC 0402"; VariantName = "[No Variations]"
Add component (AddParameter): Name = "Octopart"; Value = "https://octopart.com/c0402c104k8pactu-kemet-140039"; VariantName = "[No Variations]"
Add component (AddParameter): Name = "Package"; Value = "C0402-BB"; VariantName = "[No Variations]"
Add component (AddParameter): Name = "RoHS"; Value = "TRUE"; VariantName = "[No Variations]"
Add component (AddParameter): Name = "Temperature"; Value = "-55°C to +125°C"; VariantName = "[No Variations]"
Add component (AddParameter): Name = "Temperature Characteristic"; Value = "X5R"; VariantName = "[No Variations]"
Add component (AddParameter): Name = "Temperature Coefficient"; Value = "15%"; VariantName = "[No Variations]"
Add component (AddParameter): Name = "Temperature Range High"; Value = "+125°C"; VariantName = "[No Variations]"
Add component (AddParameter): Name = "Temperature Range Low"; Value = "-55°C"; VariantName = "[No Variations]"
Add component (AddParameter): Name = "Tolerance"; Value = "0.1"; VariantName = "[No Variations]"
Add component (AddParameter): Name = "Value"; Value = "0.10 µF"; VariantName = "[No Variations]"
Add component (AddParameter): Name = "Voltage Rating"; Value = "10 V"; VariantName = "[No Variations]"
Added Component: Designator=C5_CAN_1(FP-C0402-BB-MFG)
Add component (AddParameter): Name = "Automotive"; Value = "No"; VariantName = "[No Variations]"
Add component (AddParameter): Name = "Capacitance"; Value = "0.10 µF"; VariantName = "[No Variations]"
Add component (AddParameter): Name = "Category"; Value = "Cap"; VariantName = "[No Variations]"
Add component (AddParameter): Name = "ComponentLink2Description"; Value = "Datasheet"; VariantName = "[No Variations]"
Add component (AddParameter): Name = "ComponentLink2URL"; Value = "https://content.kemet.com/datasheets/KEM_C1002_X7R_SMD.pdf"; VariantName = "[No Variations]"
Add component (AddParameter): Name = "Device Class L1"; Value = "Passive Components"; VariantName = "[No Variations]"
Add component (AddParameter): Name = "Device Class L2"; Value = "Capacitors"; VariantName = "[No Variations]"
Add component (AddParameter): Name = "Device Class L3"; Value = "Ceramic Capacitors"; VariantName = "[No Variations]"
Add component (AddParameter): Name = "Digikey Description"; Value = "CAP CER 0.1UF 10V X5R 0402"; VariantName = "[No Variations]"
Add component (AddParameter): Name = "Height"; Value = "0.55mm"; VariantName = "[No Variations]"
Add component (AddParameter): Name = "Ipc Land Pattern Name"; Value = "CAPC10050X50"; VariantName = "[No Variations]"
Add component (AddParameter): Name = "Lead Free"; Value = "Yes"; VariantName = "[No Variations]"
Add component (AddParameter): Name = "Manufacturer"; Value = "Kemet"; VariantName = "[No Variations]"
Add component (AddParameter): Name = "Manufacturer Part Number"; Value = "C0402C104K8PACTU"; VariantName = "[No Variations]"
Add component (AddParameter): Name = "Material"; Value = "Ceramic"; VariantName = "[No Variations]"
Add component (AddParameter): Name = "Mouser Description"; Value = "Capacitor 100 nF 10 VDC 0402"; VariantName = "[No Variations]"
Add component (AddParameter): Name = "Octopart"; Value = "https://octopart.com/c0402c104k8pactu-kemet-140039"; VariantName = "[No Variations]"
Add component (AddParameter): Name = "Package"; Value = "C0402-BB"; VariantName = "[No Variations]"
Add component (AddParameter): Name = "RoHS"; Value = "TRUE"; VariantName = "[No Variations]"
Add component (AddParameter): Name = "Temperature"; Value = "-55°C to +125°C"; VariantName = "[No Variations]"
Add component (AddParameter): Name = "Temperature Characteristic"; Value = "X5R"; VariantName = "[No Variations]"
Add component (AddParameter): Name = "Temperature Coefficient"; Value = "15%"; VariantName = "[No Variations]"
Add component (AddParameter): Name = "Temperature Range High"; Value = "+125°C"; VariantName = "[No Variations]"
Add component (AddParameter): Name = "Temperature Range Low"; Value = "-55°C"; VariantName = "[No Variations]"
Add component (AddParameter): Name = "Tolerance"; Value = "0.1"; VariantName = "[No Variations]"
Add component (AddParameter): Name = "Value"; Value = "0.10 µF"; VariantName = "[No Variations]"
Add component (AddParameter): Name = "Voltage Rating"; Value = "10 V"; VariantName = "[No Variations]"
Added Component: Designator=C6_CAN_0(FP-0402-L_1_0_0_05-W_0_5-IPC_A)
Add component (AddParameter): Name = "Capacitor Type"; Value = "Ceramic"; VariantName = "[No Variations]"
Add component (AddParameter): Name = "Case/Package"; Value = "0402"; VariantName = "[No Variations]"
Add component (AddParameter): Name = "Max Operating Temperature"; Value = "85°C"; VariantName = "[No Variations]"
Add component (AddParameter): Name = "Min Operating Temperature"; Value = "-55°C"; VariantName = "[No Variations]"
Add component (AddParameter): Name = "Mounting Technology"; Value = "Surface Mount"; VariantName = "[No Variations]"
Add component (AddParameter): Name = "Pins"; Value = "2"; VariantName = "[No Variations]"
Add component (AddParameter): Name = "RoHS Compliant"; Value = "Yes"; VariantName = "[No Variations]"
Add component (AddParameter): Name = "Tolerance"; Value = ""; VariantName = "[No Variations]"
Add component (AddParameter): Name = "Value"; Value = "100n"; VariantName = "[No Variations]"
Add component (AddParameter): Name = "Voltage Rating"; Value = ""; VariantName = "[No Variations]"
Added Component: Designator=C6_CAN_1(FP-0402-L_1_0_0_05-W_0_5-IPC_A)
Add component (AddParameter): Name = "Capacitor Type"; Value = "Ceramic"; VariantName = "[No Variations]"
Add component (AddParameter): Name = "Case/Package"; Value = "0402"; VariantName = "[No Variations]"
Add component (AddParameter): Name = "Max Operating Temperature"; Value = "85°C"; VariantName = "[No Variations]"
Add component (AddParameter): Name = "Min Operating Temperature"; Value = "-55°C"; VariantName = "[No Variations]"
Add component (AddParameter): Name = "Mounting Technology"; Value = "Surface Mount"; VariantName = "[No Variations]"
Add component (AddParameter): Name = "Pins"; Value = "2"; VariantName = "[No Variations]"
Add component (AddParameter): Name = "RoHS Compliant"; Value = "Yes"; VariantName = "[No Variations]"
Add component (AddParameter): Name = "Tolerance"; Value = ""; VariantName = "[No Variations]"
Add component (AddParameter): Name = "Value"; Value = "100n"; VariantName = "[No Variations]"
Add component (AddParameter): Name = "Voltage Rating"; Value = ""; VariantName = "[No Variations]"
Added Component: Designator=C7_CAN_0(FP-0402-L_1_0_0_05-W_0_5-IPC_A)
Add component (AddParameter): Name = "Capacitor Type"; Value = "Ceramic"; VariantName = "[No Variations]"
Add component (AddParameter): Name = "Case/Package"; Value = "0402"; VariantName = "[No Variations]"
Add component (AddParameter): Name = "Max Operating Temperature"; Value = "85°C"; VariantName = "[No Variations]"
Add component (AddParameter): Name = "Min Operating Temperature"; Value = "-55°C"; VariantName = "[No Variations]"
Add component (AddParameter): Name = "Mounting Technology"; Value = "Surface Mount"; VariantName = "[No Variations]"
Add component (AddParameter): Name = "Pins"; Value = "2"; VariantName = "[No Variations]"
Add component (AddParameter): Name = "RoHS Compliant"; Value = "Yes"; VariantName = "[No Variations]"
Add component (AddParameter): Name = "Tolerance"; Value = ""; VariantName = "[No Variations]"
Add component (AddParameter): Name = "Value"; Value = "6.6p"; VariantName = "[No Variations]"
Add component (AddParameter): Name = "Voltage Rating"; Value = ""; VariantName = "[No Variations]"
Added Component: Designator=C7_CAN_1(FP-0402-L_1_0_0_05-W_0_5-IPC_A)
Add component (AddParameter): Name = "Capacitor Type"; Value = "Ceramic"; VariantName = "[No Variations]"
Add component (AddParameter): Name = "Case/Package"; Value = "0402"; VariantName = "[No Variations]"
Add component (AddParameter): Name = "Max Operating Temperature"; Value = "85°C"; VariantName = "[No Variations]"
Add component (AddParameter): Name = "Min Operating Temperature"; Value = "-55°C"; VariantName = "[No Variations]"
Add component (AddParameter): Name = "Mounting Technology"; Value = "Surface Mount"; VariantName = "[No Variations]"
Add component (AddParameter): Name = "Pins"; Value = "2"; VariantName = "[No Variations]"
Add component (AddParameter): Name = "RoHS Compliant"; Value = "Yes"; VariantName = "[No Variations]"
Add component (AddParameter): Name = "Tolerance"; Value = ""; VariantName = "[No Variations]"
Add component (AddParameter): Name = "Value"; Value = "6.6p"; VariantName = "[No Variations]"
Add component (AddParameter): Name = "Voltage Rating"; Value = ""; VariantName = "[No Variations]"
Added Component: Designator=C8(CAPC2013X152X50NL20T25)
Add component (AddParameter): Name = "Manufacturer"; Value = "AVX Interconnect / Elco"; VariantName = "[No Variations]"
Add component (AddParameter): Name = "Part Number"; Value = "0805ZG106ZAT2A"; VariantName = "[No Variations]"
Added Component: Designator=C9(FP-0402-L_1_0_0_05-W_0_5-IPC_A)
Add component (AddParameter): Name = "Capacitor Type"; Value = "Ceramic"; VariantName = "[No Variations]"
Add component (AddParameter): Name = "Case/Package"; Value = "0402"; VariantName = "[No Variations]"
Add component (AddParameter): Name = "Max Operating Temperature"; Value = "85°C"; VariantName = "[No Variations]"
Add component (AddParameter): Name = "Min Operating Temperature"; Value = "-55°C"; VariantName = "[No Variations]"
Add component (AddParameter): Name = "Mounting Technology"; Value = "Surface Mount"; VariantName = "[No Variations]"
Add component (AddParameter): Name = "Pins"; Value = "2"; VariantName = "[No Variations]"
Add component (AddParameter): Name = "RoHS Compliant"; Value = "Yes"; VariantName = "[No Variations]"
Add component (AddParameter): Name = "Tolerance"; Value = ""; VariantName = "[No Variations]"
Add component (AddParameter): Name = "Value"; Value = ""; VariantName = "[No Variations]"
Add component (AddParameter): Name = "Voltage Rating"; Value = ""; VariantName = "[No Variations]"
Added Component: Designator=C10(CAPC2013X152X50NL20T25)
Add component (AddParameter): Name = "Manufacturer"; Value = "AVX Interconnect / Elco"; VariantName = "[No Variations]"
Add component (AddParameter): Name = "Part Number"; Value = "0805ZG106ZAT2A"; VariantName = "[No Variations]"
Added Component: Designator=C11(FP-0402-L_1_0_0_05-W_0_5-IPC_A)
Add component (AddParameter): Name = "Capacitor Type"; Value = "Ceramic"; VariantName = "[No Variations]"
Add component (AddParameter): Name = "Case/Package"; Value = "0402"; VariantName = "[No Variations]"
Add component (AddParameter): Name = "Max Operating Temperature"; Value = "85°C"; VariantName = "[No Variations]"
Add component (AddParameter): Name = "Min Operating Temperature"; Value = "-55°C"; VariantName = "[No Variations]"
Add component (AddParameter): Name = "Mounting Technology"; Value = "Surface Mount"; VariantName = "[No Variations]"
Add component (AddParameter): Name = "Pins"; Value = "2"; VariantName = "[No Variations]"
Add component (AddParameter): Name = "RoHS Compliant"; Value = "Yes"; VariantName = "[No Variations]"
Add component (AddParameter): Name = "Tolerance"; Value = ""; VariantName = "[No Variations]"
Add component (AddParameter): Name = "Value"; Value = ""; VariantName = "[No Variations]"
Add component (AddParameter): Name = "Voltage Rating"; Value = ""; VariantName = "[No Variations]"
Added Component: Designator=C12(FP-0402-L_1_0_0_05-W_0_5-IPC_A)
Add component (AddParameter): Name = "Capacitor Type"; Value = "Ceramic"; VariantName = "[No Variations]"
Add component (AddParameter): Name = "Case/Package"; Value = "0402"; VariantName = "[No Variations]"
Add component (AddParameter): Name = "Max Operating Temperature"; Value = "85°C"; VariantName = "[No Variations]"
Add component (AddParameter): Name = "Min Operating Temperature"; Value = "-55°C"; VariantName = "[No Variations]"
Add component (AddParameter): Name = "Mounting Technology"; Value = "Surface Mount"; VariantName = "[No Variations]"
Add component (AddParameter): Name = "Pins"; Value = "2"; VariantName = "[No Variations]"
Add component (AddParameter): Name = "RoHS Compliant"; Value = "Yes"; VariantName = "[No Variations]"
Add component (AddParameter): Name = "Tolerance"; Value = ""; VariantName = "[No Variations]"
Add component (AddParameter): Name = "Value"; Value = "10u"; VariantName = "[No Variations]"
Add component (AddParameter): Name = "Voltage Rating"; Value = ""; VariantName = "[No Variations]"
Added Component: Designator=C13(FP-0402-L_1_0_0_05-W_0_5-IPC_A)
Add component (AddParameter): Name = "Capacitor Type"; Value = "Ceramic"; VariantName = "[No Variations]"
Add component (AddParameter): Name = "Case/Package"; Value = "0402"; VariantName = "[No Variations]"
Add component (AddParameter): Name = "Max Operating Temperature"; Value = "85°C"; VariantName = "[No Variations]"
Add component (AddParameter): Name = "Min Operating Temperature"; Value = "-55°C"; VariantName = "[No Variations]"
Add component (AddParameter): Name = "Mounting Technology"; Value = "Surface Mount"; VariantName = "[No Variations]"
Add component (AddParameter): Name = "Pins"; Value = "2"; VariantName = "[No Variations]"
Add component (AddParameter): Name = "RoHS Compliant"; Value = "Yes"; VariantName = "[No Variations]"
Add component (AddParameter): Name = "Tolerance"; Value = ""; VariantName = "[No Variations]"
Add component (AddParameter): Name = "Value"; Value = "100n"; VariantName = "[No Variations]"
Add component (AddParameter): Name = "Voltage Rating"; Value = ""; VariantName = "[No Variations]"
Added Component: Designator=C14(FP-0402-L_1_0_0_05-W_0_5-IPC_A)
Add component (AddParameter): Name = "Capacitor Type"; Value = "Ceramic"; VariantName = "[No Variations]"
Add component (AddParameter): Name = "Case/Package"; Value = "0402"; VariantName = "[No Variations]"
Add component (AddParameter): Name = "Max Operating Temperature"; Value = "85°C"; VariantName = "[No Variations]"
Add component (AddParameter): Name = "Min Operating Temperature"; Value = "-55°C"; VariantName = "[No Variations]"
Add component (AddParameter): Name = "Mounting Technology"; Value = "Surface Mount"; VariantName = "[No Variations]"
Add component (AddParameter): Name = "Pins"; Value = "2"; VariantName = "[No Variations]"
Add component (AddParameter): Name = "RoHS Compliant"; Value = "Yes"; VariantName = "[No Variations]"
Add component (AddParameter): Name = "Tolerance"; Value = ""; VariantName = "[No Variations]"
Add component (AddParameter): Name = "Value"; Value = ""; VariantName = "[No Variations]"
Add component (AddParameter): Name = "Voltage Rating"; Value = ""; VariantName = "[No Variations]"
Added Component: Designator=C15(FP-0402-L_1_0_0_05-W_0_5-IPC_A)
Add component (AddParameter): Name = "Capacitor Type"; Value = "Ceramic"; VariantName = "[No Variations]"
Add component (AddParameter): Name = "Case/Package"; Value = "0402"; VariantName = "[No Variations]"
Add component (AddParameter): Name = "Max Operating Temperature"; Value = "85°C"; VariantName = "[No Variations]"
Add component (AddParameter): Name = "Min Operating Temperature"; Value = "-55°C"; VariantName = "[No Variations]"
Add component (AddParameter): Name = "Mounting Technology"; Value = "Surface Mount"; VariantName = "[No Variations]"
Add component (AddParameter): Name = "Pins"; Value = "2"; VariantName = "[No Variations]"
Add component (AddParameter): Name = "RoHS Compliant"; Value = "Yes"; VariantName = "[No Variations]"
Add component (AddParameter): Name = "Tolerance"; Value = ""; VariantName = "[No Variations]"
Add component (AddParameter): Name = "Value"; Value = ""; VariantName = "[No Variations]"
Add component (AddParameter): Name = "Voltage Rating"; Value = ""; VariantName = "[No Variations]"
Added Component: Designator=C16(FP-0402-L_1_0_0_05-W_0_5-IPC_A)
Add component (AddParameter): Name = "Capacitor Type"; Value = "Ceramic"; VariantName = "[No Variations]"
Add component (AddParameter): Name = "Case/Package"; Value = "0402"; VariantName = "[No Variations]"
Add component (AddParameter): Name = "Max Operating Temperature"; Value = "85°C"; VariantName = "[No Variations]"
Add component (AddParameter): Name = "Min Operating Temperature"; Value = "-55°C"; VariantName = "[No Variations]"
Add component (AddParameter): Name = "Mounting Technology"; Value = "Surface Mount"; VariantName = "[No Variations]"
Add component (AddParameter): Name = "Pins"; Value = "2"; VariantName = "[No Variations]"
Add component (AddParameter): Name = "RoHS Compliant"; Value = "Yes"; VariantName = "[No Variations]"
Add component (AddParameter): Name = "Tolerance"; Value = ""; VariantName = "[No Variations]"
Add component (AddParameter): Name = "Value"; Value = ""; VariantName = "[No Variations]"
Add component (AddParameter): Name = "Voltage Rating"; Value = ""; VariantName = "[No Variations]"
Added Component: Designator=C17(FP-0402-L_1_0_0_05-W_0_5-IPC_A)
Add component (AddParameter): Name = "Capacitor Type"; Value = "Ceramic"; VariantName = "[No Variations]"
Add component (AddParameter): Name = "Case/Package"; Value = "0402"; VariantName = "[No Variations]"
Add component (AddParameter): Name = "Max Operating Temperature"; Value = "85°C"; VariantName = "[No Variations]"
Add component (AddParameter): Name = "Min Operating Temperature"; Value = "-55°C"; VariantName = "[No Variations]"
Add component (AddParameter): Name = "Mounting Technology"; Value = "Surface Mount"; VariantName = "[No Variations]"
Add component (AddParameter): Name = "Pins"; Value = "2"; VariantName = "[No Variations]"
Add component (AddParameter): Name = "RoHS Compliant"; Value = "Yes"; VariantName = "[No Variations]"
Add component (AddParameter): Name = "Tolerance"; Value = ""; VariantName = "[No Variations]"
Add component (AddParameter): Name = "Value"; Value = ""; VariantName = "[No Variations]"
Add component (AddParameter): Name = "Voltage Rating"; Value = ""; VariantName = "[No Variations]"
Added Component: Designator=C18(FP-0402-L_1_0_0_05-W_0_5-IPC_A)
Add component (AddParameter): Name = "Capacitor Type"; Value = "Ceramic"; VariantName = "[No Variations]"
Add component (AddParameter): Name = "Case/Package"; Value = "0402"; VariantName = "[No Variations]"
Add component (AddParameter): Name = "Max Operating Temperature"; Value = "85°C"; VariantName = "[No Variations]"
Add component (AddParameter): Name = "Min Operating Temperature"; Value = "-55°C"; VariantName = "[No Variations]"
Add component (AddParameter): Name = "Mounting Technology"; Value = "Surface Mount"; VariantName = "[No Variations]"
Add component (AddParameter): Name = "Pins"; Value = "2"; VariantName = "[No Variations]"
Add component (AddParameter): Name = "RoHS Compliant"; Value = "Yes"; VariantName = "[No Variations]"
Add component (AddParameter): Name = "Tolerance"; Value = ""; VariantName = "[No Variations]"
Add component (AddParameter): Name = "Value"; Value = ""; VariantName = "[No Variations]"
Add component (AddParameter): Name = "Voltage Rating"; Value = ""; VariantName = "[No Variations]"
Added Component: Designator=C19(FP-0402-L_1_0_0_05-W_0_5-IPC_A)
Add component (AddParameter): Name = "Capacitor Type"; Value = "Ceramic"; VariantName = "[No Variations]"
Add component (AddParameter): Name = "Case/Package"; Value = "0402"; VariantName = "[No Variations]"
Add component (AddParameter): Name = "Max Operating Temperature"; Value = "85°C"; VariantName = "[No Variations]"
Add component (AddParameter): Name = "Min Operating Temperature"; Value = "-55°C"; VariantName = "[No Variations]"
Add component (AddParameter): Name = "Mounting Technology"; Value = "Surface Mount"; VariantName = "[No Variations]"
Add component (AddParameter): Name = "Pins"; Value = "2"; VariantName = "[No Variations]"
Add component (AddParameter): Name = "RoHS Compliant"; Value = "Yes"; VariantName = "[No Variations]"
Add component (AddParameter): Name = "Tolerance"; Value = ""; VariantName = "[No Variations]"
Add component (AddParameter): Name = "Value"; Value = ""; VariantName = "[No Variations]"
Add component (AddParameter): Name = "Voltage Rating"; Value = ""; VariantName = "[No Variations]"
Added Component: Designator=C20(FP-0402-L_1_0_0_05-W_0_5-IPC_A)
Add component (AddParameter): Name = "Capacitor Type"; Value = "Ceramic"; VariantName = "[No Variations]"
Add component (AddParameter): Name = "Case/Package"; Value = "0402"; VariantName = "[No Variations]"
Add component (AddParameter): Name = "Max Operating Temperature"; Value = "85°C"; VariantName = "[No Variations]"
Add component (AddParameter): Name = "Min Operating Temperature"; Value = "-55°C"; VariantName = "[No Variations]"
Add component (AddParameter): Name = "Mounting Technology"; Value = "Surface Mount"; VariantName = "[No Variations]"
Add component (AddParameter): Name = "Pins"; Value = "2"; VariantName = "[No Variations]"
Add component (AddParameter): Name = "RoHS Compliant"; Value = "Yes"; VariantName = "[No Variations]"
Add component (AddParameter): Name = "Tolerance"; Value = ""; VariantName = "[No Variations]"
Add component (AddParameter): Name = "Value"; Value = ""; VariantName = "[No Variations]"
Add component (AddParameter): Name = "Voltage Rating"; Value = ""; VariantName = "[No Variations]"
Added Component: Designator=C21(FP-0402-L_1_0_0_05-W_0_5-IPC_A)
Add component (AddParameter): Name = "Capacitor Type"; Value = "Ceramic"; VariantName = "[No Variations]"
Add component (AddParameter): Name = "Case/Package"; Value = "0402"; VariantName = "[No Variations]"
Add component (AddParameter): Name = "Max Operating Temperature"; Value = "85°C"; VariantName = "[No Variations]"
Add component (AddParameter): Name = "Min Operating Temperature"; Value = "-55°C"; VariantName = "[No Variations]"
Add component (AddParameter): Name = "Mounting Technology"; Value = "Surface Mount"; VariantName = "[No Variations]"
Add component (AddParameter): Name = "Pins"; Value = "2"; VariantName = "[No Variations]"
Add component (AddParameter): Name = "RoHS Compliant"; Value = "Yes"; VariantName = "[No Variations]"
Add component (AddParameter): Name = "Tolerance"; Value = ""; VariantName = "[No Variations]"
Add component (AddParameter): Name = "Value"; Value = ""; VariantName = "[No Variations]"
Add component (AddParameter): Name = "Voltage Rating"; Value = ""; VariantName = "[No Variations]"
Added Component: Designator=C22(FP-0402-L_1_0_0_05-W_0_5-IPC_A)
Add component (AddParameter): Name = "Capacitor Type"; Value = "Ceramic"; VariantName = "[No Variations]"
Add component (AddParameter): Name = "Case/Package"; Value = "0402"; VariantName = "[No Variations]"
Add component (AddParameter): Name = "Max Operating Temperature"; Value = "85°C"; VariantName = "[No Variations]"
Add component (AddParameter): Name = "Min Operating Temperature"; Value = "-55°C"; VariantName = "[No Variations]"
Add component (AddParameter): Name = "Mounting Technology"; Value = "Surface Mount"; VariantName = "[No Variations]"
Add component (AddParameter): Name = "Pins"; Value = "2"; VariantName = "[No Variations]"
Add component (AddParameter): Name = "RoHS Compliant"; Value = "Yes"; VariantName = "[No Variations]"
Add component (AddParameter): Name = "Tolerance"; Value = ""; VariantName = "[No Variations]"
Add component (AddParameter): Name = "Value"; Value = ""; VariantName = "[No Variations]"
Add component (AddParameter): Name = "Voltage Rating"; Value = ""; VariantName = "[No Variations]"
Added Component: Designator=C23(FP-0402-L_1_0_0_05-W_0_5-IPC_A)
Add component (AddParameter): Name = "Capacitor Type"; Value = "Ceramic"; VariantName = "[No Variations]"
Add component (AddParameter): Name = "Case/Package"; Value = "0402"; VariantName = "[No Variations]"
Add component (AddParameter): Name = "Max Operating Temperature"; Value = "85°C"; VariantName = "[No Variations]"
Add component (AddParameter): Name = "Min Operating Temperature"; Value = "-55°C"; VariantName = "[No Variations]"
Add component (AddParameter): Name = "Mounting Technology"; Value = "Surface Mount"; VariantName = "[No Variations]"
Add component (AddParameter): Name = "Pins"; Value = "2"; VariantName = "[No Variations]"
Add component (AddParameter): Name = "RoHS Compliant"; Value = "Yes"; VariantName = "[No Variations]"
Add component (AddParameter): Name = "Tolerance"; Value = ""; VariantName = "[No Variations]"
Add component (AddParameter): Name = "Value"; Value = ""; VariantName = "[No Variations]"
Add component (AddParameter): Name = "Voltage Rating"; Value = ""; VariantName = "[No Variations]"
Added Component: Designator=C24(FP-0402-L_1_0_0_05-W_0_5-IPC_A)
Add component (AddParameter): Name = "Capacitor Type"; Value = "Ceramic"; VariantName = "[No Variations]"
Add component (AddParameter): Name = "Case/Package"; Value = "0402"; VariantName = "[No Variations]"
Add component (AddParameter): Name = "Max Operating Temperature"; Value = "85°C"; VariantName = "[No Variations]"
Add component (AddParameter): Name = "Min Operating Temperature"; Value = "-55°C"; VariantName = "[No Variations]"
Add component (AddParameter): Name = "Mounting Technology"; Value = "Surface Mount"; VariantName = "[No Variations]"
Add component (AddParameter): Name = "Pins"; Value = "2"; VariantName = "[No Variations]"
Add component (AddParameter): Name = "RoHS Compliant"; Value = "Yes"; VariantName = "[No Variations]"
Add component (AddParameter): Name = "Tolerance"; Value = ""; VariantName = "[No Variations]"
Add component (AddParameter): Name = "Value"; Value = ""; VariantName = "[No Variations]"
Add component (AddParameter): Name = "Voltage Rating"; Value = ""; VariantName = "[No Variations]"
Added Component: Designator=C25(FP-0402-L_1_0_0_05-W_0_5-IPC_A)
Add component (AddParameter): Name = "Capacitor Type"; Value = "Ceramic"; VariantName = "[No Variations]"
Add component (AddParameter): Name = "Case/Package"; Value = "0402"; VariantName = "[No Variations]"
Add component (AddParameter): Name = "Max Operating Temperature"; Value = "85°C"; VariantName = "[No Variations]"
Add component (AddParameter): Name = "Min Operating Temperature"; Value = "-55°C"; VariantName = "[No Variations]"
Add component (AddParameter): Name = "Mounting Technology"; Value = "Surface Mount"; VariantName = "[No Variations]"
Add component (AddParameter): Name = "Pins"; Value = "2"; VariantName = "[No Variations]"
Add component (AddParameter): Name = "RoHS Compliant"; Value = "Yes"; VariantName = "[No Variations]"
Add component (AddParameter): Name = "Tolerance"; Value = ""; VariantName = "[No Variations]"
Add component (AddParameter): Name = "Value"; Value = ""; VariantName = "[No Variations]"
Add component (AddParameter): Name = "Voltage Rating"; Value = ""; VariantName = "[No Variations]"
Added Component: Designator=C26(FP-0402-L_1_0_0_05-W_0_5-IPC_A)
Add component (AddParameter): Name = "Capacitor Type"; Value = "Ceramic"; VariantName = "[No Variations]"
Add component (AddParameter): Name = "Case/Package"; Value = "0402"; VariantName = "[No Variations]"
Add component (AddParameter): Name = "Max Operating Temperature"; Value = "85°C"; VariantName = "[No Variations]"
Add component (AddParameter): Name = "Min Operating Temperature"; Value = "-55°C"; VariantName = "[No Variations]"
Add component (AddParameter): Name = "Mounting Technology"; Value = "Surface Mount"; VariantName = "[No Variations]"
Add component (AddParameter): Name = "Pins"; Value = "2"; VariantName = "[No Variations]"
Add component (AddParameter): Name = "RoHS Compliant"; Value = "Yes"; VariantName = "[No Variations]"
Add component (AddParameter): Name = "Tolerance"; Value = ""; VariantName = "[No Variations]"
Add component (AddParameter): Name = "Value"; Value = ""; VariantName = "[No Variations]"
Add component (AddParameter): Name = "Voltage Rating"; Value = ""; VariantName = "[No Variations]"
Added Component: Designator=C27(FP-0402-L_1_0_0_05-W_0_5-IPC_A)
Add component (AddParameter): Name = "Capacitor Type"; Value = "Ceramic"; VariantName = "[No Variations]"
Add component (AddParameter): Name = "Case/Package"; Value = "0402"; VariantName = "[No Variations]"
Add component (AddParameter): Name = "Max Operating Temperature"; Value = "85°C"; VariantName = "[No Variations]"
Add component (AddParameter): Name = "Min Operating Temperature"; Value = "-55°C"; VariantName = "[No Variations]"
Add component (AddParameter): Name = "Mounting Technology"; Value = "Surface Mount"; VariantName = "[No Variations]"
Add component (AddParameter): Name = "Pins"; Value = "2"; VariantName = "[No Variations]"
Add component (AddParameter): Name = "RoHS Compliant"; Value = "Yes"; VariantName = "[No Variations]"
Add component (AddParameter): Name = "Tolerance"; Value = ""; VariantName = "[No Variations]"
Add component (AddParameter): Name = "Value"; Value = ""; VariantName = "[No Variations]"
Add component (AddParameter): Name = "Voltage Rating"; Value = ""; VariantName = "[No Variations]"
Added Component: Designator=C28(FP-0402-L_1_0_0_05-W_0_5-IPC_A)
Add component (AddParameter): Name = "Capacitor Type"; Value = "Ceramic"; VariantName = "[No Variations]"
Add component (AddParameter): Name = "Case/Package"; Value = "0402"; VariantName = "[No Variations]"
Add component (AddParameter): Name = "Max Operating Temperature"; Value = "85°C"; VariantName = "[No Variations]"
Add component (AddParameter): Name = "Min Operating Temperature"; Value = "-55°C"; VariantName = "[No Variations]"
Add component (AddParameter): Name = "Mounting Technology"; Value = "Surface Mount"; VariantName = "[No Variations]"
Add component (AddParameter): Name = "Pins"; Value = "2"; VariantName = "[No Variations]"
Add component (AddParameter): Name = "RoHS Compliant"; Value = "Yes"; VariantName = "[No Variations]"
Add component (AddParameter): Name = "Tolerance"; Value = ""; VariantName = "[No Variations]"
Add component (AddParameter): Name = "Value"; Value = ""; VariantName = "[No Variations]"
Add component (AddParameter): Name = "Voltage Rating"; Value = ""; VariantName = "[No Variations]"
Added Component: Designator=C29(FP-0402-L_1_0_0_05-W_0_5-IPC_A)
Add component (AddParameter): Name = "Capacitor Type"; Value = "Ceramic"; VariantName = "[No Variations]"
Add component (AddParameter): Name = "Case/Package"; Value = "0402"; VariantName = "[No Variations]"
Add component (AddParameter): Name = "Max Operating Temperature"; Value = "85°C"; VariantName = "[No Variations]"
Add component (AddParameter): Name = "Min Operating Temperature"; Value = "-55°C"; VariantName = "[No Variations]"
Add component (AddParameter): Name = "Mounting Technology"; Value = "Surface Mount"; VariantName = "[No Variations]"
Add component (AddParameter): Name = "Pins"; Value = "2"; VariantName = "[No Variations]"
Add component (AddParameter): Name = "RoHS Compliant"; Value = "Yes"; VariantName = "[No Variations]"
Add component (AddParameter): Name = "Tolerance"; Value = ""; VariantName = "[No Variations]"
Add component (AddParameter): Name = "Value"; Value = ""; VariantName = "[No Variations]"
Add component (AddParameter): Name = "Voltage Rating"; Value = ""; VariantName = "[No Variations]"
Added Component: Designator=C30(FP-0402-L_1_0_0_05-W_0_5-IPC_A)
Add component (AddParameter): Name = "Capacitor Type"; Value = "Ceramic"; VariantName = "[No Variations]"
Add component (AddParameter): Name = "Case/Package"; Value = "0402"; VariantName = "[No Variations]"
Add component (AddParameter): Name = "Max Operating Temperature"; Value = "85°C"; VariantName = "[No Variations]"
Add component (AddParameter): Name = "Min Operating Temperature"; Value = "-55°C"; VariantName = "[No Variations]"
Add component (AddParameter): Name = "Mounting Technology"; Value = "Surface Mount"; VariantName = "[No Variations]"
Add component (AddParameter): Name = "Pins"; Value = "2"; VariantName = "[No Variations]"
Add component (AddParameter): Name = "RoHS Compliant"; Value = "Yes"; VariantName = "[No Variations]"
Add component (AddParameter): Name = "Tolerance"; Value = ""; VariantName = "[No Variations]"
Add component (AddParameter): Name = "Value"; Value = ""; VariantName = "[No Variations]"
Add component (AddParameter): Name = "Voltage Rating"; Value = ""; VariantName = "[No Variations]"
Added Component: Designator=C31(FP-0402-L_1_0_0_05-W_0_5-IPC_A)
Add component (AddParameter): Name = "Capacitor Type"; Value = "Ceramic"; VariantName = "[No Variations]"
Add component (AddParameter): Name = "Case/Package"; Value = "0402"; VariantName = "[No Variations]"
Add component (AddParameter): Name = "Max Operating Temperature"; Value = "85°C"; VariantName = "[No Variations]"
Add component (AddParameter): Name = "Min Operating Temperature"; Value = "-55°C"; VariantName = "[No Variations]"
Add component (AddParameter): Name = "Mounting Technology"; Value = "Surface Mount"; VariantName = "[No Variations]"
Add component (AddParameter): Name = "Pins"; Value = "2"; VariantName = "[No Variations]"
Add component (AddParameter): Name = "RoHS Compliant"; Value = "Yes"; VariantName = "[No Variations]"
Add component (AddParameter): Name = "Tolerance"; Value = ""; VariantName = "[No Variations]"
Add component (AddParameter): Name = "Value"; Value = ""; VariantName = "[No Variations]"
Add component (AddParameter): Name = "Voltage Rating"; Value = ""; VariantName = "[No Variations]"
Added Component: Designator=C32(FP-0402-L_1_0_0_05-W_0_5-IPC_A)
Add component (AddParameter): Name = "Capacitor Type"; Value = "Ceramic"; VariantName = "[No Variations]"
Add component (AddParameter): Name = "Case/Package"; Value = "0402"; VariantName = "[No Variations]"
Add component (AddParameter): Name = "Max Operating Temperature"; Value = "85°C"; VariantName = "[No Variations]"
Add component (AddParameter): Name = "Min Operating Temperature"; Value = "-55°C"; VariantName = "[No Variations]"
Add component (AddParameter): Name = "Mounting Technology"; Value = "Surface Mount"; VariantName = "[No Variations]"
Add component (AddParameter): Name = "Pins"; Value = "2"; VariantName = "[No Variations]"
Add component (AddParameter): Name = "RoHS Compliant"; Value = "Yes"; VariantName = "[No Variations]"
Add component (AddParameter): Name = "Tolerance"; Value = ""; VariantName = "[No Variations]"
Add component (AddParameter): Name = "Value"; Value = ""; VariantName = "[No Variations]"
Add component (AddParameter): Name = "Voltage Rating"; Value = ""; VariantName = "[No Variations]"
Added Component: Designator=C33(FP-0402-L_1_0_0_05-W_0_5-IPC_A)
Add component (AddParameter): Name = "Capacitor Type"; Value = "Ceramic"; VariantName = "[No Variations]"
Add component (AddParameter): Name = "Case/Package"; Value = "0402"; VariantName = "[No Variations]"
Add component (AddParameter): Name = "Max Operating Temperature"; Value = "85°C"; VariantName = "[No Variations]"
Add component (AddParameter): Name = "Min Operating Temperature"; Value = "-55°C"; VariantName = "[No Variations]"
Add component (AddParameter): Name = "Mounting Technology"; Value = "Surface Mount"; VariantName = "[No Variations]"
Add component (AddParameter): Name = "Pins"; Value = "2"; VariantName = "[No Variations]"
Add component (AddParameter): Name = "RoHS Compliant"; Value = "Yes"; VariantName = "[No Variations]"
Add component (AddParameter): Name = "Tolerance"; Value = ""; VariantName = "[No Variations]"
Add component (AddParameter): Name = "Value"; Value = ""; VariantName = "[No Variations]"
Add component (AddParameter): Name = "Voltage Rating"; Value = ""; VariantName = "[No Variations]"
Added Component: Designator=C34(FP-0402-L_1_0_0_05-W_0_5-IPC_A)
Add component (AddParameter): Name = "Capacitor Type"; Value = "Ceramic"; VariantName = "[No Variations]"
Add component (AddParameter): Name = "Case/Package"; Value = "0402"; VariantName = "[No Variations]"
Add component (AddParameter): Name = "Max Operating Temperature"; Value = "85°C"; VariantName = "[No Variations]"
Add component (AddParameter): Name = "Min Operating Temperature"; Value = "-55°C"; VariantName = "[No Variations]"
Add component (AddParameter): Name = "Mounting Technology"; Value = "Surface Mount"; VariantName = "[No Variations]"
Add component (AddParameter): Name = "Pins"; Value = "2"; VariantName = "[No Variations]"
Add component (AddParameter): Name = "RoHS Compliant"; Value = "Yes"; VariantName = "[No Variations]"
Add component (AddParameter): Name = "Tolerance"; Value = ""; VariantName = "[No Variations]"
Add component (AddParameter): Name = "Value"; Value = ""; VariantName = "[No Variations]"
Add component (AddParameter): Name = "Voltage Rating"; Value = ""; VariantName = "[No Variations]"
Added Component: Designator=C35(FP-0402-L_1_0_0_05-W_0_5-IPC_A)
Add component (AddParameter): Name = "Capacitor Type"; Value = "Ceramic"; VariantName = "[No Variations]"
Add component (AddParameter): Name = "Case/Package"; Value = "0402"; VariantName = "[No Variations]"
Add component (AddParameter): Name = "Max Operating Temperature"; Value = "85°C"; VariantName = "[No Variations]"
Add component (AddParameter): Name = "Min Operating Temperature"; Value = "-55°C"; VariantName = "[No Variations]"
Add component (AddParameter): Name = "Mounting Technology"; Value = "Surface Mount"; VariantName = "[No Variations]"
Add component (AddParameter): Name = "Pins"; Value = "2"; VariantName = "[No Variations]"
Add component (AddParameter): Name = "RoHS Compliant"; Value = "Yes"; VariantName = "[No Variations]"
Add component (AddParameter): Name = "Tolerance"; Value = ""; VariantName = "[No Variations]"
Add component (AddParameter): Name = "Value"; Value = ""; VariantName = "[No Variations]"
Add component (AddParameter): Name = "Voltage Rating"; Value = ""; VariantName = "[No Variations]"
Added Component: Designator=D1_CAN_0(FP-SOT323-3L-MFG)
Add component (AddParameter): Name = "Automotive"; Value = "Yes"; VariantName = "[No Variations]"
Add component (AddParameter): Name = "Automotive Grade"; Value = "Grade 0"; VariantName = "[No Variations]"
Add component (AddParameter): Name = "Breakdown Voltage"; Value = "28.5V"; VariantName = "[No Variations]"
Add component (AddParameter): Name = "Capacitance"; Value = "3pF"; VariantName = "[No Variations]"
Add component (AddParameter): Name = "Category"; Value = "Diode"; VariantName = "[No Variations]"
Add component (AddParameter): Name = "Clamping Voltage"; Value = "44V"; VariantName = "[No Variations]"
Add component (AddParameter): Name = "ComponentLink2Description"; Value = "Datasheet"; VariantName = "[No Variations]"
Add component (AddParameter): Name = "ComponentLink2URL"; Value = "https://www.st.com/resource/en/datasheet/esdcan02-2bwy.pdf"; VariantName = "[No Variations]"
Add component (AddParameter): Name = "Device Class L1"; Value = "Circuit Protection"; VariantName = "[No Variations]"
Add component (AddParameter): Name = "Device Class L2"; Value = "TVS Diodes"; VariantName = "[No Variations]"
Add component (AddParameter): Name = "Device Class L3"; Value = "unset"; VariantName = "[No Variations]"
Add component (AddParameter): Name = "Digikey Description"; Value = "TVS DIODE 26.5V 44V SOT323-3"; VariantName = "[No Variations]"
Add component (AddParameter): Name = "Direction"; Value = "Bidirectional"; VariantName = "[No Variations]"
Add component (AddParameter): Name = "Height"; Value = "1.1mm"; VariantName = "[No Variations]"
Add component (AddParameter): Name = "Ipc Land Pattern Name"; Value = "SOT65P210X95-3"; VariantName = "[No Variations]"
Add component (AddParameter): Name = "Lead Free"; Value = "Yes"; VariantName = "[No Variations]"
Add component (AddParameter): Name = "Manufacturer"; Value = "STMicroelectronics"; VariantName = "[No Variations]"
Add component (AddParameter): Name = "Manufacturer Part Number"; Value = "ESDCAN02-2BWY"; VariantName = "[No Variations]"
Add component (AddParameter): Name = "Max Junction Temp"; Value = "+175°C"; VariantName = "[No Variations]"
Add component (AddParameter): Name = "Mouser Description"; Value = "TVS Diodes / ESD Suppressors Automotive dual-line Transil, Transient voltage suppressor (TVS) for CAN bus"; VariantName = "[No Variations]"
Add component (AddParameter): Name = "Number Of Channels"; Value = "2"; VariantName = "[No Variations]"
Add component (AddParameter): Name = "Octopart"; Value = "https://octopart.com/esdcan02-2bwy-stmicroelectronics-58631133"; VariantName = "[No Variations]"
Add component (AddParameter): Name = "Package"; Value = "SOT323-3L"; VariantName = "[No Variations]"
Add component (AddParameter): Name = "Peak Pulse Current"; Value = "3A"; VariantName = "[No Variations]"
Add component (AddParameter): Name = "Peak Pulse Power"; Value = "170W"; VariantName = "[No Variations]"
Add component (AddParameter): Name = "Reverse Standoff Voltage"; Value = "26.5V"; VariantName = "[No Variations]"
Add component (AddParameter): Name = "RoHS"; Value = "TRUE"; VariantName = "[No Variations]"
Add component (AddParameter): Name = "Standoff Height"; Value = "0mm"; VariantName = "[No Variations]"
Add component (AddParameter): Name = "Temperature"; Value = "-55°C to +175°C"; VariantName = "[No Variations]"
Add component (AddParameter): Name = "Temperature Range High"; Value = "+175°C"; VariantName = "[No Variations]"
Add component (AddParameter): Name = "Temperature Range Low"; Value = "-55°C"; VariantName = "[No Variations]"
Add component (AddParameter): Name = "Value"; Value = "3pF"; VariantName = "[No Variations]"
Added Component: Designator=D1_CAN_1(FP-SOT323-3L-MFG)
Add component (AddParameter): Name = "Automotive"; Value = "Yes"; VariantName = "[No Variations]"
Add component (AddParameter): Name = "Automotive Grade"; Value = "Grade 0"; VariantName = "[No Variations]"
Add component (AddParameter): Name = "Breakdown Voltage"; Value = "28.5V"; VariantName = "[No Variations]"
Add component (AddParameter): Name = "Capacitance"; Value = "3pF"; VariantName = "[No Variations]"
Add component (AddParameter): Name = "Category"; Value = "Diode"; VariantName = "[No Variations]"
Add component (AddParameter): Name = "Clamping Voltage"; Value = "44V"; VariantName = "[No Variations]"
Add component (AddParameter): Name = "ComponentLink2Description"; Value = "Datasheet"; VariantName = "[No Variations]"
Add component (AddParameter): Name = "ComponentLink2URL"; Value = "https://www.st.com/resource/en/datasheet/esdcan02-2bwy.pdf"; VariantName = "[No Variations]"
Add component (AddParameter): Name = "Device Class L1"; Value = "Circuit Protection"; VariantName = "[No Variations]"
Add component (AddParameter): Name = "Device Class L2"; Value = "TVS Diodes"; VariantName = "[No Variations]"
Add component (AddParameter): Name = "Device Class L3"; Value = "unset"; VariantName = "[No Variations]"
Add component (AddParameter): Name = "Digikey Description"; Value = "TVS DIODE 26.5V 44V SOT323-3"; VariantName = "[No Variations]"
Add component (AddParameter): Name = "Direction"; Value = "Bidirectional"; VariantName = "[No Variations]"
Add component (AddParameter): Name = "Height"; Value = "1.1mm"; VariantName = "[No Variations]"
Add component (AddParameter): Name = "Ipc Land Pattern Name"; Value = "SOT65P210X95-3"; VariantName = "[No Variations]"
Add component (AddParameter): Name = "Lead Free"; Value = "Yes"; VariantName = "[No Variations]"
Add component (AddParameter): Name = "Manufacturer"; Value = "STMicroelectronics"; VariantName = "[No Variations]"
Add component (AddParameter): Name = "Manufacturer Part Number"; Value = "ESDCAN02-2BWY"; VariantName = "[No Variations]"
Add component (AddParameter): Name = "Max Junction Temp"; Value = "+175°C"; VariantName = "[No Variations]"
Add component (AddParameter): Name = "Mouser Description"; Value = "TVS Diodes / ESD Suppressors Automotive dual-line Transil, Transient voltage suppressor (TVS) for CAN bus"; VariantName = "[No Variations]"
Add component (AddParameter): Name = "Number Of Channels"; Value = "2"; VariantName = "[No Variations]"
Add component (AddParameter): Name = "Octopart"; Value = "https://octopart.com/esdcan02-2bwy-stmicroelectronics-58631133"; VariantName = "[No Variations]"
Add component (AddParameter): Name = "Package"; Value = "SOT323-3L"; VariantName = "[No Variations]"
Add component (AddParameter): Name = "Peak Pulse Current"; Value = "3A"; VariantName = "[No Variations]"
Add component (AddParameter): Name = "Peak Pulse Power"; Value = "170W"; VariantName = "[No Variations]"
Add component (AddParameter): Name = "Reverse Standoff Voltage"; Value = "26.5V"; VariantName = "[No Variations]"
Add component (AddParameter): Name = "RoHS"; Value = "TRUE"; VariantName = "[No Variations]"
Add component (AddParameter): Name = "Standoff Height"; Value = "0mm"; VariantName = "[No Variations]"
Add component (AddParameter): Name = "Temperature"; Value = "-55°C to +175°C"; VariantName = "[No Variations]"
Add component (AddParameter): Name = "Temperature Range High"; Value = "+175°C"; VariantName = "[No Variations]"
Add component (AddParameter): Name = "Temperature Range Low"; Value = "-55°C"; VariantName = "[No Variations]"
Add component (AddParameter): Name = "Value"; Value = "3pF"; VariantName = "[No Variations]"
Added Component: Designator=D2_CAN_0(FP-SOD-123-IPC_A)
Add component (AddParameter): Name = "Average Rectified Current"; Value = "150mA"; VariantName = "[No Variations]"
Add component (AddParameter): Name = "Capacitance"; Value = "4pF"; VariantName = "[No Variations]"
Add component (AddParameter): Name = "Current Rating"; Value = "150mA"; VariantName = "[No Variations]"
Add component (AddParameter): Name = "Element Configuration"; Value = "Single"; VariantName = "[No Variations]"
Add component (AddParameter): Name = "Forward Current"; Value = "150mA"; VariantName = "[No Variations]"
Add component (AddParameter): Name = "Forward Voltage"; Value = "1V"; VariantName = "[No Variations]"
Add component (AddParameter): Name = "Height"; Value = "1.2mm"; VariantName = "[No Variations]"
Add component (AddParameter): Name = "Lead Free"; Value = "Lead Free"; VariantName = "[No Variations]"
Add component (AddParameter): Name = "Length"; Value = "2.85mm"; VariantName = "[No Variations]"
Add component (AddParameter): Name = "Max Forward Surge Current (Ifsm)"; Value = "1A"; VariantName = "[No Variations]"
Add component (AddParameter): Name = "Max Operating Temperature"; Value = "150°C"; VariantName = "[No Variations]"
Add component (AddParameter): Name = "Max Repetitive Reverse Voltage (Vrrm)"; Value = "100V"; VariantName = "[No Variations]"
Add component (AddParameter): Name = "Max Reverse Leakage Current"; Value = "5uA"; VariantName = "[No Variations]"
Add component (AddParameter): Name = "Max Reverse Voltage (DC)"; Value = "100V"; VariantName = "[No Variations]"
Add component (AddParameter): Name = "Max Surge Current"; Value = "2A"; VariantName = "[No Variations]"
Add component (AddParameter): Name = "Min Operating Temperature"; Value = "-65°C"; VariantName = "[No Variations]"
Add component (AddParameter): Name = "Mount"; Value = "Surface Mount"; VariantName = "[No Variations]"
Add component (AddParameter): Name = "Number of Pins"; Value = "2"; VariantName = "[No Variations]"
Add component (AddParameter): Name = "Output Current"; Value = "150mA"; VariantName = "[No Variations]"
Add component (AddParameter): Name = "Package Quantity"; Value = "3000"; VariantName = "[No Variations]"
Add component (AddParameter): Name = "Packaging"; Value = "Tape and Reel"; VariantName = "[No Variations]"
Add component (AddParameter): Name = "Peak Non-Repetitive Surge Current"; Value = "2A"; VariantName = "[No Variations]"
Add component (AddParameter): Name = "Polarity"; Value = "Standard"; VariantName = "[No Variations]"
Add component (AddParameter): Name = "Power Dissipation"; Value = "400mW"; VariantName = "[No Variations]"
Add component (AddParameter): Name = "Radiation Hardening"; Value = "No"; VariantName = "[No Variations]"
Add component (AddParameter): Name = "Recovery Time"; Value = "4ns"; VariantName = "[No Variations]"
Add component (AddParameter): Name = "Reverse Recovery Time"; Value = "4ns"; VariantName = "[No Variations]"
Add component (AddParameter): Name = "Voltage Rating (DC)"; Value = "100V"; VariantName = "[No Variations]"
Add component (AddParameter): Name = "Width"; Value = "1.8mm"; VariantName = "[No Variations]"
Added Component: Designator=D2_CAN_1(FP-SOD-123-IPC_A)
Add component (AddParameter): Name = "Average Rectified Current"; Value = "150mA"; VariantName = "[No Variations]"
Add component (AddParameter): Name = "Capacitance"; Value = "4pF"; VariantName = "[No Variations]"
Add component (AddParameter): Name = "Current Rating"; Value = "150mA"; VariantName = "[No Variations]"
Add component (AddParameter): Name = "Element Configuration"; Value = "Single"; VariantName = "[No Variations]"
Add component (AddParameter): Name = "Forward Current"; Value = "150mA"; VariantName = "[No Variations]"
Add component (AddParameter): Name = "Forward Voltage"; Value = "1V"; VariantName = "[No Variations]"
Add component (AddParameter): Name = "Height"; Value = "1.2mm"; VariantName = "[No Variations]"
Add component (AddParameter): Name = "Lead Free"; Value = "Lead Free"; VariantName = "[No Variations]"
Add component (AddParameter): Name = "Length"; Value = "2.85mm"; VariantName = "[No Variations]"
Add component (AddParameter): Name = "Max Forward Surge Current (Ifsm)"; Value = "1A"; VariantName = "[No Variations]"
Add component (AddParameter): Name = "Max Operating Temperature"; Value = "150°C"; VariantName = "[No Variations]"
Add component (AddParameter): Name = "Max Repetitive Reverse Voltage (Vrrm)"; Value = "100V"; VariantName = "[No Variations]"
Add component (AddParameter): Name = "Max Reverse Leakage Current"; Value = "5uA"; VariantName = "[No Variations]"
Add component (AddParameter): Name = "Max Reverse Voltage (DC)"; Value = "100V"; VariantName = "[No Variations]"
Add component (AddParameter): Name = "Max Surge Current"; Value = "2A"; VariantName = "[No Variations]"
Add component (AddParameter): Name = "Min Operating Temperature"; Value = "-65°C"; VariantName = "[No Variations]"
Add component (AddParameter): Name = "Mount"; Value = "Surface Mount"; VariantName = "[No Variations]"
Add component (AddParameter): Name = "Number of Pins"; Value = "2"; VariantName = "[No Variations]"
Add component (AddParameter): Name = "Output Current"; Value = "150mA"; VariantName = "[No Variations]"
Add component (AddParameter): Name = "Package Quantity"; Value = "3000"; VariantName = "[No Variations]"
Add component (AddParameter): Name = "Packaging"; Value = "Tape and Reel"; VariantName = "[No Variations]"
Add component (AddParameter): Name = "Peak Non-Repetitive Surge Current"; Value = "2A"; VariantName = "[No Variations]"
Add component (AddParameter): Name = "Polarity"; Value = "Standard"; VariantName = "[No Variations]"
Add component (AddParameter): Name = "Power Dissipation"; Value = "400mW"; VariantName = "[No Variations]"
Add component (AddParameter): Name = "Radiation Hardening"; Value = "No"; VariantName = "[No Variations]"
Add component (AddParameter): Name = "Recovery Time"; Value = "4ns"; VariantName = "[No Variations]"
Add component (AddParameter): Name = "Reverse Recovery Time"; Value = "4ns"; VariantName = "[No Variations]"
Add component (AddParameter): Name = "Voltage Rating (DC)"; Value = "100V"; VariantName = "[No Variations]"
Add component (AddParameter): Name = "Width"; Value = "1.8mm"; VariantName = "[No Variations]"
Added Component: Designator=D3(SK34A-LTP-Footprint-1)
Add component (AddParameter): Name = "Case/Package"; Value = ""; VariantName = "[No Variations]"
Add component (AddParameter): Name = "Forward Current"; Value = ""; VariantName = "[No Variations]"
Add component (AddParameter): Name = "Forward Voltage"; Value = "500mV"; VariantName = "[No Variations]"
Add component (AddParameter): Name = "Max Operating Temperature"; Value = "125°C"; VariantName = "[No Variations]"
Add component (AddParameter): Name = "Max Surge Current"; Value = ""; VariantName = "[No Variations]"
Add component (AddParameter): Name = "Min Operating Temperature"; Value = ""; VariantName = "[No Variations]"
Add component (AddParameter): Name = "Mounting Technology"; Value = ""; VariantName = "[No Variations]"
Add component (AddParameter): Name = "Peak Inverse Voltage"; Value = ""; VariantName = "[No Variations]"
Add component (AddParameter): Name = "Pins"; Value = "2"; VariantName = "[No Variations]"
Add component (AddParameter): Name = "RoHS Compliant"; Value = "Yes"; VariantName = "[No Variations]"
Added Component: Designator=D4(SK34A-LTP-Footprint-1)
Add component (AddParameter): Name = "Case/Package"; Value = ""; VariantName = "[No Variations]"
Add component (AddParameter): Name = "Forward Current"; Value = ""; VariantName = "[No Variations]"
Add component (AddParameter): Name = "Forward Voltage"; Value = "500mV"; VariantName = "[No Variations]"
Add component (AddParameter): Name = "Max Operating Temperature"; Value = "125°C"; VariantName = "[No Variations]"
Add component (AddParameter): Name = "Max Surge Current"; Value = ""; VariantName = "[No Variations]"
Add component (AddParameter): Name = "Min Operating Temperature"; Value = ""; VariantName = "[No Variations]"
Add component (AddParameter): Name = "Mounting Technology"; Value = ""; VariantName = "[No Variations]"
Add component (AddParameter): Name = "Peak Inverse Voltage"; Value = ""; VariantName = "[No Variations]"
Add component (AddParameter): Name = "Pins"; Value = "2"; VariantName = "[No Variations]"
Add component (AddParameter): Name = "RoHS Compliant"; Value = "Yes"; VariantName = "[No Variations]"
Added Component: Designator=D5(ONSC-SOD-523-2-502-01_V)
Add component (AddParameter): Name = "ComponentLink1Description"; Value = "Manufacturer URL"; VariantName = "[No Variations]"
Add component (AddParameter): Name = "ComponentLink1URL"; Value = "http://www.onsemi.com/"; VariantName = "[No Variations]"
Add component (AddParameter): Name = "ComponentLink2Description"; Value = "Datasheet"; VariantName = "[No Variations]"
Add component (AddParameter): Name = "ComponentLink2URL"; Value = "http://www.onsemi.cn/pub_link/Collateral/MM5Z2V4T1-D.PDF"; VariantName = "[No Variations]"
Add component (AddParameter): Name = "ComponentLink3Description"; Value = "Package Specification"; VariantName = "[No Variations]"
Add component (AddParameter): Name = "ComponentLink3URL"; Value = "http://www.onsemi.com/pub_link/Collateral/502-01.PDF"; VariantName = "[No Variations]"
Add component (AddParameter): Name = "DatasheetVersion"; Value = "Rev. 10"; VariantName = "[No Variations]"
Add component (AddParameter): Name = "Manufacturer"; Value = "On Semiconductor"; VariantName = "[No Variations]"
Add component (AddParameter): Name = "Mounting Technology"; Value = "Surface Mount"; VariantName = "[No Variations]"
Add component (AddParameter): Name = "P Max (W)"; Value = "0.5"; VariantName = "[No Variations]"
Add component (AddParameter): Name = "PackageDescription"; Value = "2-Pin SOD, Body 1.2 x 0.8 mm"; VariantName = "[No Variations]"
Add component (AddParameter): Name = "PackageReference"; Value = "SOD-523-2-502-01"; VariantName = "[No Variations]"
Add component (AddParameter): Name = "PackageVersion"; Value = "Rev. E, 09/2010"; VariantName = "[No Variations]"
Add component (AddParameter): Name = "Packing"; Value = "Tape and Reel"; VariantName = "[No Variations]"
Add component (AddParameter): Name = "PartNumber"; Value = "MM5Z3V3T1G"; VariantName = "[No Variations]"
Add component (AddParameter): Name = "RoHS"; Value = "Pb-Free"; VariantName = "[No Variations]"
Add component (AddParameter): Name = "VZ Typ (V)"; Value = "3.3"; VariantName = "[No Variations]"
Added Component: Designator=D6(ONSC-SOD-523-2-502-01_V)
Add component (AddParameter): Name = "ComponentLink1Description"; Value = "Manufacturer URL"; VariantName = "[No Variations]"
Add component (AddParameter): Name = "ComponentLink1URL"; Value = "http://www.onsemi.com/"; VariantName = "[No Variations]"
Add component (AddParameter): Name = "ComponentLink2Description"; Value = "Datasheet"; VariantName = "[No Variations]"
Add component (AddParameter): Name = "ComponentLink2URL"; Value = "http://www.onsemi.cn/pub_link/Collateral/MM5Z2V4T1-D.PDF"; VariantName = "[No Variations]"
Add component (AddParameter): Name = "ComponentLink3Description"; Value = "Package Specification"; VariantName = "[No Variations]"
Add component (AddParameter): Name = "ComponentLink3URL"; Value = "http://www.onsemi.com/pub_link/Collateral/502-01.PDF"; VariantName = "[No Variations]"
Add component (AddParameter): Name = "DatasheetVersion"; Value = "Rev. 10"; VariantName = "[No Variations]"
Add component (AddParameter): Name = "Manufacturer"; Value = "On Semiconductor"; VariantName = "[No Variations]"
Add component (AddParameter): Name = "Mounting Technology"; Value = "Surface Mount"; VariantName = "[No Variations]"
Add component (AddParameter): Name = "P Max (W)"; Value = "0.5"; VariantName = "[No Variations]"
Add component (AddParameter): Name = "PackageDescription"; Value = "2-Pin SOD, Body 1.2 x 0.8 mm"; VariantName = "[No Variations]"
Add component (AddParameter): Name = "PackageReference"; Value = "SOD-523-2-502-01"; VariantName = "[No Variations]"
Add component (AddParameter): Name = "PackageVersion"; Value = "Rev. E, 09/2010"; VariantName = "[No Variations]"
Add component (AddParameter): Name = "Packing"; Value = "Tape and Reel"; VariantName = "[No Variations]"
Add component (AddParameter): Name = "PartNumber"; Value = "MM5Z3V3T1G"; VariantName = "[No Variations]"
Add component (AddParameter): Name = "RoHS"; Value = "Pb-Free"; VariantName = "[No Variations]"
Add component (AddParameter): Name = "VZ Typ (V)"; Value = "3.3"; VariantName = "[No Variations]"
Added Component: Designator=D7(FP-SOD-123-IPC_A)
Add component (AddParameter): Name = "Average Rectified Current"; Value = "150mA"; VariantName = "[No Variations]"
Add component (AddParameter): Name = "Capacitance"; Value = "4pF"; VariantName = "[No Variations]"
Add component (AddParameter): Name = "Current Rating"; Value = "150mA"; VariantName = "[No Variations]"
Add component (AddParameter): Name = "Element Configuration"; Value = "Single"; VariantName = "[No Variations]"
Add component (AddParameter): Name = "Forward Current"; Value = "150mA"; VariantName = "[No Variations]"
Add component (AddParameter): Name = "Forward Voltage"; Value = "1V"; VariantName = "[No Variations]"
Add component (AddParameter): Name = "Height"; Value = "1.2mm"; VariantName = "[No Variations]"
Add component (AddParameter): Name = "Lead Free"; Value = "Lead Free"; VariantName = "[No Variations]"
Add component (AddParameter): Name = "Length"; Value = "2.85mm"; VariantName = "[No Variations]"
Add component (AddParameter): Name = "Max Forward Surge Current (Ifsm)"; Value = "1A"; VariantName = "[No Variations]"
Add component (AddParameter): Name = "Max Operating Temperature"; Value = "150°C"; VariantName = "[No Variations]"
Add component (AddParameter): Name = "Max Repetitive Reverse Voltage (Vrrm)"; Value = "100V"; VariantName = "[No Variations]"
Add component (AddParameter): Name = "Max Reverse Leakage Current"; Value = "5uA"; VariantName = "[No Variations]"
Add component (AddParameter): Name = "Max Reverse Voltage (DC)"; Value = "100V"; VariantName = "[No Variations]"
Add component (AddParameter): Name = "Max Surge Current"; Value = "2A"; VariantName = "[No Variations]"
Add component (AddParameter): Name = "Min Operating Temperature"; Value = "-65°C"; VariantName = "[No Variations]"
Add component (AddParameter): Name = "Mount"; Value = "Surface Mount"; VariantName = "[No Variations]"
Add component (AddParameter): Name = "Number of Pins"; Value = "2"; VariantName = "[No Variations]"
Add component (AddParameter): Name = "Output Current"; Value = "150mA"; VariantName = "[No Variations]"
Add component (AddParameter): Name = "Package Quantity"; Value = "3000"; VariantName = "[No Variations]"
Add component (AddParameter): Name = "Packaging"; Value = "Tape and Reel"; VariantName = "[No Variations]"
Add component (AddParameter): Name = "Peak Non-Repetitive Surge Current"; Value = "2A"; VariantName = "[No Variations]"
Add component (AddParameter): Name = "Polarity"; Value = "Standard"; VariantName = "[No Variations]"
Add component (AddParameter): Name = "Power Dissipation"; Value = "400mW"; VariantName = "[No Variations]"
Add component (AddParameter): Name = "Radiation Hardening"; Value = "No"; VariantName = "[No Variations]"
Add component (AddParameter): Name = "Recovery Time"; Value = "4ns"; VariantName = "[No Variations]"
Add component (AddParameter): Name = "Reverse Recovery Time"; Value = "4ns"; VariantName = "[No Variations]"
Add component (AddParameter): Name = "Voltage Rating (DC)"; Value = "100V"; VariantName = "[No Variations]"
Add component (AddParameter): Name = "Width"; Value = "1.8mm"; VariantName = "[No Variations]"
Added Component: Designator=D8(FP-SOD-123-IPC_A)
Add component (AddParameter): Name = "Average Rectified Current"; Value = "150mA"; VariantName = "[No Variations]"
Add component (AddParameter): Name = "Capacitance"; Value = "4pF"; VariantName = "[No Variations]"
Add component (AddParameter): Name = "Current Rating"; Value = "150mA"; VariantName = "[No Variations]"
Add component (AddParameter): Name = "Element Configuration"; Value = "Single"; VariantName = "[No Variations]"
Add component (AddParameter): Name = "Forward Current"; Value = "150mA"; VariantName = "[No Variations]"
Add component (AddParameter): Name = "Forward Voltage"; Value = "1V"; VariantName = "[No Variations]"
Add component (AddParameter): Name = "Height"; Value = "1.2mm"; VariantName = "[No Variations]"
Add component (AddParameter): Name = "Lead Free"; Value = "Lead Free"; VariantName = "[No Variations]"
Add component (AddParameter): Name = "Length"; Value = "2.85mm"; VariantName = "[No Variations]"
Add component (AddParameter): Name = "Max Forward Surge Current (Ifsm)"; Value = "1A"; VariantName = "[No Variations]"
Add component (AddParameter): Name = "Max Operating Temperature"; Value = "150°C"; VariantName = "[No Variations]"
Add component (AddParameter): Name = "Max Repetitive Reverse Voltage (Vrrm)"; Value = "100V"; VariantName = "[No Variations]"
Add component (AddParameter): Name = "Max Reverse Leakage Current"; Value = "5uA"; VariantName = "[No Variations]"
Add component (AddParameter): Name = "Max Reverse Voltage (DC)"; Value = "100V"; VariantName = "[No Variations]"
Add component (AddParameter): Name = "Max Surge Current"; Value = "2A"; VariantName = "[No Variations]"
Add component (AddParameter): Name = "Min Operating Temperature"; Value = "-65°C"; VariantName = "[No Variations]"
Add component (AddParameter): Name = "Mount"; Value = "Surface Mount"; VariantName = "[No Variations]"
Add component (AddParameter): Name = "Number of Pins"; Value = "2"; VariantName = "[No Variations]"
Add component (AddParameter): Name = "Output Current"; Value = "150mA"; VariantName = "[No Variations]"
Add component (AddParameter): Name = "Package Quantity"; Value = "3000"; VariantName = "[No Variations]"
Add component (AddParameter): Name = "Packaging"; Value = "Tape and Reel"; VariantName = "[No Variations]"
Add component (AddParameter): Name = "Peak Non-Repetitive Surge Current"; Value = "2A"; VariantName = "[No Variations]"
Add component (AddParameter): Name = "Polarity"; Value = "Standard"; VariantName = "[No Variations]"
Add component (AddParameter): Name = "Power Dissipation"; Value = "400mW"; VariantName = "[No Variations]"
Add component (AddParameter): Name = "Radiation Hardening"; Value = "No"; VariantName = "[No Variations]"
Add component (AddParameter): Name = "Recovery Time"; Value = "4ns"; VariantName = "[No Variations]"
Add component (AddParameter): Name = "Reverse Recovery Time"; Value = "4ns"; VariantName = "[No Variations]"
Add component (AddParameter): Name = "Voltage Rating (DC)"; Value = "100V"; VariantName = "[No Variations]"
Add component (AddParameter): Name = "Width"; Value = "1.8mm"; VariantName = "[No Variations]"
Added Component: Designator=D9(FP-SOD-123-IPC_A)
Add component (AddParameter): Name = "Average Rectified Current"; Value = "150mA"; VariantName = "[No Variations]"
Add component (AddParameter): Name = "Capacitance"; Value = "4pF"; VariantName = "[No Variations]"
Add component (AddParameter): Name = "Current Rating"; Value = "150mA"; VariantName = "[No Variations]"
Add component (AddParameter): Name = "Element Configuration"; Value = "Single"; VariantName = "[No Variations]"
Add component (AddParameter): Name = "Forward Current"; Value = "150mA"; VariantName = "[No Variations]"
Add component (AddParameter): Name = "Forward Voltage"; Value = "1V"; VariantName = "[No Variations]"
Add component (AddParameter): Name = "Height"; Value = "1.2mm"; VariantName = "[No Variations]"
Add component (AddParameter): Name = "Lead Free"; Value = "Lead Free"; VariantName = "[No Variations]"
Add component (AddParameter): Name = "Length"; Value = "2.85mm"; VariantName = "[No Variations]"
Add component (AddParameter): Name = "Max Forward Surge Current (Ifsm)"; Value = "1A"; VariantName = "[No Variations]"
Add component (AddParameter): Name = "Max Operating Temperature"; Value = "150°C"; VariantName = "[No Variations]"
Add component (AddParameter): Name = "Max Repetitive Reverse Voltage (Vrrm)"; Value = "100V"; VariantName = "[No Variations]"
Add component (AddParameter): Name = "Max Reverse Leakage Current"; Value = "5uA"; VariantName = "[No Variations]"
Add component (AddParameter): Name = "Max Reverse Voltage (DC)"; Value = "100V"; VariantName = "[No Variations]"
Add component (AddParameter): Name = "Max Surge Current"; Value = "2A"; VariantName = "[No Variations]"
Add component (AddParameter): Name = "Min Operating Temperature"; Value = "-65°C"; VariantName = "[No Variations]"
Add component (AddParameter): Name = "Mount"; Value = "Surface Mount"; VariantName = "[No Variations]"
Add component (AddParameter): Name = "Number of Pins"; Value = "2"; VariantName = "[No Variations]"
Add component (AddParameter): Name = "Output Current"; Value = "150mA"; VariantName = "[No Variations]"
Add component (AddParameter): Name = "Package Quantity"; Value = "3000"; VariantName = "[No Variations]"
Add component (AddParameter): Name = "Packaging"; Value = "Tape and Reel"; VariantName = "[No Variations]"
Add component (AddParameter): Name = "Peak Non-Repetitive Surge Current"; Value = "2A"; VariantName = "[No Variations]"
Add component (AddParameter): Name = "Polarity"; Value = "Standard"; VariantName = "[No Variations]"
Add component (AddParameter): Name = "Power Dissipation"; Value = "400mW"; VariantName = "[No Variations]"
Add component (AddParameter): Name = "Radiation Hardening"; Value = "No"; VariantName = "[No Variations]"
Add component (AddParameter): Name = "Recovery Time"; Value = "4ns"; VariantName = "[No Variations]"
Add component (AddParameter): Name = "Reverse Recovery Time"; Value = "4ns"; VariantName = "[No Variations]"
Add component (AddParameter): Name = "Voltage Rating (DC)"; Value = "100V"; VariantName = "[No Variations]"
Add component (AddParameter): Name = "Width"; Value = "1.8mm"; VariantName = "[No Variations]"
Added Component: Designator=D10(WL-SBCD_0606)
Add component (AddParameter): Name = "Case/Package"; Value = ""; VariantName = "[No Variations]"
Add component (AddParameter): Name = "Component Type"; Value = "Standard"; VariantName = "[No Variations]"
Add component (AddParameter): Name = "Design Item ID"; Value = "CMP-004-00034-2"; VariantName = "[No Variations]"
Add component (AddParameter): Name = "Forward Current"; Value = ""; VariantName = "[No Variations]"
Add component (AddParameter): Name = "Forward Voltage"; Value = ""; VariantName = "[No Variations]"
Add component (AddParameter): Name = "Max Operating Temperature"; Value = ""; VariantName = "[No Variations]"
Add component (AddParameter): Name = "Max Surge Current"; Value = ""; VariantName = "[No Variations]"
Add component (AddParameter): Name = "Min Operating Temperature"; Value = ""; VariantName = "[No Variations]"
Add component (AddParameter): Name = "Mounting Technology"; Value = ""; VariantName = "[No Variations]"
Add component (AddParameter): Name = "Peak Inverse Voltage"; Value = ""; VariantName = "[No Variations]"
Add component (AddParameter): Name = "Pins"; Value = "4"; VariantName = "[No Variations]"
Add component (AddParameter): Name = "RoHS Compliant"; Value = ""; VariantName = "[No Variations]"
Add component (AddParameter): Name = "Source"; Value = "rgled.SchLib"; VariantName = "[No Variations]"
Added Component: Designator=D11(WL-SBCD_0606)
Add component (AddParameter): Name = "Case/Package"; Value = ""; VariantName = "[No Variations]"
Add component (AddParameter): Name = "Component Type"; Value = "Standard"; VariantName = "[No Variations]"
Add component (AddParameter): Name = "Design Item ID"; Value = "CMP-004-00034-2"; VariantName = "[No Variations]"
Add component (AddParameter): Name = "Forward Current"; Value = ""; VariantName = "[No Variations]"
Add component (AddParameter): Name = "Forward Voltage"; Value = ""; VariantName = "[No Variations]"
Add component (AddParameter): Name = "Max Operating Temperature"; Value = ""; VariantName = "[No Variations]"
Add component (AddParameter): Name = "Max Surge Current"; Value = ""; VariantName = "[No Variations]"
Add component (AddParameter): Name = "Min Operating Temperature"; Value = ""; VariantName = "[No Variations]"
Add component (AddParameter): Name = "Mounting Technology"; Value = ""; VariantName = "[No Variations]"
Add component (AddParameter): Name = "Peak Inverse Voltage"; Value = ""; VariantName = "[No Variations]"
Add component (AddParameter): Name = "Pins"; Value = "4"; VariantName = "[No Variations]"
Add component (AddParameter): Name = "RoHS Compliant"; Value = ""; VariantName = "[No Variations]"
Add component (AddParameter): Name = "Source"; Value = "rgled.SchLib"; VariantName = "[No Variations]"
Added Component: Designator=F1(FP-0679L-MFG)
Add component (AddParameter): Name = "Automotive"; Value = "Yes"; VariantName = "[No Variations]"
Add component (AddParameter): Name = "Automotive Grade"; Value = "Grade 1"; VariantName = "[No Variations]"
Add component (AddParameter): Name = "Category"; Value = "Fuse"; VariantName = "[No Variations]"
Add component (AddParameter): Name = "ComponentLink2Description"; Value = "Datasheet"; VariantName = "[No Variations]"
Add component (AddParameter): Name = "ComponentLink2URL"; Value = "https://www.belfuse.com/resources/CircuitProtection/datasheets/0679L%20Sep2016.pdf"; VariantName = "[No Variations]"
Add component (AddParameter): Name = "Device Class L1"; Value = "Circuit Protection"; VariantName = "[No Variations]"
Add component (AddParameter): Name = "Device Class L2"; Value = "Fuses"; VariantName = "[No Variations]"
Add component (AddParameter): Name = "Device Class L3"; Value = "unset"; VariantName = "[No Variations]"
Add component (AddParameter): Name = "Digikey Description"; Value = "FUSE BRD MNT 15A 125VAC/VDC"; VariantName = "[No Variations]"
Add component (AddParameter): Name = "Fuse Blow Speed"; Value = "Fast"; VariantName = "[No Variations]"
Add component (AddParameter): Name = "Fuse Current"; Value = "15A"; VariantName = "[No Variations]"
Add component (AddParameter): Name = "Fuse I2T"; Value = "103.5A2Sec"; VariantName = "[No Variations]"
Add component (AddParameter): Name = "Fuse Interrupt Ac Current"; Value = "50A"; VariantName = "[No Variations]"
Add component (AddParameter): Name = "Fuse Interrupt Dc Current"; Value = "300A"; VariantName = "[No Variations]"
Add component (AddParameter): Name = "Fuse Voltage Drop"; Value = "0.13V"; VariantName = "[No Variations]"
Add component (AddParameter): Name = "Height"; Value = "2.79mm"; VariantName = "[No Variations]"
Add component (AddParameter): Name = "Ipc Land Pattern Name"; Value = "CAPC610254X254"; VariantName = "[No Variations]"
Add component (AddParameter): Name = "Lead Free"; Value = "Yes"; VariantName = "[No Variations]"
Add component (AddParameter): Name = "Manufacturer"; Value = "Bel Fuse"; VariantName = "[No Variations]"
Add component (AddParameter): Name = "Manufacturer Part Number"; Value = "0679L9150-01"; VariantName = "[No Variations]"
Add component (AddParameter): Name = "Max Fuse Ac Voltage"; Value = "125V"; VariantName = "[No Variations]"
Add component (AddParameter): Name = "Max Fuse Dc Voltage"; Value = "125V"; VariantName = "[No Variations]"
Add component (AddParameter): Name = "Octopart"; Value = "https://octopart.com/0679l9150-01-bel+fuse-70850665"; VariantName = "[No Variations]"
Add component (AddParameter): Name = "Package"; Value = "0679L"; VariantName = "[No Variations]"
Add component (AddParameter): Name = "Resistance"; Value = "0.0038O"; VariantName = "[No Variations]"
Add component (AddParameter): Name = "RoHS"; Value = "TRUE"; VariantName = "[No Variations]"
Add component (AddParameter): Name = "Temperature"; Value = "-55°C to +125°C"; VariantName = "[No Variations]"
Add component (AddParameter): Name = "Temperature Range High"; Value = "+125°C"; VariantName = "[No Variations]"
Add component (AddParameter): Name = "Temperature Range Low"; Value = "-55°C"; VariantName = "[No Variations]"
Add component (AddParameter): Name = "Value"; Value = "0.0038O"; VariantName = "[No Variations]"
Add component (AddParameter): Name = "Voltage Rating"; Value = "125V"; VariantName = "[No Variations]"
Added Component: Designator=F2(FP-0679L-MFG)
Add component (AddParameter): Name = "Automotive"; Value = "Yes"; VariantName = "[No Variations]"
Add component (AddParameter): Name = "Automotive Grade"; Value = "Grade 1"; VariantName = "[No Variations]"
Add component (AddParameter): Name = "Category"; Value = "Fuse"; VariantName = "[No Variations]"
Add component (AddParameter): Name = "ComponentLink2Description"; Value = "Datasheet"; VariantName = "[No Variations]"
Add component (AddParameter): Name = "ComponentLink2URL"; Value = "https://www.belfuse.com/resources/CircuitProtection/datasheets/0679L%20Sep2016.pdf"; VariantName = "[No Variations]"
Add component (AddParameter): Name = "Device Class L1"; Value = "Circuit Protection"; VariantName = "[No Variations]"
Add component (AddParameter): Name = "Device Class L2"; Value = "Fuses"; VariantName = "[No Variations]"
Add component (AddParameter): Name = "Device Class L3"; Value = "unset"; VariantName = "[No Variations]"
Add component (AddParameter): Name = "Digikey Description"; Value = "FUSE BRD MNT 15A 125VAC/VDC"; VariantName = "[No Variations]"
Add component (AddParameter): Name = "Fuse Blow Speed"; Value = "Fast"; VariantName = "[No Variations]"
Add component (AddParameter): Name = "Fuse Current"; Value = "15A"; VariantName = "[No Variations]"
Add component (AddParameter): Name = "Fuse I2T"; Value = "103.5A2Sec"; VariantName = "[No Variations]"
Add component (AddParameter): Name = "Fuse Interrupt Ac Current"; Value = "50A"; VariantName = "[No Variations]"
Add component (AddParameter): Name = "Fuse Interrupt Dc Current"; Value = "300A"; VariantName = "[No Variations]"
Add component (AddParameter): Name = "Fuse Voltage Drop"; Value = "0.13V"; VariantName = "[No Variations]"
Add component (AddParameter): Name = "Height"; Value = "2.79mm"; VariantName = "[No Variations]"
Add component (AddParameter): Name = "Ipc Land Pattern Name"; Value = "CAPC610254X254"; VariantName = "[No Variations]"
Add component (AddParameter): Name = "Lead Free"; Value = "Yes"; VariantName = "[No Variations]"
Add component (AddParameter): Name = "Manufacturer"; Value = "Bel Fuse"; VariantName = "[No Variations]"
Add component (AddParameter): Name = "Manufacturer Part Number"; Value = "0679L9150-01"; VariantName = "[No Variations]"
Add component (AddParameter): Name = "Max Fuse Ac Voltage"; Value = "125V"; VariantName = "[No Variations]"
Add component (AddParameter): Name = "Max Fuse Dc Voltage"; Value = "125V"; VariantName = "[No Variations]"
Add component (AddParameter): Name = "Octopart"; Value = "https://octopart.com/0679l9150-01-bel+fuse-70850665"; VariantName = "[No Variations]"
Add component (AddParameter): Name = "Package"; Value = "0679L"; VariantName = "[No Variations]"
Add component (AddParameter): Name = "Resistance"; Value = "0.0038O"; VariantName = "[No Variations]"
Add component (AddParameter): Name = "RoHS"; Value = "TRUE"; VariantName = "[No Variations]"
Add component (AddParameter): Name = "Temperature"; Value = "-55°C to +125°C"; VariantName = "[No Variations]"
Add component (AddParameter): Name = "Temperature Range High"; Value = "+125°C"; VariantName = "[No Variations]"
Add component (AddParameter): Name = "Temperature Range Low"; Value = "-55°C"; VariantName = "[No Variations]"
Add component (AddParameter): Name = "Value"; Value = "0.0038O"; VariantName = "[No Variations]"
Add component (AddParameter): Name = "Voltage Rating"; Value = "125V"; VariantName = "[No Variations]"
Added Component: Designator=FB1(FP-BLM15-0_05-IPC_A)
Add component (AddParameter): Name = "Case Code (Imperial)"; Value = "0402"; VariantName = "[No Variations]"
Add component (AddParameter): Name = "Case Code (Metric)"; Value = "1005"; VariantName = "[No Variations]"
Add component (AddParameter): Name = "Case/Package"; Value = "0402"; VariantName = "[No Variations]"
Add component (AddParameter): Name = "Current Rating"; Value = "900mA"; VariantName = "[No Variations]"
Add component (AddParameter): Name = "DC Resistance (DCR)"; Value = "230mR"; VariantName = "[No Variations]"
Add component (AddParameter): Name = "Height"; Value = "0.5mm"; VariantName = "[No Variations]"
Add component (AddParameter): Name = "Impedance"; Value = "600R"; VariantName = "[No Variations]"
Add component (AddParameter): Name = "Lead Free"; Value = "Lead Free"; VariantName = "[No Variations]"
Add component (AddParameter): Name = "Length"; Value = "1mm"; VariantName = "[No Variations]"
Add component (AddParameter): Name = "Material"; Value = "Steel"; VariantName = "[No Variations]"
Add component (AddParameter): Name = "Max Current Rating"; Value = "900mA"; VariantName = "[No Variations]"
Add component (AddParameter): Name = "Max DC Current"; Value = "900mA"; VariantName = "[No Variations]"
Add component (AddParameter): Name = "Max Operating Temperature"; Value = "125°C"; VariantName = "[No Variations]"
Add component (AddParameter): Name = "Min Operating Temperature"; Value = "-55°C"; VariantName = "[No Variations]"
Add component (AddParameter): Name = "Number of Circuits"; Value = "1"; VariantName = "[No Variations]"
Add component (AddParameter): Name = "Number of Lines"; Value = "1"; VariantName = "[No Variations]"
Add component (AddParameter): Name = "Number of Pins"; Value = "2"; VariantName = "[No Variations]"
Add component (AddParameter): Name = "Package Quantity"; Value = "10000"; VariantName = "[No Variations]"
Add component (AddParameter): Name = "Packaging"; Value = "Tape and Reel"; VariantName = "[No Variations]"
Add component (AddParameter): Name = "Termination"; Value = "SMD/SMT"; VariantName = "[No Variations]"
Add component (AddParameter): Name = "Test Frequency"; Value = "100MHz"; VariantName = "[No Variations]"
Add component (AddParameter): Name = "Tolerance"; Value = "25%"; VariantName = "[No Variations]"
Add component (AddParameter): Name = "Width"; Value = "0.5mm"; VariantName = "[No Variations]"
Added Component: Designator=J1(776266-1-Footprint-1)
Add component (AddParameter): Name = "Case/Package"; Value = ""; VariantName = "[No Variations]"
Add component (AddParameter): Name = "Connector Type"; Value = "BOARD CONNECTOR"; VariantName = "[No Variations]"
Add component (AddParameter): Name = "Gender"; Value = ""; VariantName = "[No Variations]"
Add component (AddParameter): Name = "Max Operating Temperature"; Value = ""; VariantName = "[No Variations]"
Add component (AddParameter): Name = "Min Operating Temperature"; Value = ""; VariantName = "[No Variations]"
Add component (AddParameter): Name = "Mounting Technology"; Value = ""; VariantName = "[No Variations]"
Add component (AddParameter): Name = "Pins"; Value = ""; VariantName = "[No Variations]"
Add component (AddParameter): Name = "RoHS Compliant"; Value = "Yes"; VariantName = "[No Variations]"
Added Component: Designator=J2(3220-10-0300-00-Footprint-1)
Add component (AddParameter): Name = "Case/Package"; Value = ""; VariantName = "[No Variations]"
Add component (AddParameter): Name = "Connector Type"; Value = ""; VariantName = "[No Variations]"
Add component (AddParameter): Name = "Gender"; Value = ""; VariantName = "[No Variations]"
Add component (AddParameter): Name = "Max Operating Temperature"; Value = ""; VariantName = "[No Variations]"
Add component (AddParameter): Name = "Min Operating Temperature"; Value = ""; VariantName = "[No Variations]"
Add component (AddParameter): Name = "Mounting Technology"; Value = ""; VariantName = "[No Variations]"
Add component (AddParameter): Name = "Pins"; Value = ""; VariantName = "[No Variations]"
Add component (AddParameter): Name = "RoHS Compliant"; Value = ""; VariantName = "[No Variations]"
Added Component: Designator=L1_CAN_0(FP-SRF4532-MFG)
Add component (AddParameter): Name = "Case/Package"; Value = "4532"; VariantName = "[No Variations]"
Add component (AddParameter): Name = "Contact Plating"; Value = "Tin"; VariantName = "[No Variations]"
Add component (AddParameter): Name = "Core Material"; Value = "Ferrite"; VariantName = "[No Variations]"
Add component (AddParameter): Name = "Current"; Value = "200mA"; VariantName = "[No Variations]"
Add component (AddParameter): Name = "Current Rating"; Value = "200mA"; VariantName = "[No Variations]"
Add component (AddParameter): Name = "DC Current"; Value = "200mA"; VariantName = "[No Variations]"
Add component (AddParameter): Name = "DC Resistance (DCR)"; Value = "3.5R"; VariantName = "[No Variations]"
Add component (AddParameter): Name = "Depth"; Value = "3.4mm"; VariantName = "[No Variations]"
Add component (AddParameter): Name = "Element Configuration"; Value = "Dual"; VariantName = "[No Variations]"
Add component (AddParameter): Name = "Height"; Value = "0.118inch"; VariantName = "[No Variations]"
Add component (AddParameter): Name = "Impedance"; Value = "2kR"; VariantName = "[No Variations]"
Add component (AddParameter): Name = "Inductance"; Value = "51uH"; VariantName = "[No Variations]"
Add component (AddParameter): Name = "Insulation Resistance"; Value = "10MR"; VariantName = "[No Variations]"
Add component (AddParameter): Name = "Lead Free"; Value = "Lead Free"; VariantName = "[No Variations]"
Add component (AddParameter): Name = "Length"; Value = "4.5mm"; VariantName = "[No Variations]"
Add component (AddParameter): Name = "Material"; Value = "Steel"; VariantName = "[No Variations]"
Add component (AddParameter): Name = "Max DC Current"; Value = "200mA"; VariantName = "[No Variations]"
Add component (AddParameter): Name = "Max Operating Temperature"; Value = "125°C"; VariantName = "[No Variations]"
Add component (AddParameter): Name = "Min Operating Temperature"; Value = "-40°C"; VariantName = "[No Variations]"
Add component (AddParameter): Name = "Mount"; Value = "Surface Mount"; VariantName = "[No Variations]"
Add component (AddParameter): Name = "Number of Lines"; Value = "2"; VariantName = "[No Variations]"
Add component (AddParameter): Name = "Package Quantity"; Value = "1"; VariantName = "[No Variations]"
Add component (AddParameter): Name = "Packaging"; Value = "Tape and Reel"; VariantName = "[No Variations]"
Add component (AddParameter): Name = "REACH SVHC"; Value = "No SVHC"; VariantName = "[No Variations]"
Add component (AddParameter): Name = "Resistance"; Value = "2kR"; VariantName = "[No Variations]"
Add component (AddParameter): Name = "RoHS Compliant"; Value = "Yes"; VariantName = "[No Variations]"
Add component (AddParameter): Name = "Self Resonant Frequency"; Value = "100kHz"; VariantName = "[No Variations]"
Add component (AddParameter): Name = "Series"; Value = "SRF4532"; VariantName = "[No Variations]"
Add component (AddParameter): Name = "Termination"; Value = "SMD/SMT"; VariantName = "[No Variations]"
Add component (AddParameter): Name = "Test Frequency"; Value = "100kHz"; VariantName = "[No Variations]"
Add component (AddParameter): Name = "Tolerance"; Value = "50%"; VariantName = "[No Variations]"
Add component (AddParameter): Name = "Voltage Rating (DC)"; Value = "50V"; VariantName = "[No Variations]"
Add component (AddParameter): Name = "Width"; Value = "0.126inch"; VariantName = "[No Variations]"
Added Component: Designator=L1_CAN_1(FP-SRF4532-MFG)
Add component (AddParameter): Name = "Case/Package"; Value = "4532"; VariantName = "[No Variations]"
Add component (AddParameter): Name = "Contact Plating"; Value = "Tin"; VariantName = "[No Variations]"
Add component (AddParameter): Name = "Core Material"; Value = "Ferrite"; VariantName = "[No Variations]"
Add component (AddParameter): Name = "Current"; Value = "200mA"; VariantName = "[No Variations]"
Add component (AddParameter): Name = "Current Rating"; Value = "200mA"; VariantName = "[No Variations]"
Add component (AddParameter): Name = "DC Current"; Value = "200mA"; VariantName = "[No Variations]"
Add component (AddParameter): Name = "DC Resistance (DCR)"; Value = "3.5R"; VariantName = "[No Variations]"
Add component (AddParameter): Name = "Depth"; Value = "3.4mm"; VariantName = "[No Variations]"
Add component (AddParameter): Name = "Element Configuration"; Value = "Dual"; VariantName = "[No Variations]"
Add component (AddParameter): Name = "Height"; Value = "0.118inch"; VariantName = "[No Variations]"
Add component (AddParameter): Name = "Impedance"; Value = "2kR"; VariantName = "[No Variations]"
Add component (AddParameter): Name = "Inductance"; Value = "51uH"; VariantName = "[No Variations]"
Add component (AddParameter): Name = "Insulation Resistance"; Value = "10MR"; VariantName = "[No Variations]"
Add component (AddParameter): Name = "Lead Free"; Value = "Lead Free"; VariantName = "[No Variations]"
Add component (AddParameter): Name = "Length"; Value = "4.5mm"; VariantName = "[No Variations]"
Add component (AddParameter): Name = "Material"; Value = "Steel"; VariantName = "[No Variations]"
Add component (AddParameter): Name = "Max DC Current"; Value = "200mA"; VariantName = "[No Variations]"
Add component (AddParameter): Name = "Max Operating Temperature"; Value = "125°C"; VariantName = "[No Variations]"
Add component (AddParameter): Name = "Min Operating Temperature"; Value = "-40°C"; VariantName = "[No Variations]"
Add component (AddParameter): Name = "Mount"; Value = "Surface Mount"; VariantName = "[No Variations]"
Add component (AddParameter): Name = "Number of Lines"; Value = "2"; VariantName = "[No Variations]"
Add component (AddParameter): Name = "Package Quantity"; Value = "1"; VariantName = "[No Variations]"
Add component (AddParameter): Name = "Packaging"; Value = "Tape and Reel"; VariantName = "[No Variations]"
Add component (AddParameter): Name = "REACH SVHC"; Value = "No SVHC"; VariantName = "[No Variations]"
Add component (AddParameter): Name = "Resistance"; Value = "2kR"; VariantName = "[No Variations]"
Add component (AddParameter): Name = "RoHS Compliant"; Value = "Yes"; VariantName = "[No Variations]"
Add component (AddParameter): Name = "Self Resonant Frequency"; Value = "100kHz"; VariantName = "[No Variations]"
Add component (AddParameter): Name = "Series"; Value = "SRF4532"; VariantName = "[No Variations]"
Add component (AddParameter): Name = "Termination"; Value = "SMD/SMT"; VariantName = "[No Variations]"
Add component (AddParameter): Name = "Test Frequency"; Value = "100kHz"; VariantName = "[No Variations]"
Add component (AddParameter): Name = "Tolerance"; Value = "50%"; VariantName = "[No Variations]"
Add component (AddParameter): Name = "Voltage Rating (DC)"; Value = "50V"; VariantName = "[No Variations]"
Add component (AddParameter): Name = "Width"; Value = "0.126inch"; VariantName = "[No Variations]"
Added Component: Designator=Q1(FP-SON6-P-0_50-MFG)
Added Component: Designator=R1_CAN_0(R0603B)
Add component (AddParameter): Name = "Contact Finish"; Value = ""; VariantName = "[No Variations]"
Add component (AddParameter): Name = "FIT"; Value = ""; VariantName = "[No Variations]"
Add component (AddParameter): Name = "Materials"; Value = ""; VariantName = "[No Variations]"
Add component (AddParameter): Name = "Max Operating Temperature"; Value = ""; VariantName = "[No Variations]"
Add component (AddParameter): Name = "MFR"; Value = ""; VariantName = "[No Variations]"
Add component (AddParameter): Name = "MFR PN"; Value = ""; VariantName = "[No Variations]"
Add component (AddParameter): Name = "Min Operating Temperature"; Value = ""; VariantName = "[No Variations]"
Add component (AddParameter): Name = "Mounting Technology"; Value = ""; VariantName = "[No Variations]"
Add component (AddParameter): Name = "Note"; Value = ""; VariantName = "[No Variations]"
Add component (AddParameter): Name = "Package"; Value = ""; VariantName = "[No Variations]"
Add component (AddParameter): Name = "Pins"; Value = ""; VariantName = "[No Variations]"
Add component (AddParameter): Name = "Power"; Value = ""; VariantName = "[No Variations]"
Add component (AddParameter): Name = "Rating"; Value = ""; VariantName = "[No Variations]"
Add component (AddParameter): Name = "RoHS Compliant"; Value = ""; VariantName = "[No Variations]"
Add component (AddParameter): Name = "Temperature Coefficient"; Value = ""; VariantName = "[No Variations]"
Add component (AddParameter): Name = "Tolerance"; Value = ""; VariantName = "[No Variations]"
Add component (AddParameter): Name = "Type"; Value = ""; VariantName = "[No Variations]"
Add component (AddParameter): Name = "Value"; Value = "100k"; VariantName = "[No Variations]"
Add component (AddParameter): Name = "Voltage Rating"; Value = ""; VariantName = "[No Variations]"
Add component (AddParameter): Name = "Weight"; Value = ""; VariantName = "[No Variations]"
Added Component: Designator=R1_CAN_1(R0603B)
Add component (AddParameter): Name = "Contact Finish"; Value = ""; VariantName = "[No Variations]"
Add component (AddParameter): Name = "FIT"; Value = ""; VariantName = "[No Variations]"
Add component (AddParameter): Name = "Materials"; Value = ""; VariantName = "[No Variations]"
Add component (AddParameter): Name = "Max Operating Temperature"; Value = ""; VariantName = "[No Variations]"
Add component (AddParameter): Name = "MFR"; Value = ""; VariantName = "[No Variations]"
Add component (AddParameter): Name = "MFR PN"; Value = ""; VariantName = "[No Variations]"
Add component (AddParameter): Name = "Min Operating Temperature"; Value = ""; VariantName = "[No Variations]"
Add component (AddParameter): Name = "Mounting Technology"; Value = ""; VariantName = "[No Variations]"
Add component (AddParameter): Name = "Note"; Value = ""; VariantName = "[No Variations]"
Add component (AddParameter): Name = "Package"; Value = ""; VariantName = "[No Variations]"
Add component (AddParameter): Name = "Pins"; Value = ""; VariantName = "[No Variations]"
Add component (AddParameter): Name = "Power"; Value = ""; VariantName = "[No Variations]"
Add component (AddParameter): Name = "Rating"; Value = ""; VariantName = "[No Variations]"
Add component (AddParameter): Name = "RoHS Compliant"; Value = ""; VariantName = "[No Variations]"
Add component (AddParameter): Name = "Temperature Coefficient"; Value = ""; VariantName = "[No Variations]"
Add component (AddParameter): Name = "Tolerance"; Value = ""; VariantName = "[No Variations]"
Add component (AddParameter): Name = "Type"; Value = ""; VariantName = "[No Variations]"
Add component (AddParameter): Name = "Value"; Value = "100k"; VariantName = "[No Variations]"
Add component (AddParameter): Name = "Voltage Rating"; Value = ""; VariantName = "[No Variations]"
Add component (AddParameter): Name = "Weight"; Value = ""; VariantName = "[No Variations]"
Added Component: Designator=R2_CAN_0(R0603B)
Add component (AddParameter): Name = "Contact Finish"; Value = ""; VariantName = "[No Variations]"
Add component (AddParameter): Name = "FIT"; Value = ""; VariantName = "[No Variations]"
Add component (AddParameter): Name = "Materials"; Value = ""; VariantName = "[No Variations]"
Add component (AddParameter): Name = "Max Operating Temperature"; Value = ""; VariantName = "[No Variations]"
Add component (AddParameter): Name = "MFR"; Value = ""; VariantName = "[No Variations]"
Add component (AddParameter): Name = "MFR PN"; Value = ""; VariantName = "[No Variations]"
Add component (AddParameter): Name = "Min Operating Temperature"; Value = ""; VariantName = "[No Variations]"
Add component (AddParameter): Name = "Mounting Technology"; Value = ""; VariantName = "[No Variations]"
Add component (AddParameter): Name = "Note"; Value = ""; VariantName = "[No Variations]"
Add component (AddParameter): Name = "Package"; Value = ""; VariantName = "[No Variations]"
Add component (AddParameter): Name = "Pins"; Value = ""; VariantName = "[No Variations]"
Add component (AddParameter): Name = "Power"; Value = ""; VariantName = "[No Variations]"
Add component (AddParameter): Name = "Rating"; Value = ""; VariantName = "[No Variations]"
Add component (AddParameter): Name = "RoHS Compliant"; Value = ""; VariantName = "[No Variations]"
Add component (AddParameter): Name = "Temperature Coefficient"; Value = ""; VariantName = "[No Variations]"
Add component (AddParameter): Name = "Tolerance"; Value = ""; VariantName = "[No Variations]"
Add component (AddParameter): Name = "Type"; Value = ""; VariantName = "[No Variations]"
Add component (AddParameter): Name = "Value"; Value = "1k"; VariantName = "[No Variations]"
Add component (AddParameter): Name = "Voltage Rating"; Value = ""; VariantName = "[No Variations]"
Add component (AddParameter): Name = "Weight"; Value = ""; VariantName = "[No Variations]"
Added Component: Designator=R2_CAN_1(R0603B)
Add component (AddParameter): Name = "Contact Finish"; Value = ""; VariantName = "[No Variations]"
Add component (AddParameter): Name = "FIT"; Value = ""; VariantName = "[No Variations]"
Add component (AddParameter): Name = "Materials"; Value = ""; VariantName = "[No Variations]"
Add component (AddParameter): Name = "Max Operating Temperature"; Value = ""; VariantName = "[No Variations]"
Add component (AddParameter): Name = "MFR"; Value = ""; VariantName = "[No Variations]"
Add component (AddParameter): Name = "MFR PN"; Value = ""; VariantName = "[No Variations]"
Add component (AddParameter): Name = "Min Operating Temperature"; Value = ""; VariantName = "[No Variations]"
Add component (AddParameter): Name = "Mounting Technology"; Value = ""; VariantName = "[No Variations]"
Add component (AddParameter): Name = "Note"; Value = ""; VariantName = "[No Variations]"
Add component (AddParameter): Name = "Package"; Value = ""; VariantName = "[No Variations]"
Add component (AddParameter): Name = "Pins"; Value = ""; VariantName = "[No Variations]"
Add component (AddParameter): Name = "Power"; Value = ""; VariantName = "[No Variations]"
Add component (AddParameter): Name = "Rating"; Value = ""; VariantName = "[No Variations]"
Add component (AddParameter): Name = "RoHS Compliant"; Value = ""; VariantName = "[No Variations]"
Add component (AddParameter): Name = "Temperature Coefficient"; Value = ""; VariantName = "[No Variations]"
Add component (AddParameter): Name = "Tolerance"; Value = ""; VariantName = "[No Variations]"
Add component (AddParameter): Name = "Type"; Value = ""; VariantName = "[No Variations]"
Add component (AddParameter): Name = "Value"; Value = "1k"; VariantName = "[No Variations]"
Add component (AddParameter): Name = "Voltage Rating"; Value = ""; VariantName = "[No Variations]"
Add component (AddParameter): Name = "Weight"; Value = ""; VariantName = "[No Variations]"
Added Component: Designator=R3_CAN_0(R0603B)
Add component (AddParameter): Name = "Contact Finish"; Value = ""; VariantName = "[No Variations]"
Add component (AddParameter): Name = "FIT"; Value = ""; VariantName = "[No Variations]"
Add component (AddParameter): Name = "Materials"; Value = ""; VariantName = "[No Variations]"
Add component (AddParameter): Name = "Max Operating Temperature"; Value = ""; VariantName = "[No Variations]"
Add component (AddParameter): Name = "MFR"; Value = ""; VariantName = "[No Variations]"
Add component (AddParameter): Name = "MFR PN"; Value = ""; VariantName = "[No Variations]"
Add component (AddParameter): Name = "Min Operating Temperature"; Value = ""; VariantName = "[No Variations]"
Add component (AddParameter): Name = "Mounting Technology"; Value = ""; VariantName = "[No Variations]"
Add component (AddParameter): Name = "Note"; Value = ""; VariantName = "[No Variations]"
Add component (AddParameter): Name = "Package"; Value = ""; VariantName = "[No Variations]"
Add component (AddParameter): Name = "Pins"; Value = ""; VariantName = "[No Variations]"
Add component (AddParameter): Name = "Power"; Value = ""; VariantName = "[No Variations]"
Add component (AddParameter): Name = "Rating"; Value = ""; VariantName = "[No Variations]"
Add component (AddParameter): Name = "RoHS Compliant"; Value = ""; VariantName = "[No Variations]"
Add component (AddParameter): Name = "Temperature Coefficient"; Value = ""; VariantName = "[No Variations]"
Add component (AddParameter): Name = "Tolerance"; Value = ""; VariantName = "[No Variations]"
Add component (AddParameter): Name = "Type"; Value = ""; VariantName = "[No Variations]"
Add component (AddParameter): Name = "Value"; Value = "60.4"; VariantName = "[No Variations]"
Add component (AddParameter): Name = "Voltage Rating"; Value = ""; VariantName = "[No Variations]"
Add component (AddParameter): Name = "Weight"; Value = ""; VariantName = "[No Variations]"
Added Component: Designator=R3_CAN_1(R0603B)
Add component (AddParameter): Name = "Contact Finish"; Value = ""; VariantName = "[No Variations]"
Add component (AddParameter): Name = "FIT"; Value = ""; VariantName = "[No Variations]"
Add component (AddParameter): Name = "Materials"; Value = ""; VariantName = "[No Variations]"
Add component (AddParameter): Name = "Max Operating Temperature"; Value = ""; VariantName = "[No Variations]"
Add component (AddParameter): Name = "MFR"; Value = ""; VariantName = "[No Variations]"
Add component (AddParameter): Name = "MFR PN"; Value = ""; VariantName = "[No Variations]"
Add component (AddParameter): Name = "Min Operating Temperature"; Value = ""; VariantName = "[No Variations]"
Add component (AddParameter): Name = "Mounting Technology"; Value = ""; VariantName = "[No Variations]"
Add component (AddParameter): Name = "Note"; Value = ""; VariantName = "[No Variations]"
Add component (AddParameter): Name = "Package"; Value = ""; VariantName = "[No Variations]"
Add component (AddParameter): Name = "Pins"; Value = ""; VariantName = "[No Variations]"
Add component (AddParameter): Name = "Power"; Value = ""; VariantName = "[No Variations]"
Add component (AddParameter): Name = "Rating"; Value = ""; VariantName = "[No Variations]"
Add component (AddParameter): Name = "RoHS Compliant"; Value = ""; VariantName = "[No Variations]"
Add component (AddParameter): Name = "Temperature Coefficient"; Value = ""; VariantName = "[No Variations]"
Add component (AddParameter): Name = "Tolerance"; Value = ""; VariantName = "[No Variations]"
Add component (AddParameter): Name = "Type"; Value = ""; VariantName = "[No Variations]"
Add component (AddParameter): Name = "Value"; Value = "60.4"; VariantName = "[No Variations]"
Add component (AddParameter): Name = "Voltage Rating"; Value = ""; VariantName = "[No Variations]"
Add component (AddParameter): Name = "Weight"; Value = ""; VariantName = "[No Variations]"
Add component: Footprint Not Found RESC1005X40X25NL05T05
Add component: Footprint Not Found RESC1005X40X25NL05T05
Added Component: Designator=R5_CAN_0(R0603B)
Add component (AddParameter): Name = "Contact Finish"; Value = ""; VariantName = "[No Variations]"
Add component (AddParameter): Name = "FIT"; Value = ""; VariantName = "[No Variations]"
Add component (AddParameter): Name = "Materials"; Value = ""; VariantName = "[No Variations]"
Add component (AddParameter): Name = "Max Operating Temperature"; Value = ""; VariantName = "[No Variations]"
Add component (AddParameter): Name = "MFR"; Value = ""; VariantName = "[No Variations]"
Add component (AddParameter): Name = "MFR PN"; Value = ""; VariantName = "[No Variations]"
Add component (AddParameter): Name = "Min Operating Temperature"; Value = ""; VariantName = "[No Variations]"
Add component (AddParameter): Name = "Mounting Technology"; Value = ""; VariantName = "[No Variations]"
Add component (AddParameter): Name = "Note"; Value = ""; VariantName = "[No Variations]"
Add component (AddParameter): Name = "Package"; Value = ""; VariantName = "[No Variations]"
Add component (AddParameter): Name = "Pins"; Value = ""; VariantName = "[No Variations]"
Add component (AddParameter): Name = "Power"; Value = ""; VariantName = "[No Variations]"
Add component (AddParameter): Name = "Rating"; Value = ""; VariantName = "[No Variations]"
Add component (AddParameter): Name = "RoHS Compliant"; Value = ""; VariantName = "[No Variations]"
Add component (AddParameter): Name = "Temperature Coefficient"; Value = ""; VariantName = "[No Variations]"
Add component (AddParameter): Name = "Tolerance"; Value = ""; VariantName = "[No Variations]"
Add component (AddParameter): Name = "Type"; Value = ""; VariantName = "[No Variations]"
Add component (AddParameter): Name = "Value"; Value = "60.4"; VariantName = "[No Variations]"
Add component (AddParameter): Name = "Voltage Rating"; Value = ""; VariantName = "[No Variations]"
Add component (AddParameter): Name = "Weight"; Value = ""; VariantName = "[No Variations]"
Added Component: Designator=R5_CAN_1(R0603B)
Add component (AddParameter): Name = "Contact Finish"; Value = ""; VariantName = "[No Variations]"
Add component (AddParameter): Name = "FIT"; Value = ""; VariantName = "[No Variations]"
Add component (AddParameter): Name = "Materials"; Value = ""; VariantName = "[No Variations]"
Add component (AddParameter): Name = "Max Operating Temperature"; Value = ""; VariantName = "[No Variations]"
Add component (AddParameter): Name = "MFR"; Value = ""; VariantName = "[No Variations]"
Add component (AddParameter): Name = "MFR PN"; Value = ""; VariantName = "[No Variations]"
Add component (AddParameter): Name = "Min Operating Temperature"; Value = ""; VariantName = "[No Variations]"
Add component (AddParameter): Name = "Mounting Technology"; Value = ""; VariantName = "[No Variations]"
Add component (AddParameter): Name = "Note"; Value = ""; VariantName = "[No Variations]"
Add component (AddParameter): Name = "Package"; Value = ""; VariantName = "[No Variations]"
Add component (AddParameter): Name = "Pins"; Value = ""; VariantName = "[No Variations]"
Add component (AddParameter): Name = "Power"; Value = ""; VariantName = "[No Variations]"
Add component (AddParameter): Name = "Rating"; Value = ""; VariantName = "[No Variations]"
Add component (AddParameter): Name = "RoHS Compliant"; Value = ""; VariantName = "[No Variations]"
Add component (AddParameter): Name = "Temperature Coefficient"; Value = ""; VariantName = "[No Variations]"
Add component (AddParameter): Name = "Tolerance"; Value = ""; VariantName = "[No Variations]"
Add component (AddParameter): Name = "Type"; Value = ""; VariantName = "[No Variations]"
Add component (AddParameter): Name = "Value"; Value = "60.4"; VariantName = "[No Variations]"
Add component (AddParameter): Name = "Voltage Rating"; Value = ""; VariantName = "[No Variations]"
Add component (AddParameter): Name = "Weight"; Value = ""; VariantName = "[No Variations]"
Added Component: Designator=R6(R0603B)
Add component (AddParameter): Name = "Contact Finish"; Value = ""; VariantName = "[No Variations]"
Add component (AddParameter): Name = "FIT"; Value = ""; VariantName = "[No Variations]"
Add component (AddParameter): Name = "Materials"; Value = ""; VariantName = "[No Variations]"
Add component (AddParameter): Name = "Max Operating Temperature"; Value = ""; VariantName = "[No Variations]"
Add component (AddParameter): Name = "MFR"; Value = ""; VariantName = "[No Variations]"
Add component (AddParameter): Name = "MFR PN"; Value = ""; VariantName = "[No Variations]"
Add component (AddParameter): Name = "Min Operating Temperature"; Value = ""; VariantName = "[No Variations]"
Add component (AddParameter): Name = "Mounting Technology"; Value = ""; VariantName = "[No Variations]"
Add component (AddParameter): Name = "Note"; Value = ""; VariantName = "[No Variations]"
Add component (AddParameter): Name = "Package"; Value = ""; VariantName = "[No Variations]"
Add component (AddParameter): Name = "Pins"; Value = ""; VariantName = "[No Variations]"
Add component (AddParameter): Name = "Power"; Value = ""; VariantName = "[No Variations]"
Add component (AddParameter): Name = "Rating"; Value = ""; VariantName = "[No Variations]"
Add component (AddParameter): Name = "RoHS Compliant"; Value = ""; VariantName = "[No Variations]"
Add component (AddParameter): Name = "Temperature Coefficient"; Value = ""; VariantName = "[No Variations]"
Add component (AddParameter): Name = "Tolerance"; Value = ""; VariantName = "[No Variations]"
Add component (AddParameter): Name = "Type"; Value = ""; VariantName = "[No Variations]"
Add component (AddParameter): Name = "Value"; Value = "100k"; VariantName = "[No Variations]"
Add component (AddParameter): Name = "Voltage Rating"; Value = ""; VariantName = "[No Variations]"
Add component (AddParameter): Name = "Weight"; Value = ""; VariantName = "[No Variations]"
Added Component: Designator=R7(R0603B)
Add component (AddParameter): Name = "Contact Finish"; Value = ""; VariantName = "[No Variations]"
Add component (AddParameter): Name = "FIT"; Value = ""; VariantName = "[No Variations]"
Add component (AddParameter): Name = "Materials"; Value = ""; VariantName = "[No Variations]"
Add component (AddParameter): Name = "Max Operating Temperature"; Value = ""; VariantName = "[No Variations]"
Add component (AddParameter): Name = "MFR"; Value = ""; VariantName = "[No Variations]"
Add component (AddParameter): Name = "MFR PN"; Value = ""; VariantName = "[No Variations]"
Add component (AddParameter): Name = "Min Operating Temperature"; Value = ""; VariantName = "[No Variations]"
Add component (AddParameter): Name = "Mounting Technology"; Value = ""; VariantName = "[No Variations]"
Add component (AddParameter): Name = "Note"; Value = ""; VariantName = "[No Variations]"
Add component (AddParameter): Name = "Package"; Value = ""; VariantName = "[No Variations]"
Add component (AddParameter): Name = "Pins"; Value = ""; VariantName = "[No Variations]"
Add component (AddParameter): Name = "Power"; Value = ""; VariantName = "[No Variations]"
Add component (AddParameter): Name = "Rating"; Value = ""; VariantName = "[No Variations]"
Add component (AddParameter): Name = "RoHS Compliant"; Value = ""; VariantName = "[No Variations]"
Add component (AddParameter): Name = "Temperature Coefficient"; Value = ""; VariantName = "[No Variations]"
Add component (AddParameter): Name = "Tolerance"; Value = ""; VariantName = "[No Variations]"
Add component (AddParameter): Name = "Type"; Value = ""; VariantName = "[No Variations]"
Add component (AddParameter): Name = "Value"; Value = "1k"; VariantName = "[No Variations]"
Add component (AddParameter): Name = "Voltage Rating"; Value = ""; VariantName = "[No Variations]"
Add component (AddParameter): Name = "Weight"; Value = ""; VariantName = "[No Variations]"
Added Component: Designator=R8(R0603B)
Add component (AddParameter): Name = "Contact Finish"; Value = ""; VariantName = "[No Variations]"
Add component (AddParameter): Name = "FIT"; Value = ""; VariantName = "[No Variations]"
Add component (AddParameter): Name = "Materials"; Value = ""; VariantName = "[No Variations]"
Add component (AddParameter): Name = "Max Operating Temperature"; Value = ""; VariantName = "[No Variations]"
Add component (AddParameter): Name = "MFR"; Value = ""; VariantName = "[No Variations]"
Add component (AddParameter): Name = "MFR PN"; Value = ""; VariantName = "[No Variations]"
Add component (AddParameter): Name = "Min Operating Temperature"; Value = ""; VariantName = "[No Variations]"
Add component (AddParameter): Name = "Mounting Technology"; Value = ""; VariantName = "[No Variations]"
Add component (AddParameter): Name = "Note"; Value = ""; VariantName = "[No Variations]"
Add component (AddParameter): Name = "Package"; Value = ""; VariantName = "[No Variations]"
Add component (AddParameter): Name = "Pins"; Value = ""; VariantName = "[No Variations]"
Add component (AddParameter): Name = "Power"; Value = ""; VariantName = "[No Variations]"
Add component (AddParameter): Name = "Rating"; Value = ""; VariantName = "[No Variations]"
Add component (AddParameter): Name = "RoHS Compliant"; Value = ""; VariantName = "[No Variations]"
Add component (AddParameter): Name = "Temperature Coefficient"; Value = ""; VariantName = "[No Variations]"
Add component (AddParameter): Name = "Tolerance"; Value = ""; VariantName = "[No Variations]"
Add component (AddParameter): Name = "Type"; Value = ""; VariantName = "[No Variations]"
Add component (AddParameter): Name = "Value"; Value = "100k"; VariantName = "[No Variations]"
Add component (AddParameter): Name = "Voltage Rating"; Value = ""; VariantName = "[No Variations]"
Add component (AddParameter): Name = "Weight"; Value = ""; VariantName = "[No Variations]"
Added Component: Designator=R9(R0603B)
Add component (AddParameter): Name = "Contact Finish"; Value = ""; VariantName = "[No Variations]"
Add component (AddParameter): Name = "FIT"; Value = ""; VariantName = "[No Variations]"
Add component (AddParameter): Name = "Materials"; Value = ""; VariantName = "[No Variations]"
Add component (AddParameter): Name = "Max Operating Temperature"; Value = ""; VariantName = "[No Variations]"
Add component (AddParameter): Name = "MFR"; Value = ""; VariantName = "[No Variations]"
Add component (AddParameter): Name = "MFR PN"; Value = ""; VariantName = "[No Variations]"
Add component (AddParameter): Name = "Min Operating Temperature"; Value = ""; VariantName = "[No Variations]"
Add component (AddParameter): Name = "Mounting Technology"; Value = ""; VariantName = "[No Variations]"
Add component (AddParameter): Name = "Note"; Value = ""; VariantName = "[No Variations]"
Add component (AddParameter): Name = "Package"; Value = ""; VariantName = "[No Variations]"
Add component (AddParameter): Name = "Pins"; Value = ""; VariantName = "[No Variations]"
Add component (AddParameter): Name = "Power"; Value = ""; VariantName = "[No Variations]"
Add component (AddParameter): Name = "Rating"; Value = ""; VariantName = "[No Variations]"
Add component (AddParameter): Name = "RoHS Compliant"; Value = ""; VariantName = "[No Variations]"
Add component (AddParameter): Name = "Temperature Coefficient"; Value = ""; VariantName = "[No Variations]"
Add component (AddParameter): Name = "Tolerance"; Value = ""; VariantName = "[No Variations]"
Add component (AddParameter): Name = "Type"; Value = ""; VariantName = "[No Variations]"
Add component (AddParameter): Name = "Value"; Value = "1k"; VariantName = "[No Variations]"
Add component (AddParameter): Name = "Voltage Rating"; Value = ""; VariantName = "[No Variations]"
Add component (AddParameter): Name = "Weight"; Value = ""; VariantName = "[No Variations]"
Added Component: Designator=R10(R0603B)
Add component (AddParameter): Name = "Contact Finish"; Value = ""; VariantName = "[No Variations]"
Add component (AddParameter): Name = "FIT"; Value = ""; VariantName = "[No Variations]"
Add component (AddParameter): Name = "Materials"; Value = ""; VariantName = "[No Variations]"
Add component (AddParameter): Name = "Max Operating Temperature"; Value = ""; VariantName = "[No Variations]"
Add component (AddParameter): Name = "MFR"; Value = ""; VariantName = "[No Variations]"
Add component (AddParameter): Name = "MFR PN"; Value = ""; VariantName = "[No Variations]"
Add component (AddParameter): Name = "Min Operating Temperature"; Value = ""; VariantName = "[No Variations]"
Add component (AddParameter): Name = "Mounting Technology"; Value = ""; VariantName = "[No Variations]"
Add component (AddParameter): Name = "Note"; Value = ""; VariantName = "[No Variations]"
Add component (AddParameter): Name = "Package"; Value = ""; VariantName = "[No Variations]"
Add component (AddParameter): Name = "Pins"; Value = ""; VariantName = "[No Variations]"
Add component (AddParameter): Name = "Power"; Value = ""; VariantName = "[No Variations]"
Add component (AddParameter): Name = "Rating"; Value = ""; VariantName = "[No Variations]"
Add component (AddParameter): Name = "RoHS Compliant"; Value = ""; VariantName = "[No Variations]"
Add component (AddParameter): Name = "Temperature Coefficient"; Value = ""; VariantName = "[No Variations]"
Add component (AddParameter): Name = "Tolerance"; Value = ""; VariantName = "[No Variations]"
Add component (AddParameter): Name = "Type"; Value = ""; VariantName = "[No Variations]"
Add component (AddParameter): Name = "Value"; Value = "1k"; VariantName = "[No Variations]"
Add component (AddParameter): Name = "Voltage Rating"; Value = ""; VariantName = "[No Variations]"
Add component (AddParameter): Name = "Weight"; Value = ""; VariantName = "[No Variations]"
Added Component: Designator=R11(R0603B)
Add component (AddParameter): Name = "Contact Finish"; Value = ""; VariantName = "[No Variations]"
Add component (AddParameter): Name = "FIT"; Value = ""; VariantName = "[No Variations]"
Add component (AddParameter): Name = "Materials"; Value = ""; VariantName = "[No Variations]"
Add component (AddParameter): Name = "Max Operating Temperature"; Value = ""; VariantName = "[No Variations]"
Add component (AddParameter): Name = "MFR"; Value = ""; VariantName = "[No Variations]"
Add component (AddParameter): Name = "MFR PN"; Value = ""; VariantName = "[No Variations]"
Add component (AddParameter): Name = "Min Operating Temperature"; Value = ""; VariantName = "[No Variations]"
Add component (AddParameter): Name = "Mounting Technology"; Value = ""; VariantName = "[No Variations]"
Add component (AddParameter): Name = "Note"; Value = ""; VariantName = "[No Variations]"
Add component (AddParameter): Name = "Package"; Value = ""; VariantName = "[No Variations]"
Add component (AddParameter): Name = "Pins"; Value = ""; VariantName = "[No Variations]"
Add component (AddParameter): Name = "Power"; Value = ""; VariantName = "[No Variations]"
Add component (AddParameter): Name = "Rating"; Value = ""; VariantName = "[No Variations]"
Add component (AddParameter): Name = "RoHS Compliant"; Value = ""; VariantName = "[No Variations]"
Add component (AddParameter): Name = "Temperature Coefficient"; Value = ""; VariantName = "[No Variations]"
Add component (AddParameter): Name = "Tolerance"; Value = ""; VariantName = "[No Variations]"
Add component (AddParameter): Name = "Type"; Value = ""; VariantName = "[No Variations]"
Add component (AddParameter): Name = "Value"; Value = "100k"; VariantName = "[No Variations]"
Add component (AddParameter): Name = "Voltage Rating"; Value = ""; VariantName = "[No Variations]"
Add component (AddParameter): Name = "Weight"; Value = ""; VariantName = "[No Variations]"
Added Component: Designator=R12(R0603B)
Add component (AddParameter): Name = "Contact Finish"; Value = ""; VariantName = "[No Variations]"
Add component (AddParameter): Name = "FIT"; Value = ""; VariantName = "[No Variations]"
Add component (AddParameter): Name = "Materials"; Value = ""; VariantName = "[No Variations]"
Add component (AddParameter): Name = "Max Operating Temperature"; Value = ""; VariantName = "[No Variations]"
Add component (AddParameter): Name = "MFR"; Value = ""; VariantName = "[No Variations]"
Add component (AddParameter): Name = "MFR PN"; Value = ""; VariantName = "[No Variations]"
Add component (AddParameter): Name = "Min Operating Temperature"; Value = ""; VariantName = "[No Variations]"
Add component (AddParameter): Name = "Mounting Technology"; Value = ""; VariantName = "[No Variations]"
Add component (AddParameter): Name = "Note"; Value = ""; VariantName = "[No Variations]"
Add component (AddParameter): Name = "Package"; Value = ""; VariantName = "[No Variations]"
Add component (AddParameter): Name = "Pins"; Value = ""; VariantName = "[No Variations]"
Add component (AddParameter): Name = "Power"; Value = ""; VariantName = "[No Variations]"
Add component (AddParameter): Name = "Rating"; Value = ""; VariantName = "[No Variations]"
Add component (AddParameter): Name = "RoHS Compliant"; Value = ""; VariantName = "[No Variations]"
Add component (AddParameter): Name = "Temperature Coefficient"; Value = ""; VariantName = "[No Variations]"
Add component (AddParameter): Name = "Tolerance"; Value = ""; VariantName = "[No Variations]"
Add component (AddParameter): Name = "Type"; Value = ""; VariantName = "[No Variations]"
Add component (AddParameter): Name = "Value"; Value = "1k"; VariantName = "[No Variations]"
Add component (AddParameter): Name = "Voltage Rating"; Value = ""; VariantName = "[No Variations]"
Add component (AddParameter): Name = "Weight"; Value = ""; VariantName = "[No Variations]"
Added Component: Designator=R13(R0603B)
Add component (AddParameter): Name = "Contact Finish"; Value = ""; VariantName = "[No Variations]"
Add component (AddParameter): Name = "FIT"; Value = ""; VariantName = "[No Variations]"
Add component (AddParameter): Name = "Materials"; Value = ""; VariantName = "[No Variations]"
Add component (AddParameter): Name = "Max Operating Temperature"; Value = ""; VariantName = "[No Variations]"
Add component (AddParameter): Name = "MFR"; Value = ""; VariantName = "[No Variations]"
Add component (AddParameter): Name = "MFR PN"; Value = ""; VariantName = "[No Variations]"
Add component (AddParameter): Name = "Min Operating Temperature"; Value = ""; VariantName = "[No Variations]"
Add component (AddParameter): Name = "Mounting Technology"; Value = ""; VariantName = "[No Variations]"
Add component (AddParameter): Name = "Note"; Value = ""; VariantName = "[No Variations]"
Add component (AddParameter): Name = "Package"; Value = ""; VariantName = "[No Variations]"
Add component (AddParameter): Name = "Pins"; Value = ""; VariantName = "[No Variations]"
Add component (AddParameter): Name = "Power"; Value = ""; VariantName = "[No Variations]"
Add component (AddParameter): Name = "Rating"; Value = ""; VariantName = "[No Variations]"
Add component (AddParameter): Name = "RoHS Compliant"; Value = ""; VariantName = "[No Variations]"
Add component (AddParameter): Name = "Temperature Coefficient"; Value = ""; VariantName = "[No Variations]"
Add component (AddParameter): Name = "Tolerance"; Value = ""; VariantName = "[No Variations]"
Add component (AddParameter): Name = "Type"; Value = ""; VariantName = "[No Variations]"
Add component (AddParameter): Name = "Value"; Value = "100k"; VariantName = "[No Variations]"
Add component (AddParameter): Name = "Voltage Rating"; Value = ""; VariantName = "[No Variations]"
Add component (AddParameter): Name = "Weight"; Value = ""; VariantName = "[No Variations]"
Added Component: Designator=R14(R0603B)
Add component (AddParameter): Name = "Contact Finish"; Value = ""; VariantName = "[No Variations]"
Add component (AddParameter): Name = "FIT"; Value = ""; VariantName = "[No Variations]"
Add component (AddParameter): Name = "Materials"; Value = ""; VariantName = "[No Variations]"
Add component (AddParameter): Name = "Max Operating Temperature"; Value = ""; VariantName = "[No Variations]"
Add component (AddParameter): Name = "MFR"; Value = ""; VariantName = "[No Variations]"
Add component (AddParameter): Name = "MFR PN"; Value = ""; VariantName = "[No Variations]"
Add component (AddParameter): Name = "Min Operating Temperature"; Value = ""; VariantName = "[No Variations]"
Add component (AddParameter): Name = "Mounting Technology"; Value = ""; VariantName = "[No Variations]"
Add component (AddParameter): Name = "Note"; Value = ""; VariantName = "[No Variations]"
Add component (AddParameter): Name = "Package"; Value = ""; VariantName = "[No Variations]"
Add component (AddParameter): Name = "Pins"; Value = ""; VariantName = "[No Variations]"
Add component (AddParameter): Name = "Power"; Value = ""; VariantName = "[No Variations]"
Add component (AddParameter): Name = "Rating"; Value = ""; VariantName = "[No Variations]"
Add component (AddParameter): Name = "RoHS Compliant"; Value = ""; VariantName = "[No Variations]"
Add component (AddParameter): Name = "Temperature Coefficient"; Value = ""; VariantName = "[No Variations]"
Add component (AddParameter): Name = "Tolerance"; Value = ""; VariantName = "[No Variations]"
Add component (AddParameter): Name = "Type"; Value = ""; VariantName = "[No Variations]"
Add component (AddParameter): Name = "Value"; Value = "24k"; VariantName = "[No Variations]"
Add component (AddParameter): Name = "Voltage Rating"; Value = ""; VariantName = "[No Variations]"
Add component (AddParameter): Name = "Weight"; Value = ""; VariantName = "[No Variations]"
Added Component: Designator=R15(R0603B)
Add component (AddParameter): Name = "Contact Finish"; Value = ""; VariantName = "[No Variations]"
Add component (AddParameter): Name = "FIT"; Value = ""; VariantName = "[No Variations]"
Add component (AddParameter): Name = "Materials"; Value = ""; VariantName = "[No Variations]"
Add component (AddParameter): Name = "Max Operating Temperature"; Value = ""; VariantName = "[No Variations]"
Add component (AddParameter): Name = "MFR"; Value = ""; VariantName = "[No Variations]"
Add component (AddParameter): Name = "MFR PN"; Value = ""; VariantName = "[No Variations]"
Add component (AddParameter): Name = "Min Operating Temperature"; Value = ""; VariantName = "[No Variations]"
Add component (AddParameter): Name = "Mounting Technology"; Value = ""; VariantName = "[No Variations]"
Add component (AddParameter): Name = "Note"; Value = ""; VariantName = "[No Variations]"
Add component (AddParameter): Name = "Package"; Value = ""; VariantName = "[No Variations]"
Add component (AddParameter): Name = "Pins"; Value = ""; VariantName = "[No Variations]"
Add component (AddParameter): Name = "Power"; Value = ""; VariantName = "[No Variations]"
Add component (AddParameter): Name = "Rating"; Value = ""; VariantName = "[No Variations]"
Add component (AddParameter): Name = "RoHS Compliant"; Value = ""; VariantName = "[No Variations]"
Add component (AddParameter): Name = "Temperature Coefficient"; Value = ""; VariantName = "[No Variations]"
Add component (AddParameter): Name = "Tolerance"; Value = ""; VariantName = "[No Variations]"
Add component (AddParameter): Name = "Type"; Value = ""; VariantName = "[No Variations]"
Add component (AddParameter): Name = "Value"; Value = "100k"; VariantName = "[No Variations]"
Add component (AddParameter): Name = "Voltage Rating"; Value = ""; VariantName = "[No Variations]"
Add component (AddParameter): Name = "Weight"; Value = ""; VariantName = "[No Variations]"
Added Component: Designator=R16(R0603B)
Add component (AddParameter): Name = "Contact Finish"; Value = ""; VariantName = "[No Variations]"
Add component (AddParameter): Name = "FIT"; Value = ""; VariantName = "[No Variations]"
Add component (AddParameter): Name = "Materials"; Value = ""; VariantName = "[No Variations]"
Add component (AddParameter): Name = "Max Operating Temperature"; Value = ""; VariantName = "[No Variations]"
Add component (AddParameter): Name = "MFR"; Value = ""; VariantName = "[No Variations]"
Add component (AddParameter): Name = "MFR PN"; Value = ""; VariantName = "[No Variations]"
Add component (AddParameter): Name = "Min Operating Temperature"; Value = ""; VariantName = "[No Variations]"
Add component (AddParameter): Name = "Mounting Technology"; Value = ""; VariantName = "[No Variations]"
Add component (AddParameter): Name = "Note"; Value = ""; VariantName = "[No Variations]"
Add component (AddParameter): Name = "Package"; Value = ""; VariantName = "[No Variations]"
Add component (AddParameter): Name = "Pins"; Value = ""; VariantName = "[No Variations]"
Add component (AddParameter): Name = "Power"; Value = ""; VariantName = "[No Variations]"
Add component (AddParameter): Name = "Rating"; Value = ""; VariantName = "[No Variations]"
Add component (AddParameter): Name = "RoHS Compliant"; Value = ""; VariantName = "[No Variations]"
Add component (AddParameter): Name = "Temperature Coefficient"; Value = ""; VariantName = "[No Variations]"
Add component (AddParameter): Name = "Tolerance"; Value = ""; VariantName = "[No Variations]"
Add component (AddParameter): Name = "Type"; Value = ""; VariantName = "[No Variations]"
Add component (AddParameter): Name = "Value"; Value = "68k"; VariantName = "[No Variations]"
Add component (AddParameter): Name = "Voltage Rating"; Value = ""; VariantName = "[No Variations]"
Add component (AddParameter): Name = "Weight"; Value = ""; VariantName = "[No Variations]"
Added Component: Designator=R17(R0603B)
Add component (AddParameter): Name = "Contact Finish"; Value = ""; VariantName = "[No Variations]"
Add component (AddParameter): Name = "FIT"; Value = ""; VariantName = "[No Variations]"
Add component (AddParameter): Name = "Materials"; Value = ""; VariantName = "[No Variations]"
Add component (AddParameter): Name = "Max Operating Temperature"; Value = ""; VariantName = "[No Variations]"
Add component (AddParameter): Name = "MFR"; Value = ""; VariantName = "[No Variations]"
Add component (AddParameter): Name = "MFR PN"; Value = ""; VariantName = "[No Variations]"
Add component (AddParameter): Name = "Min Operating Temperature"; Value = ""; VariantName = "[No Variations]"
Add component (AddParameter): Name = "Mounting Technology"; Value = ""; VariantName = "[No Variations]"
Add component (AddParameter): Name = "Note"; Value = ""; VariantName = "[No Variations]"
Add component (AddParameter): Name = "Package"; Value = ""; VariantName = "[No Variations]"
Add component (AddParameter): Name = "Pins"; Value = ""; VariantName = "[No Variations]"
Add component (AddParameter): Name = "Power"; Value = ""; VariantName = "[No Variations]"
Add component (AddParameter): Name = "Rating"; Value = ""; VariantName = "[No Variations]"
Add component (AddParameter): Name = "RoHS Compliant"; Value = ""; VariantName = "[No Variations]"
Add component (AddParameter): Name = "Temperature Coefficient"; Value = ""; VariantName = "[No Variations]"
Add component (AddParameter): Name = "Tolerance"; Value = ""; VariantName = "[No Variations]"
Add component (AddParameter): Name = "Type"; Value = ""; VariantName = "[No Variations]"
Add component (AddParameter): Name = "Value"; Value = "100k"; VariantName = "[No Variations]"
Add component (AddParameter): Name = "Voltage Rating"; Value = ""; VariantName = "[No Variations]"
Add component (AddParameter): Name = "Weight"; Value = ""; VariantName = "[No Variations]"
Added Component: Designator=R18(R0603B)
Add component (AddParameter): Name = "Contact Finish"; Value = ""; VariantName = "[No Variations]"
Add component (AddParameter): Name = "FIT"; Value = ""; VariantName = "[No Variations]"
Add component (AddParameter): Name = "Materials"; Value = ""; VariantName = "[No Variations]"
Add component (AddParameter): Name = "Max Operating Temperature"; Value = ""; VariantName = "[No Variations]"
Add component (AddParameter): Name = "MFR"; Value = ""; VariantName = "[No Variations]"
Add component (AddParameter): Name = "MFR PN"; Value = ""; VariantName = "[No Variations]"
Add component (AddParameter): Name = "Min Operating Temperature"; Value = ""; VariantName = "[No Variations]"
Add component (AddParameter): Name = "Mounting Technology"; Value = ""; VariantName = "[No Variations]"
Add component (AddParameter): Name = "Note"; Value = ""; VariantName = "[No Variations]"
Add component (AddParameter): Name = "Package"; Value = ""; VariantName = "[No Variations]"
Add component (AddParameter): Name = "Pins"; Value = ""; VariantName = "[No Variations]"
Add component (AddParameter): Name = "Power"; Value = ""; VariantName = "[No Variations]"
Add component (AddParameter): Name = "Rating"; Value = ""; VariantName = "[No Variations]"
Add component (AddParameter): Name = "RoHS Compliant"; Value = ""; VariantName = "[No Variations]"
Add component (AddParameter): Name = "Temperature Coefficient"; Value = ""; VariantName = "[No Variations]"
Add component (AddParameter): Name = "Tolerance"; Value = ""; VariantName = "[No Variations]"
Add component (AddParameter): Name = "Type"; Value = ""; VariantName = "[No Variations]"
Add component (AddParameter): Name = "Value"; Value = "100k"; VariantName = "[No Variations]"
Add component (AddParameter): Name = "Voltage Rating"; Value = ""; VariantName = "[No Variations]"
Add component (AddParameter): Name = "Weight"; Value = ""; VariantName = "[No Variations]"
Added Component: Designator=R19(R0603B)
Add component (AddParameter): Name = "Contact Finish"; Value = ""; VariantName = "[No Variations]"
Add component (AddParameter): Name = "FIT"; Value = ""; VariantName = "[No Variations]"
Add component (AddParameter): Name = "Materials"; Value = ""; VariantName = "[No Variations]"
Add component (AddParameter): Name = "Max Operating Temperature"; Value = ""; VariantName = "[No Variations]"
Add component (AddParameter): Name = "MFR"; Value = ""; VariantName = "[No Variations]"
Add component (AddParameter): Name = "MFR PN"; Value = ""; VariantName = "[No Variations]"
Add component (AddParameter): Name = "Min Operating Temperature"; Value = ""; VariantName = "[No Variations]"
Add component (AddParameter): Name = "Mounting Technology"; Value = ""; VariantName = "[No Variations]"
Add component (AddParameter): Name = "Note"; Value = ""; VariantName = "[No Variations]"
Add component (AddParameter): Name = "Package"; Value = ""; VariantName = "[No Variations]"
Add component (AddParameter): Name = "Pins"; Value = ""; VariantName = "[No Variations]"
Add component (AddParameter): Name = "Power"; Value = ""; VariantName = "[No Variations]"
Add component (AddParameter): Name = "Rating"; Value = ""; VariantName = "[No Variations]"
Add component (AddParameter): Name = "RoHS Compliant"; Value = ""; VariantName = "[No Variations]"
Add component (AddParameter): Name = "Temperature Coefficient"; Value = ""; VariantName = "[No Variations]"
Add component (AddParameter): Name = "Tolerance"; Value = ""; VariantName = "[No Variations]"
Add component (AddParameter): Name = "Type"; Value = ""; VariantName = "[No Variations]"
Add component (AddParameter): Name = "Value"; Value = "10k"; VariantName = "[No Variations]"
Add component (AddParameter): Name = "Voltage Rating"; Value = ""; VariantName = "[No Variations]"
Add component (AddParameter): Name = "Weight"; Value = ""; VariantName = "[No Variations]"
Added Component: Designator=R20(R0603B)
Add component (AddParameter): Name = "Contact Finish"; Value = ""; VariantName = "[No Variations]"
Add component (AddParameter): Name = "FIT"; Value = ""; VariantName = "[No Variations]"
Add component (AddParameter): Name = "Materials"; Value = ""; VariantName = "[No Variations]"
Add component (AddParameter): Name = "Max Operating Temperature"; Value = ""; VariantName = "[No Variations]"
Add component (AddParameter): Name = "MFR"; Value = ""; VariantName = "[No Variations]"
Add component (AddParameter): Name = "MFR PN"; Value = ""; VariantName = "[No Variations]"
Add component (AddParameter): Name = "Min Operating Temperature"; Value = ""; VariantName = "[No Variations]"
Add component (AddParameter): Name = "Mounting Technology"; Value = ""; VariantName = "[No Variations]"
Add component (AddParameter): Name = "Note"; Value = ""; VariantName = "[No Variations]"
Add component (AddParameter): Name = "Package"; Value = ""; VariantName = "[No Variations]"
Add component (AddParameter): Name = "Pins"; Value = ""; VariantName = "[No Variations]"
Add component (AddParameter): Name = "Power"; Value = ""; VariantName = "[No Variations]"
Add component (AddParameter): Name = "Rating"; Value = ""; VariantName = "[No Variations]"
Add component (AddParameter): Name = "RoHS Compliant"; Value = ""; VariantName = "[No Variations]"
Add component (AddParameter): Name = "Temperature Coefficient"; Value = ""; VariantName = "[No Variations]"
Add component (AddParameter): Name = "Tolerance"; Value = ""; VariantName = "[No Variations]"
Add component (AddParameter): Name = "Type"; Value = ""; VariantName = "[No Variations]"
Add component (AddParameter): Name = "Value"; Value = "100k"; VariantName = "[No Variations]"
Add component (AddParameter): Name = "Voltage Rating"; Value = ""; VariantName = "[No Variations]"
Add component (AddParameter): Name = "Weight"; Value = ""; VariantName = "[No Variations]"
Added Component: Designator=R21(R0603B)
Add component (AddParameter): Name = "Contact Finish"; Value = ""; VariantName = "[No Variations]"
Add component (AddParameter): Name = "FIT"; Value = ""; VariantName = "[No Variations]"
Add component (AddParameter): Name = "Materials"; Value = ""; VariantName = "[No Variations]"
Add component (AddParameter): Name = "Max Operating Temperature"; Value = ""; VariantName = "[No Variations]"
Add component (AddParameter): Name = "MFR"; Value = ""; VariantName = "[No Variations]"
Add component (AddParameter): Name = "MFR PN"; Value = ""; VariantName = "[No Variations]"
Add component (AddParameter): Name = "Min Operating Temperature"; Value = ""; VariantName = "[No Variations]"
Add component (AddParameter): Name = "Mounting Technology"; Value = ""; VariantName = "[No Variations]"
Add component (AddParameter): Name = "Note"; Value = ""; VariantName = "[No Variations]"
Add component (AddParameter): Name = "Package"; Value = ""; VariantName = "[No Variations]"
Add component (AddParameter): Name = "Pins"; Value = ""; VariantName = "[No Variations]"
Add component (AddParameter): Name = "Power"; Value = ""; VariantName = "[No Variations]"
Add component (AddParameter): Name = "Rating"; Value = ""; VariantName = "[No Variations]"
Add component (AddParameter): Name = "RoHS Compliant"; Value = ""; VariantName = "[No Variations]"
Add component (AddParameter): Name = "Temperature Coefficient"; Value = ""; VariantName = "[No Variations]"
Add component (AddParameter): Name = "Tolerance"; Value = ""; VariantName = "[No Variations]"
Add component (AddParameter): Name = "Type"; Value = ""; VariantName = "[No Variations]"
Add component (AddParameter): Name = "Value"; Value = "100k"; VariantName = "[No Variations]"
Add component (AddParameter): Name = "Voltage Rating"; Value = ""; VariantName = "[No Variations]"
Add component (AddParameter): Name = "Weight"; Value = ""; VariantName = "[No Variations]"
Added Component: Designator=R22(R0603B)
Add component (AddParameter): Name = "Contact Finish"; Value = ""; VariantName = "[No Variations]"
Add component (AddParameter): Name = "FIT"; Value = ""; VariantName = "[No Variations]"
Add component (AddParameter): Name = "Materials"; Value = ""; VariantName = "[No Variations]"
Add component (AddParameter): Name = "Max Operating Temperature"; Value = ""; VariantName = "[No Variations]"
Add component (AddParameter): Name = "MFR"; Value = ""; VariantName = "[No Variations]"
Add component (AddParameter): Name = "MFR PN"; Value = ""; VariantName = "[No Variations]"
Add component (AddParameter): Name = "Min Operating Temperature"; Value = ""; VariantName = "[No Variations]"
Add component (AddParameter): Name = "Mounting Technology"; Value = ""; VariantName = "[No Variations]"
Add component (AddParameter): Name = "Note"; Value = ""; VariantName = "[No Variations]"
Add component (AddParameter): Name = "Package"; Value = ""; VariantName = "[No Variations]"
Add component (AddParameter): Name = "Pins"; Value = ""; VariantName = "[No Variations]"
Add component (AddParameter): Name = "Power"; Value = ""; VariantName = "[No Variations]"
Add component (AddParameter): Name = "Rating"; Value = ""; VariantName = "[No Variations]"
Add component (AddParameter): Name = "RoHS Compliant"; Value = ""; VariantName = "[No Variations]"
Add component (AddParameter): Name = "Temperature Coefficient"; Value = ""; VariantName = "[No Variations]"
Add component (AddParameter): Name = "Tolerance"; Value = ""; VariantName = "[No Variations]"
Add component (AddParameter): Name = "Type"; Value = ""; VariantName = "[No Variations]"
Add component (AddParameter): Name = "Value"; Value = "100k"; VariantName = "[No Variations]"
Add component (AddParameter): Name = "Voltage Rating"; Value = ""; VariantName = "[No Variations]"
Add component (AddParameter): Name = "Weight"; Value = ""; VariantName = "[No Variations]"
Added Component: Designator=R23(R0603B)
Add component (AddParameter): Name = "Contact Finish"; Value = ""; VariantName = "[No Variations]"
Add component (AddParameter): Name = "FIT"; Value = ""; VariantName = "[No Variations]"
Add component (AddParameter): Name = "Materials"; Value = ""; VariantName = "[No Variations]"
Add component (AddParameter): Name = "Max Operating Temperature"; Value = ""; VariantName = "[No Variations]"
Add component (AddParameter): Name = "MFR"; Value = ""; VariantName = "[No Variations]"
Add component (AddParameter): Name = "MFR PN"; Value = ""; VariantName = "[No Variations]"
Add component (AddParameter): Name = "Min Operating Temperature"; Value = ""; VariantName = "[No Variations]"
Add component (AddParameter): Name = "Mounting Technology"; Value = ""; VariantName = "[No Variations]"
Add component (AddParameter): Name = "Note"; Value = ""; VariantName = "[No Variations]"
Add component (AddParameter): Name = "Package"; Value = ""; VariantName = "[No Variations]"
Add component (AddParameter): Name = "Pins"; Value = ""; VariantName = "[No Variations]"
Add component (AddParameter): Name = "Power"; Value = ""; VariantName = "[No Variations]"
Add component (AddParameter): Name = "Rating"; Value = ""; VariantName = "[No Variations]"
Add component (AddParameter): Name = "RoHS Compliant"; Value = ""; VariantName = "[No Variations]"
Add component (AddParameter): Name = "Temperature Coefficient"; Value = ""; VariantName = "[No Variations]"
Add component (AddParameter): Name = "Tolerance"; Value = ""; VariantName = "[No Variations]"
Add component (AddParameter): Name = "Type"; Value = ""; VariantName = "[No Variations]"
Add component (AddParameter): Name = "Value"; Value = "100k"; VariantName = "[No Variations]"
Add component (AddParameter): Name = "Voltage Rating"; Value = ""; VariantName = "[No Variations]"
Add component (AddParameter): Name = "Weight"; Value = ""; VariantName = "[No Variations]"
Added Component: Designator=R24(R0603B)
Add component (AddParameter): Name = "Contact Finish"; Value = ""; VariantName = "[No Variations]"
Add component (AddParameter): Name = "FIT"; Value = ""; VariantName = "[No Variations]"
Add component (AddParameter): Name = "Materials"; Value = ""; VariantName = "[No Variations]"
Add component (AddParameter): Name = "Max Operating Temperature"; Value = ""; VariantName = "[No Variations]"
Add component (AddParameter): Name = "MFR"; Value = ""; VariantName = "[No Variations]"
Add component (AddParameter): Name = "MFR PN"; Value = ""; VariantName = "[No Variations]"
Add component (AddParameter): Name = "Min Operating Temperature"; Value = ""; VariantName = "[No Variations]"
Add component (AddParameter): Name = "Mounting Technology"; Value = ""; VariantName = "[No Variations]"
Add component (AddParameter): Name = "Note"; Value = ""; VariantName = "[No Variations]"
Add component (AddParameter): Name = "Package"; Value = ""; VariantName = "[No Variations]"
Add component (AddParameter): Name = "Pins"; Value = ""; VariantName = "[No Variations]"
Add component (AddParameter): Name = "Power"; Value = ""; VariantName = "[No Variations]"
Add component (AddParameter): Name = "Rating"; Value = ""; VariantName = "[No Variations]"
Add component (AddParameter): Name = "RoHS Compliant"; Value = ""; VariantName = "[No Variations]"
Add component (AddParameter): Name = "Temperature Coefficient"; Value = ""; VariantName = "[No Variations]"
Add component (AddParameter): Name = "Tolerance"; Value = ""; VariantName = "[No Variations]"
Add component (AddParameter): Name = "Type"; Value = ""; VariantName = "[No Variations]"
Add component (AddParameter): Name = "Value"; Value = "100k"; VariantName = "[No Variations]"
Add component (AddParameter): Name = "Voltage Rating"; Value = ""; VariantName = "[No Variations]"
Add component (AddParameter): Name = "Weight"; Value = ""; VariantName = "[No Variations]"
Added Component: Designator=R25(R0603B)
Add component (AddParameter): Name = "Contact Finish"; Value = ""; VariantName = "[No Variations]"
Add component (AddParameter): Name = "FIT"; Value = ""; VariantName = "[No Variations]"
Add component (AddParameter): Name = "Materials"; Value = ""; VariantName = "[No Variations]"
Add component (AddParameter): Name = "Max Operating Temperature"; Value = ""; VariantName = "[No Variations]"
Add component (AddParameter): Name = "MFR"; Value = ""; VariantName = "[No Variations]"
Add component (AddParameter): Name = "MFR PN"; Value = ""; VariantName = "[No Variations]"
Add component (AddParameter): Name = "Min Operating Temperature"; Value = ""; VariantName = "[No Variations]"
Add component (AddParameter): Name = "Mounting Technology"; Value = ""; VariantName = "[No Variations]"
Add component (AddParameter): Name = "Note"; Value = ""; VariantName = "[No Variations]"
Add component (AddParameter): Name = "Package"; Value = ""; VariantName = "[No Variations]"
Add component (AddParameter): Name = "Pins"; Value = ""; VariantName = "[No Variations]"
Add component (AddParameter): Name = "Power"; Value = ""; VariantName = "[No Variations]"
Add component (AddParameter): Name = "Rating"; Value = ""; VariantName = "[No Variations]"
Add component (AddParameter): Name = "RoHS Compliant"; Value = ""; VariantName = "[No Variations]"
Add component (AddParameter): Name = "Temperature Coefficient"; Value = ""; VariantName = "[No Variations]"
Add component (AddParameter): Name = "Tolerance"; Value = ""; VariantName = "[No Variations]"
Add component (AddParameter): Name = "Type"; Value = ""; VariantName = "[No Variations]"
Add component (AddParameter): Name = "Value"; Value = "100k"; VariantName = "[No Variations]"
Add component (AddParameter): Name = "Voltage Rating"; Value = ""; VariantName = "[No Variations]"
Add component (AddParameter): Name = "Weight"; Value = ""; VariantName = "[No Variations]"
Added Component: Designator=R26(R0603B)
Add component (AddParameter): Name = "Contact Finish"; Value = ""; VariantName = "[No Variations]"
Add component (AddParameter): Name = "FIT"; Value = ""; VariantName = "[No Variations]"
Add component (AddParameter): Name = "Materials"; Value = ""; VariantName = "[No Variations]"
Add component (AddParameter): Name = "Max Operating Temperature"; Value = ""; VariantName = "[No Variations]"
Add component (AddParameter): Name = "MFR"; Value = ""; VariantName = "[No Variations]"
Add component (AddParameter): Name = "MFR PN"; Value = ""; VariantName = "[No Variations]"
Add component (AddParameter): Name = "Min Operating Temperature"; Value = ""; VariantName = "[No Variations]"
Add component (AddParameter): Name = "Mounting Technology"; Value = ""; VariantName = "[No Variations]"
Add component (AddParameter): Name = "Note"; Value = ""; VariantName = "[No Variations]"
Add component (AddParameter): Name = "Package"; Value = ""; VariantName = "[No Variations]"
Add component (AddParameter): Name = "Pins"; Value = ""; VariantName = "[No Variations]"
Add component (AddParameter): Name = "Power"; Value = ""; VariantName = "[No Variations]"
Add component (AddParameter): Name = "Rating"; Value = ""; VariantName = "[No Variations]"
Add component (AddParameter): Name = "RoHS Compliant"; Value = ""; VariantName = "[No Variations]"
Add component (AddParameter): Name = "Temperature Coefficient"; Value = ""; VariantName = "[No Variations]"
Add component (AddParameter): Name = "Tolerance"; Value = ""; VariantName = "[No Variations]"
Add component (AddParameter): Name = "Type"; Value = ""; VariantName = "[No Variations]"
Add component (AddParameter): Name = "Value"; Value = "10k"; VariantName = "[No Variations]"
Add component (AddParameter): Name = "Voltage Rating"; Value = ""; VariantName = "[No Variations]"
Add component (AddParameter): Name = "Weight"; Value = ""; VariantName = "[No Variations]"
Added Component: Designator=R27(R0603B)
Add component (AddParameter): Name = "Contact Finish"; Value = ""; VariantName = "[No Variations]"
Add component (AddParameter): Name = "FIT"; Value = ""; VariantName = "[No Variations]"
Add component (AddParameter): Name = "Materials"; Value = ""; VariantName = "[No Variations]"
Add component (AddParameter): Name = "Max Operating Temperature"; Value = ""; VariantName = "[No Variations]"
Add component (AddParameter): Name = "MFR"; Value = ""; VariantName = "[No Variations]"
Add component (AddParameter): Name = "MFR PN"; Value = ""; VariantName = "[No Variations]"
Add component (AddParameter): Name = "Min Operating Temperature"; Value = ""; VariantName = "[No Variations]"
Add component (AddParameter): Name = "Mounting Technology"; Value = ""; VariantName = "[No Variations]"
Add component (AddParameter): Name = "Note"; Value = ""; VariantName = "[No Variations]"
Add component (AddParameter): Name = "Package"; Value = ""; VariantName = "[No Variations]"
Add component (AddParameter): Name = "Pins"; Value = ""; VariantName = "[No Variations]"
Add component (AddParameter): Name = "Power"; Value = ""; VariantName = "[No Variations]"
Add component (AddParameter): Name = "Rating"; Value = ""; VariantName = "[No Variations]"
Add component (AddParameter): Name = "RoHS Compliant"; Value = ""; VariantName = "[No Variations]"
Add component (AddParameter): Name = "Temperature Coefficient"; Value = ""; VariantName = "[No Variations]"
Add component (AddParameter): Name = "Tolerance"; Value = ""; VariantName = "[No Variations]"
Add component (AddParameter): Name = "Type"; Value = ""; VariantName = "[No Variations]"
Add component (AddParameter): Name = "Value"; Value = "330"; VariantName = "[No Variations]"
Add component (AddParameter): Name = "Voltage Rating"; Value = ""; VariantName = "[No Variations]"
Add component (AddParameter): Name = "Weight"; Value = ""; VariantName = "[No Variations]"
Added Component: Designator=R28(R0603B)
Add component (AddParameter): Name = "Contact Finish"; Value = ""; VariantName = "[No Variations]"
Add component (AddParameter): Name = "FIT"; Value = ""; VariantName = "[No Variations]"
Add component (AddParameter): Name = "Materials"; Value = ""; VariantName = "[No Variations]"
Add component (AddParameter): Name = "Max Operating Temperature"; Value = ""; VariantName = "[No Variations]"
Add component (AddParameter): Name = "MFR"; Value = ""; VariantName = "[No Variations]"
Add component (AddParameter): Name = "MFR PN"; Value = ""; VariantName = "[No Variations]"
Add component (AddParameter): Name = "Min Operating Temperature"; Value = ""; VariantName = "[No Variations]"
Add component (AddParameter): Name = "Mounting Technology"; Value = ""; VariantName = "[No Variations]"
Add component (AddParameter): Name = "Note"; Value = ""; VariantName = "[No Variations]"
Add component (AddParameter): Name = "Package"; Value = ""; VariantName = "[No Variations]"
Add component (AddParameter): Name = "Pins"; Value = ""; VariantName = "[No Variations]"
Add component (AddParameter): Name = "Power"; Value = ""; VariantName = "[No Variations]"
Add component (AddParameter): Name = "Rating"; Value = ""; VariantName = "[No Variations]"
Add component (AddParameter): Name = "RoHS Compliant"; Value = ""; VariantName = "[No Variations]"
Add component (AddParameter): Name = "Temperature Coefficient"; Value = ""; VariantName = "[No Variations]"
Add component (AddParameter): Name = "Tolerance"; Value = ""; VariantName = "[No Variations]"
Add component (AddParameter): Name = "Type"; Value = ""; VariantName = "[No Variations]"
Add component (AddParameter): Name = "Value"; Value = "330"; VariantName = "[No Variations]"
Add component (AddParameter): Name = "Voltage Rating"; Value = ""; VariantName = "[No Variations]"
Add component (AddParameter): Name = "Weight"; Value = ""; VariantName = "[No Variations]"
Added Component: Designator=R29(R0603B)
Add component (AddParameter): Name = "Contact Finish"; Value = ""; VariantName = "[No Variations]"
Add component (AddParameter): Name = "FIT"; Value = ""; VariantName = "[No Variations]"
Add component (AddParameter): Name = "Materials"; Value = ""; VariantName = "[No Variations]"
Add component (AddParameter): Name = "Max Operating Temperature"; Value = ""; VariantName = "[No Variations]"
Add component (AddParameter): Name = "MFR"; Value = ""; VariantName = "[No Variations]"
Add component (AddParameter): Name = "MFR PN"; Value = ""; VariantName = "[No Variations]"
Add component (AddParameter): Name = "Min Operating Temperature"; Value = ""; VariantName = "[No Variations]"
Add component (AddParameter): Name = "Mounting Technology"; Value = ""; VariantName = "[No Variations]"
Add component (AddParameter): Name = "Note"; Value = ""; VariantName = "[No Variations]"
Add component (AddParameter): Name = "Package"; Value = ""; VariantName = "[No Variations]"
Add component (AddParameter): Name = "Pins"; Value = ""; VariantName = "[No Variations]"
Add component (AddParameter): Name = "Power"; Value = ""; VariantName = "[No Variations]"
Add component (AddParameter): Name = "Rating"; Value = ""; VariantName = "[No Variations]"
Add component (AddParameter): Name = "RoHS Compliant"; Value = ""; VariantName = "[No Variations]"
Add component (AddParameter): Name = "Temperature Coefficient"; Value = ""; VariantName = "[No Variations]"
Add component (AddParameter): Name = "Tolerance"; Value = ""; VariantName = "[No Variations]"
Add component (AddParameter): Name = "Type"; Value = ""; VariantName = "[No Variations]"
Add component (AddParameter): Name = "Value"; Value = "100k"; VariantName = "[No Variations]"
Add component (AddParameter): Name = "Voltage Rating"; Value = ""; VariantName = "[No Variations]"
Add component (AddParameter): Name = "Weight"; Value = ""; VariantName = "[No Variations]"
Added Component: Designator=R30(R0603B)
Add component (AddParameter): Name = "Contact Finish"; Value = ""; VariantName = "[No Variations]"
Add component (AddParameter): Name = "FIT"; Value = ""; VariantName = "[No Variations]"
Add component (AddParameter): Name = "Materials"; Value = ""; VariantName = "[No Variations]"
Add component (AddParameter): Name = "Max Operating Temperature"; Value = ""; VariantName = "[No Variations]"
Add component (AddParameter): Name = "MFR"; Value = ""; VariantName = "[No Variations]"
Add component (AddParameter): Name = "MFR PN"; Value = ""; VariantName = "[No Variations]"
Add component (AddParameter): Name = "Min Operating Temperature"; Value = ""; VariantName = "[No Variations]"
Add component (AddParameter): Name = "Mounting Technology"; Value = ""; VariantName = "[No Variations]"
Add component (AddParameter): Name = "Note"; Value = ""; VariantName = "[No Variations]"
Add component (AddParameter): Name = "Package"; Value = ""; VariantName = "[No Variations]"
Add component (AddParameter): Name = "Pins"; Value = ""; VariantName = "[No Variations]"
Add component (AddParameter): Name = "Power"; Value = ""; VariantName = "[No Variations]"
Add component (AddParameter): Name = "Rating"; Value = ""; VariantName = "[No Variations]"
Add component (AddParameter): Name = "RoHS Compliant"; Value = ""; VariantName = "[No Variations]"
Add component (AddParameter): Name = "Temperature Coefficient"; Value = ""; VariantName = "[No Variations]"
Add component (AddParameter): Name = "Tolerance"; Value = ""; VariantName = "[No Variations]"
Add component (AddParameter): Name = "Type"; Value = ""; VariantName = "[No Variations]"
Add component (AddParameter): Name = "Value"; Value = "100k"; VariantName = "[No Variations]"
Add component (AddParameter): Name = "Voltage Rating"; Value = ""; VariantName = "[No Variations]"
Add component (AddParameter): Name = "Weight"; Value = ""; VariantName = "[No Variations]"
Added Component: Designator=R31(R0603B)
Add component (AddParameter): Name = "Contact Finish"; Value = ""; VariantName = "[No Variations]"
Add component (AddParameter): Name = "FIT"; Value = ""; VariantName = "[No Variations]"
Add component (AddParameter): Name = "Materials"; Value = ""; VariantName = "[No Variations]"
Add component (AddParameter): Name = "Max Operating Temperature"; Value = ""; VariantName = "[No Variations]"
Add component (AddParameter): Name = "MFR"; Value = ""; VariantName = "[No Variations]"
Add component (AddParameter): Name = "MFR PN"; Value = ""; VariantName = "[No Variations]"
Add component (AddParameter): Name = "Min Operating Temperature"; Value = ""; VariantName = "[No Variations]"
Add component (AddParameter): Name = "Mounting Technology"; Value = ""; VariantName = "[No Variations]"
Add component (AddParameter): Name = "Note"; Value = ""; VariantName = "[No Variations]"
Add component (AddParameter): Name = "Package"; Value = ""; VariantName = "[No Variations]"
Add component (AddParameter): Name = "Pins"; Value = ""; VariantName = "[No Variations]"
Add component (AddParameter): Name = "Power"; Value = ""; VariantName = "[No Variations]"
Add component (AddParameter): Name = "Rating"; Value = ""; VariantName = "[No Variations]"
Add component (AddParameter): Name = "RoHS Compliant"; Value = ""; VariantName = "[No Variations]"
Add component (AddParameter): Name = "Temperature Coefficient"; Value = ""; VariantName = "[No Variations]"
Add component (AddParameter): Name = "Tolerance"; Value = ""; VariantName = "[No Variations]"
Add component (AddParameter): Name = "Type"; Value = ""; VariantName = "[No Variations]"
Add component (AddParameter): Name = "Value"; Value = "330"; VariantName = "[No Variations]"
Add component (AddParameter): Name = "Voltage Rating"; Value = ""; VariantName = "[No Variations]"
Add component (AddParameter): Name = "Weight"; Value = ""; VariantName = "[No Variations]"
Added Component: Designator=R32(R0603B)
Add component (AddParameter): Name = "Contact Finish"; Value = ""; VariantName = "[No Variations]"
Add component (AddParameter): Name = "FIT"; Value = ""; VariantName = "[No Variations]"
Add component (AddParameter): Name = "Materials"; Value = ""; VariantName = "[No Variations]"
Add component (AddParameter): Name = "Max Operating Temperature"; Value = ""; VariantName = "[No Variations]"
Add component (AddParameter): Name = "MFR"; Value = ""; VariantName = "[No Variations]"
Add component (AddParameter): Name = "MFR PN"; Value = ""; VariantName = "[No Variations]"
Add component (AddParameter): Name = "Min Operating Temperature"; Value = ""; VariantName = "[No Variations]"
Add component (AddParameter): Name = "Mounting Technology"; Value = ""; VariantName = "[No Variations]"
Add component (AddParameter): Name = "Note"; Value = ""; VariantName = "[No Variations]"
Add component (AddParameter): Name = "Package"; Value = ""; VariantName = "[No Variations]"
Add component (AddParameter): Name = "Pins"; Value = ""; VariantName = "[No Variations]"
Add component (AddParameter): Name = "Power"; Value = ""; VariantName = "[No Variations]"
Add component (AddParameter): Name = "Rating"; Value = ""; VariantName = "[No Variations]"
Add component (AddParameter): Name = "RoHS Compliant"; Value = ""; VariantName = "[No Variations]"
Add component (AddParameter): Name = "Temperature Coefficient"; Value = ""; VariantName = "[No Variations]"
Add component (AddParameter): Name = "Tolerance"; Value = ""; VariantName = "[No Variations]"
Add component (AddParameter): Name = "Type"; Value = ""; VariantName = "[No Variations]"
Add component (AddParameter): Name = "Value"; Value = "330"; VariantName = "[No Variations]"
Add component (AddParameter): Name = "Voltage Rating"; Value = ""; VariantName = "[No Variations]"
Add component (AddParameter): Name = "Weight"; Value = ""; VariantName = "[No Variations]"
Added Component: Designator=R33(R0603B)
Add component (AddParameter): Name = "Contact Finish"; Value = ""; VariantName = "[No Variations]"
Add component (AddParameter): Name = "FIT"; Value = ""; VariantName = "[No Variations]"
Add component (AddParameter): Name = "Materials"; Value = ""; VariantName = "[No Variations]"
Add component (AddParameter): Name = "Max Operating Temperature"; Value = ""; VariantName = "[No Variations]"
Add component (AddParameter): Name = "MFR"; Value = ""; VariantName = "[No Variations]"
Add component (AddParameter): Name = "MFR PN"; Value = ""; VariantName = "[No Variations]"
Add component (AddParameter): Name = "Min Operating Temperature"; Value = ""; VariantName = "[No Variations]"
Add component (AddParameter): Name = "Mounting Technology"; Value = ""; VariantName = "[No Variations]"
Add component (AddParameter): Name = "Note"; Value = ""; VariantName = "[No Variations]"
Add component (AddParameter): Name = "Package"; Value = ""; VariantName = "[No Variations]"
Add component (AddParameter): Name = "Pins"; Value = ""; VariantName = "[No Variations]"
Add component (AddParameter): Name = "Power"; Value = ""; VariantName = "[No Variations]"
Add component (AddParameter): Name = "Rating"; Value = ""; VariantName = "[No Variations]"
Add component (AddParameter): Name = "RoHS Compliant"; Value = ""; VariantName = "[No Variations]"
Add component (AddParameter): Name = "Temperature Coefficient"; Value = ""; VariantName = "[No Variations]"
Add component (AddParameter): Name = "Tolerance"; Value = ""; VariantName = "[No Variations]"
Add component (AddParameter): Name = "Type"; Value = ""; VariantName = "[No Variations]"
Add component (AddParameter): Name = "Value"; Value = "330"; VariantName = "[No Variations]"
Add component (AddParameter): Name = "Voltage Rating"; Value = ""; VariantName = "[No Variations]"
Add component (AddParameter): Name = "Weight"; Value = ""; VariantName = "[No Variations]"
Added Component: Designator=R34(R0603B)
Add component (AddParameter): Name = "Contact Finish"; Value = ""; VariantName = "[No Variations]"
Add component (AddParameter): Name = "FIT"; Value = ""; VariantName = "[No Variations]"
Add component (AddParameter): Name = "Materials"; Value = ""; VariantName = "[No Variations]"
Add component (AddParameter): Name = "Max Operating Temperature"; Value = ""; VariantName = "[No Variations]"
Add component (AddParameter): Name = "MFR"; Value = ""; VariantName = "[No Variations]"
Add component (AddParameter): Name = "MFR PN"; Value = ""; VariantName = "[No Variations]"
Add component (AddParameter): Name = "Min Operating Temperature"; Value = ""; VariantName = "[No Variations]"
Add component (AddParameter): Name = "Mounting Technology"; Value = ""; VariantName = "[No Variations]"
Add component (AddParameter): Name = "Note"; Value = ""; VariantName = "[No Variations]"
Add component (AddParameter): Name = "Package"; Value = ""; VariantName = "[No Variations]"
Add component (AddParameter): Name = "Pins"; Value = ""; VariantName = "[No Variations]"
Add component (AddParameter): Name = "Power"; Value = ""; VariantName = "[No Variations]"
Add component (AddParameter): Name = "Rating"; Value = ""; VariantName = "[No Variations]"
Add component (AddParameter): Name = "RoHS Compliant"; Value = ""; VariantName = "[No Variations]"
Add component (AddParameter): Name = "Temperature Coefficient"; Value = ""; VariantName = "[No Variations]"
Add component (AddParameter): Name = "Tolerance"; Value = ""; VariantName = "[No Variations]"
Add component (AddParameter): Name = "Type"; Value = ""; VariantName = "[No Variations]"
Add component (AddParameter): Name = "Value"; Value = "330"; VariantName = "[No Variations]"
Add component (AddParameter): Name = "Voltage Rating"; Value = ""; VariantName = "[No Variations]"
Add component (AddParameter): Name = "Weight"; Value = ""; VariantName = "[No Variations]"
Added Component: Designator=SD1(MOLX-47219-2001-8_V)
Add component (AddParameter): Name = "Brand"; Value = "Molex"; VariantName = "[No Variations]"
Add component (AddParameter): Name = "Card Type"; Value = "microSD"; VariantName = "[No Variations]"
Add component (AddParameter): Name = "Contact Material"; Value = "CopperAlloy"; VariantName = "[No Variations]"
Add component (AddParameter): Name = "Current Rating"; Value = "500mA"; VariantName = "[No Variations]"
Add component (AddParameter): Name = "Datasheet URL"; Value = "http://www.molex.com/pdm_docs/sd/472192001_sd.pdf"; VariantName = "[No Variations]"
Add component (AddParameter): Name = "Datasheet Version"; Value = "Rev. F, 06/2009"; VariantName = "[No Variations]"
Add component (AddParameter): Name = "Factory Pack Quantity"; Value = "2400"; VariantName = "[No Variations]"
Add component (AddParameter): Name = "Housing Material"; Value = "Thermoplastic"; VariantName = "[No Variations]"
Add component (AddParameter): Name = "Insertion - Extraction Style"; Value = "Hinged"; VariantName = "[No Variations]"
Add component (AddParameter): Name = "Manufacturer"; Value = "Molex"; VariantName = "[No Variations]"
Add component (AddParameter): Name = "Manufacturer URL"; Value = "http://www.molex.com/"; VariantName = "[No Variations]"
Add component (AddParameter): Name = "Mounting Style"; Value = "SMD/SMT"; VariantName = "[No Variations]"
Add component (AddParameter): Name = "Number of Contacts"; Value = "8"; VariantName = "[No Variations]"
Add component (AddParameter): Name = "Packaging"; Value = "Reel"; VariantName = "[No Variations]"
Add component (AddParameter): Name = "Pitch"; Value = "1.09mm"; VariantName = "[No Variations]"
Add component (AddParameter): Name = "Product"; Value = "CardConnectors"; VariantName = "[No Variations]"
Add component (AddParameter): Name = "Product Category"; Value = "MemoryCardConnectors"; VariantName = "[No Variations]"
Add component (AddParameter): Name = "RoHS"; Value = "Details"; VariantName = "[No Variations]"
Add component (AddParameter): Name = "Series"; Value = "47219"; VariantName = "[No Variations]"
Add component (AddParameter): Name = "Termination Style"; Value = "SMD"; VariantName = "[No Variations]"
Add component (AddParameter): Name = "Voltage Rating"; Value = "100VDC"; VariantName = "[No Variations]"
Added Component: Designator=SW1(FP-KXT331LHS-MFG)
Add component (AddParameter): Name = "Actuator Type"; Value = "Standard"; VariantName = "[No Variations]"
Add component (AddParameter): Name = "Connector Type"; Value = "USB"; VariantName = "[No Variations]"
Add component (AddParameter): Name = "Contact Plating"; Value = "Gold"; VariantName = "[No Variations]"
Add component (AddParameter): Name = "Current Rating"; Value = "5A"; VariantName = "[No Variations]"
Add component (AddParameter): Name = "Flammability Rating"; Value = "UL94 V-0"; VariantName = "[No Variations]"
Add component (AddParameter): Name = "Gender"; Value = "Receptacle"; VariantName = "[No Variations]"
Add component (AddParameter): Name = "Illumination Type"; Value = "Non-Illuminated"; VariantName = "[No Variations]"
Add component (AddParameter): Name = "Insulation Color"; Value = "Black"; VariantName = "[No Variations]"
Add component (AddParameter): Name = "Max Operating Temperature"; Value = "85°C"; VariantName = "[No Variations]"
Add component (AddParameter): Name = "Mechanical Life"; Value = "500000Cycles"; VariantName = "[No Variations]"
Add component (AddParameter): Name = "Min Operating Temperature"; Value = "-40°C"; VariantName = "[No Variations]"
Add component (AddParameter): Name = "Mount"; Value = "Surface Mount"; VariantName = "[No Variations]"
Add component (AddParameter): Name = "Number of Contacts"; Value = "24"; VariantName = "[No Variations]"
Add component (AddParameter): Name = "Number of Ports"; Value = "1"; VariantName = "[No Variations]"
Add component (AddParameter): Name = "Operating Force"; Value = "240gf"; VariantName = "[No Variations]"
Add component (AddParameter): Name = "Packaging"; Value = "Tape and Reel"; VariantName = "[No Variations]"
Add component (AddParameter): Name = "Switch Function"; Value = "Off-Mom"; VariantName = "[No Variations]"
Add component (AddParameter): Name = "Switch Travel"; Value = "0.13mm"; VariantName = "[No Variations]"
Add component (AddParameter): Name = "Termination"; Value = "Solder"; VariantName = "[No Variations]"
Add component (AddParameter): Name = "Throw Configuration"; Value = "SPST"; VariantName = "[No Variations]"
Added Component: Designator=SW2(FP-KXT331LHS-MFG)
Add component (AddParameter): Name = "Actuator Type"; Value = "Standard"; VariantName = "[No Variations]"
Add component (AddParameter): Name = "Connector Type"; Value = "USB"; VariantName = "[No Variations]"
Add component (AddParameter): Name = "Contact Plating"; Value = "Gold"; VariantName = "[No Variations]"
Add component (AddParameter): Name = "Current Rating"; Value = "5A"; VariantName = "[No Variations]"
Add component (AddParameter): Name = "Flammability Rating"; Value = "UL94 V-0"; VariantName = "[No Variations]"
Add component (AddParameter): Name = "Gender"; Value = "Receptacle"; VariantName = "[No Variations]"
Add component (AddParameter): Name = "Illumination Type"; Value = "Non-Illuminated"; VariantName = "[No Variations]"
Add component (AddParameter): Name = "Insulation Color"; Value = "Black"; VariantName = "[No Variations]"
Add component (AddParameter): Name = "Max Operating Temperature"; Value = "85°C"; VariantName = "[No Variations]"
Add component (AddParameter): Name = "Mechanical Life"; Value = "500000Cycles"; VariantName = "[No Variations]"
Add component (AddParameter): Name = "Min Operating Temperature"; Value = "-40°C"; VariantName = "[No Variations]"
Add component (AddParameter): Name = "Mount"; Value = "Surface Mount"; VariantName = "[No Variations]"
Add component (AddParameter): Name = "Number of Contacts"; Value = "24"; VariantName = "[No Variations]"
Add component (AddParameter): Name = "Number of Ports"; Value = "1"; VariantName = "[No Variations]"
Add component (AddParameter): Name = "Operating Force"; Value = "240gf"; VariantName = "[No Variations]"
Add component (AddParameter): Name = "Packaging"; Value = "Tape and Reel"; VariantName = "[No Variations]"
Add component (AddParameter): Name = "Switch Function"; Value = "Off-Mom"; VariantName = "[No Variations]"
Add component (AddParameter): Name = "Switch Travel"; Value = "0.13mm"; VariantName = "[No Variations]"
Add component (AddParameter): Name = "Termination"; Value = "Solder"; VariantName = "[No Variations]"
Add component (AddParameter): Name = "Throw Configuration"; Value = "SPST"; VariantName = "[No Variations]"
Add component: Footprint Not Found TCAN1146DYYRQ1-Footprint-1
Add component: Footprint Not Found TCAN1146DYYRQ1-Footprint-1
Added Component: Designator=U2(FP-SOT223-0046067-IPC_C)
Add component (AddParameter): Name = "Accuracy Percentage"; Value = "2%"; VariantName = "[No Variations]"
Add component (AddParameter): Name = "Automotive"; Value = "No"; VariantName = "[No Variations]"
Add component (AddParameter): Name = "Category"; Value = "IC"; VariantName = "[No Variations]"
Add component (AddParameter): Name = "ComponentLink2Description"; Value = "Datasheet"; VariantName = "[No Variations]"
Add component (AddParameter): Name = "ComponentLink2URL"; Value = "https://www.st.com/resource/en/datasheet/ldl1117.pdf"; VariantName = "[No Variations]"
Add component (AddParameter): Name = "Device Class L1"; Value = "Integrated Circuits (ICs)"; VariantName = "[No Variations]"
Add component (AddParameter): Name = "Device Class L2"; Value = "Power Management ICs"; VariantName = "[No Variations]"
Add component (AddParameter): Name = "Device Class L3"; Value = "Voltage Regulators - Linear"; VariantName = "[No Variations]"
Add component (AddParameter): Name = "Digikey Description"; Value = "IC REG LINEAR 3.3V 1.2A SOT223"; VariantName = "[No Variations]"
Add component (AddParameter): Name = "Dropout Voltage"; Value = "350mV"; VariantName = "[No Variations]"
Add component (AddParameter): Name = "Height"; Value = "1.9mm"; VariantName = "[No Variations]"
Add component (AddParameter): Name = "Ipc Land Pattern Name"; Value = "SOT230P700X190-4"; VariantName = "[No Variations]"
Add component (AddParameter): Name = "Lead Free"; Value = "Yes"; VariantName = "[No Variations]"
Add component (AddParameter): Name = "Manufacturer"; Value = "STMicroelectronics"; VariantName = "[No Variations]"
Add component (AddParameter): Name = "Manufacturer Part Number"; Value = "LDL1117S33R"; VariantName = "[No Variations]"
Add component (AddParameter): Name = "Max Junction Temp"; Value = "+125°C"; VariantName = "[No Variations]"
Add component (AddParameter): Name = "Max Supply Voltage"; Value = "18V"; VariantName = "[No Variations]"
Add component (AddParameter): Name = "Min Supply Voltage"; Value = "2.6V"; VariantName = "[No Variations]"
Add component (AddParameter): Name = "Mouser Description"; Value = "LDL1117 Series 1.2 A 3.3 V High PSRR LDO Linear Voltage Regulator-SOT-223"; VariantName = "[No Variations]"
Add component (AddParameter): Name = "Nominal Supply Current"; Value = "250uA"; VariantName = "[No Variations]"
Add component (AddParameter): Name = "Number Of Outputs"; Value = "1"; VariantName = "[No Variations]"
Add component (AddParameter): Name = "Octopart"; Value = "https://octopart.com/ldl1117s33r-stmicroelectronics-81876163"; VariantName = "[No Variations]"
Add component (AddParameter): Name = "Output Current"; Value = "2A"; VariantName = "[No Variations]"
Add component (AddParameter): Name = "Output Type"; Value = "Fixed"; VariantName = "[No Variations]"
Add component (AddParameter): Name = "Output Voltage"; Value = "3.3V"; VariantName = "[No Variations]"
Add component (AddParameter): Name = "Package"; Value = "SOT223-0046067"; VariantName = "[No Variations]"
Add component (AddParameter): Name = "RoHS"; Value = "TRUE"; VariantName = "[No Variations]"
Add component (AddParameter): Name = "Standoff Height"; Value = "0.02mm"; VariantName = "[No Variations]"
Add component (AddParameter): Name = "Temperature"; Value = "-40°C to +125°C"; VariantName = "[No Variations]"
Add component (AddParameter): Name = "Temperature Range High"; Value = "+125°C"; VariantName = "[No Variations]"
Add component (AddParameter): Name = "Temperature Range Low"; Value = "-40°C"; VariantName = "[No Variations]"
Added Component: Designator=U3(FP-SOT-223-0046067_14-MFG)
Add component (AddParameter): Name = "Accuracy Percentage"; Value = "2%"; VariantName = "[No Variations]"
Add component (AddParameter): Name = "Automotive"; Value = "No"; VariantName = "[No Variations]"
Add component (AddParameter): Name = "Category"; Value = "IC"; VariantName = "[No Variations]"
Add component (AddParameter): Name = "ComponentLink2Description"; Value = "Datasheet"; VariantName = "[No Variations]"
Add component (AddParameter): Name = "ComponentLink2URL"; Value = "https://www.st.com/content/ccc/resource/technical/document/datasheet/group3/0e/5a/00/ca/10/1a/4f/a5/DM00366442/files/DM00366442.pdf/jcr:content/translations/en.DM00366442.pdf"; VariantName = "[No Variations]"
Add component (AddParameter): Name = "Device Class L1"; Value = "Integrated Circuits (ICs)"; VariantName = "[No Variations]"
Add component (AddParameter): Name = "Device Class L2"; Value = "Power Management ICs"; VariantName = "[No Variations]"
Add component (AddParameter): Name = "Device Class L3"; Value = "Voltage Regulators - Linear"; VariantName = "[No Variations]"
Add component (AddParameter): Name = "Digikey Description"; Value = "IC REG LINEAR 5V 1.2A SOT223"; VariantName = "[No Variations]"
Add component (AddParameter): Name = "Dropout Voltage"; Value = "350mV"; VariantName = "[No Variations]"
Add component (AddParameter): Name = "Height"; Value = "1.9mm"; VariantName = "[No Variations]"
Add component (AddParameter): Name = "Lead Free"; Value = "Yes"; VariantName = "[No Variations]"
Add component (AddParameter): Name = "Manufacturer"; Value = "STMicroelectronics"; VariantName = "[No Variations]"
Add component (AddParameter): Name = "Manufacturer Part Number"; Value = "LDL1117S50R"; VariantName = "[No Variations]"
Add component (AddParameter): Name = "Max Junction Temp"; Value = "+150°C"; VariantName = "[No Variations]"
Add component (AddParameter): Name = "Max Supply Voltage"; Value = "18V"; VariantName = "[No Variations]"
Add component (AddParameter): Name = "Min Supply Voltage"; Value = "2.6V"; VariantName = "[No Variations]"
Add component (AddParameter): Name = "Mouser Description"; Value = "LDL1117 Series 1.2 A 5 V High PSRR LDO Linear Voltage Regulator - SOT-223"; VariantName = "[No Variations]"
Add component (AddParameter): Name = "Nominal Supply Current"; Value = "250uA"; VariantName = "[No Variations]"
Add component (AddParameter): Name = "Number Of Outputs"; Value = "1"; VariantName = "[No Variations]"
Add component (AddParameter): Name = "Octopart"; Value = "https://octopart.com/ldl1117s50r-stmicroelectronics-81876164"; VariantName = "[No Variations]"
Add component (AddParameter): Name = "Output Current"; Value = "2A"; VariantName = "[No Variations]"
Add component (AddParameter): Name = "Output Type"; Value = "Fixed"; VariantName = "[No Variations]"
Add component (AddParameter): Name = "Output Voltage"; Value = "5V"; VariantName = "[No Variations]"
Add component (AddParameter): Name = "Package"; Value = "SOT-223-0046067_14"; VariantName = "[No Variations]"
Add component (AddParameter): Name = "RoHS"; Value = "TRUE"; VariantName = "[No Variations]"
Add component (AddParameter): Name = "Standoff Height"; Value = "0.02mm"; VariantName = "[No Variations]"
Add component (AddParameter): Name = "Temperature"; Value = "-40°C to +125°C"; VariantName = "[No Variations]"
Add component (AddParameter): Name = "Temperature Range High"; Value = "+125°C"; VariantName = "[No Variations]"
Add component (AddParameter): Name = "Temperature Range Low"; Value = "-40°C"; VariantName = "[No Variations]"
Added Component: Designator=U4(FP-LQFP100-1L-IPC_C)
Added Component: Designator=Y1(FP-ABM8G-MFG)
Add component (AddParameter): Name = "Case/Package"; Value = "CSMD"; VariantName = "[No Variations]"
Add component (AddParameter): Name = "Depth"; Value = "2.5mm"; VariantName = "[No Variations]"
Add component (AddParameter): Name = "ESR (Equivalent Series Resistance)"; Value = "60R"; VariantName = "[No Variations]"
Add component (AddParameter): Name = "Frequency"; Value = "25MHz"; VariantName = "[No Variations]"
Add component (AddParameter): Name = "Frequency Stability"; Value = "30ppm"; VariantName = "[No Variations]"
Add component (AddParameter): Name = "Frequency Tolerance"; Value = "20ppm"; VariantName = "[No Variations]"
Add component (AddParameter): Name = "Height"; Value = "0.039inch"; VariantName = "[No Variations]"
Add component (AddParameter): Name = "Lead Free"; Value = "Lead Free"; VariantName = "[No Variations]"
Add component (AddParameter): Name = "Length"; Value = "3.2mm"; VariantName = "[No Variations]"
Add component (AddParameter): Name = "Load Capacitance"; Value = "18pF"; VariantName = "[No Variations]"
Add component (AddParameter): Name = "Max Operating Temperature"; Value = "85°C"; VariantName = "[No Variations]"
Add component (AddParameter): Name = "Min Operating Temperature"; Value = "-40°C"; VariantName = "[No Variations]"
Add component (AddParameter): Name = "Mount"; Value = "Surface Mount"; VariantName = "[No Variations]"
Add component (AddParameter): Name = "Number of Pins"; Value = "4"; VariantName = "[No Variations]"
Add component (AddParameter): Name = "Operating Frequency"; Value = "25 MHz"; VariantName = "[No Variations]"
Add component (AddParameter): Name = "Package Quantity"; Value = "1000"; VariantName = "[No Variations]"
Add component (AddParameter): Name = "Packaging"; Value = "Tape and Reel"; VariantName = "[No Variations]"
Add component (AddParameter): Name = "Radiation Hardening"; Value = "No"; VariantName = "[No Variations]"
Add component (AddParameter): Name = "Series"; Value = "ABM8G"; VariantName = "[No Variations]"
Add component (AddParameter): Name = "Series Resistance"; Value = "60R"; VariantName = "[No Variations]"
Add component (AddParameter): Name = "Termination"; Value = "SMD/SMT"; VariantName = "[No Variations]"
Add component (AddParameter): Name = "Tolerance"; Value = "20ppm"; VariantName = "[No Variations]"
Add component (AddParameter): Name = "Width"; Value = "0.098inch"; VariantName = "[No Variations]"
Added Component: Designator=Y2(FP-ECX-1210-MFG)
Add component (AddParameter): Name = "Automotive"; Value = "No"; VariantName = "[No Variations]"
Add component (AddParameter): Name = "Category"; Value = "Crys"; VariantName = "[No Variations]"
Add component (AddParameter): Name = "ComponentLink2Description"; Value = "Datasheet"; VariantName = "[No Variations]"
Add component (AddParameter): Name = "ComponentLink2URL"; Value = "https://ecsxtal.com/store/pdf/ECX-1210.pdf"; VariantName = "[No Variations]"
Add component (AddParameter): Name = "Device Class L1"; Value = "Passive Components"; VariantName = "[No Variations]"
Add component (AddParameter): Name = "Device Class L2"; Value = "Crystals / Oscillators"; VariantName = "[No Variations]"
Add component (AddParameter): Name = "Device Class L3"; Value = "Crystals"; VariantName = "[No Variations]"
Add component (AddParameter): Name = "Digikey Description"; Value = "CRYSTAL 32.7680KHZ 12.5PF SMD"; VariantName = "[No Variations]"
Add component (AddParameter): Name = "Esr"; Value = "90kO"; VariantName = "[No Variations]"
Add component (AddParameter): Name = "Frequency"; Value = "32.768kHz"; VariantName = "[No Variations]"
Add component (AddParameter): Name = "Height"; Value = "0.5mm"; VariantName = "[No Variations]"
Add component (AddParameter): Name = "Lead Free"; Value = "Yes"; VariantName = "[No Variations]"
Add component (AddParameter): Name = "Load Capacitance"; Value = "12.5pF"; VariantName = "[No Variations]"
Add component (AddParameter): Name = "Manufacturer"; Value = "ECS International"; VariantName = "[No Variations]"
Add component (AddParameter): Name = "Manufacturer Part Number"; Value = "ECS-.327-12.5-1210-TR"; VariantName = "[No Variations]"
Add component (AddParameter): Name = "Octopart"; Value = "https://octopart.com/ecs-.327-12.5-1210-tr-ecs+international-81221340"; VariantName = "[No Variations]"
Add component (AddParameter): Name = "Package"; Value = "ECX-1210"; VariantName = "[No Variations]"
Add component (AddParameter): Name = "RoHS"; Value = "TRUE"; VariantName = "[No Variations]"
Add component (AddParameter): Name = "Series"; Value = "ECX-1210"; VariantName = "[No Variations]"
Add component (AddParameter): Name = "Temperature"; Value = "-40°C to +85°C"; VariantName = "[No Variations]"
Add component (AddParameter): Name = "Temperature Range High"; Value = "+85°C"; VariantName = "[No Variations]"
Add component (AddParameter): Name = "Temperature Range Low"; Value = "-40°C"; VariantName = "[No Variations]"
Add component (AddParameter): Name = "Tolerance"; Value = "20ppm"; VariantName = "[No Variations]"
Added Pin To Net: NetName=3V3 Pin=C2_CAN_0-1
Added Pin To Net: NetName=3V3 Pin=C2_CAN_1-1
Added Pin To Net: NetName=3V3 Pin=C8-2
Added Pin To Net: NetName=3V3 Pin=C12-1
Added Pin To Net: NetName=3V3 Pin=C13-1
Added Pin To Net: NetName=3V3 Pin=C18-2
Added Pin To Net: NetName=3V3 Pin=C20-1
Added Pin To Net: NetName=3V3 Pin=C21-1
Added Pin To Net: NetName=3V3 Pin=C22-1
Added Pin To Net: NetName=3V3 Pin=C23-1
Added Pin To Net: NetName=3V3 Pin=C24-1
Added Pin To Net: NetName=3V3 Pin=C25-1
Added Pin To Net: NetName=3V3 Pin=C32-1
Added Pin To Net: NetName=3V3 Pin=C33-1
Added Pin To Net: NetName=3V3 Pin=D10-2
Added Pin To Net: NetName=3V3 Pin=D10-3
Added Pin To Net: NetName=3V3 Pin=D11-2
Added Pin To Net: NetName=3V3 Pin=D11-3
Added Pin To Net: NetName=3V3 Pin=FB1-1
Added Pin To Net: NetName=3V3 Pin=J2-1
Added Pin To Net: NetName=3V3 Pin=R6-1
Added Pin To Net: NetName=3V3 Pin=R8-1
Added Pin To Net: NetName=3V3 Pin=R14-1
Added Pin To Net: NetName=3V3 Pin=R20-1
Added Pin To Net: NetName=3V3 Pin=R21-1
Added Pin To Net: NetName=3V3 Pin=R22-1
Added Pin To Net: NetName=3V3 Pin=R23-1
Added Pin To Net: NetName=3V3 Pin=R24-1
Added Pin To Net: NetName=3V3 Pin=R25-1
Added Pin To Net: NetName=3V3 Pin=R26-2
Added Pin To Net: NetName=3V3 Pin=R30-1
Added Pin To Net: NetName=3V3 Pin=SD1-4
Added Pin To Net: NetName=3V3 Pin=SW1-2
Added Pin To Net: NetName=3V3 Pin=U2-2
Added Pin To Net: NetName=3V3 Pin=U2-4
Added Pin To Net: NetName=3V3 Pin=U4-6
Added Pin To Net: NetName=3V3 Pin=U4-11
Added Pin To Net: NetName=3V3 Pin=U4-27
Added Pin To Net: NetName=3V3 Pin=U4-50
Added Pin To Net: NetName=3V3 Pin=U4-75
Added Pin To Net: NetName=3V3 Pin=U4-100
Added Net: Name=3V3
Added Pin To Net: NetName=5V Pin=C1_CAN_0-1
Added Pin To Net: NetName=5V Pin=C1_CAN_1-1
Added Pin To Net: NetName=5V Pin=C10-2
Added Pin To Net: NetName=5V Pin=R16-1
Added Pin To Net: NetName=5V Pin=U3-2
Added Pin To Net: NetName=5V Pin=U3-4
Added Net: Name=5V
Added Pin To Net: NetName=AUX_ON Pin=D7-2
Added Pin To Net: NetName=AUX_ON Pin=J1-13
Added Net: Name=AUX_ON
Added Pin To Net: NetName=BOOT Pin=C18-1
Added Pin To Net: NetName=BOOT Pin=R27-1
Added Pin To Net: NetName=BOOT Pin=R29-2
Added Pin To Net: NetName=BOOT Pin=U4-94
Added Net: Name=BOOT
Added Pin To Net: NetName=CAN0_N Pin=C4_CAN_0-1
Added Pin To Net: NetName=CAN0_N Pin=D1_CAN_0-2
Added Pin To Net: NetName=CAN0_N Pin=J1-2
Added Pin To Net: NetName=CAN0_N Pin=L1_CAN_0-4
Added Pin To Net: NetName=CAN0_N Pin=R3_CAN_0-1
Added Net: Name=CAN0_N
Added Pin To Net: NetName=CAN0_P Pin=C7_CAN_0-1
Added Pin To Net: NetName=CAN0_P Pin=D1_CAN_0-1
Added Pin To Net: NetName=CAN0_P Pin=J1-1
Added Pin To Net: NetName=CAN0_P Pin=L1_CAN_0-1
Added Pin To Net: NetName=CAN0_P Pin=R5_CAN_0-2
Added Net: Name=CAN0_P
Added Pin To Net: NetName=CAN1_N Pin=C4_CAN_1-1
Added Pin To Net: NetName=CAN1_N Pin=D1_CAN_1-2
Added Pin To Net: NetName=CAN1_N Pin=J1-11
Added Pin To Net: NetName=CAN1_N Pin=L1_CAN_1-4
Added Pin To Net: NetName=CAN1_N Pin=R3_CAN_1-1
Added Net: Name=CAN1_N
Added Pin To Net: NetName=CAN1_P Pin=C7_CAN_1-1
Added Pin To Net: NetName=CAN1_P Pin=D1_CAN_1-1
Added Pin To Net: NetName=CAN1_P Pin=J1-10
Added Pin To Net: NetName=CAN1_P Pin=L1_CAN_1-1
Added Pin To Net: NetName=CAN1_P Pin=R5_CAN_1-2
Added Net: Name=CAN1_P
Added Pin To Net: NetName=CAN_PWR Pin=D2_CAN_0-2
Added Pin To Net: NetName=CAN_PWR Pin=D2_CAN_1-2
Added Pin To Net: NetName=CAN_PWR Pin=D3-1
Added Pin To Net: NetName=CAN_PWR Pin=D4-1
Added Pin To Net: NetName=CAN_PWR Pin=Q1-4
Added Pin To Net: NetName=CAN_PWR Pin=R13-2
Added Pin To Net: NetName=CAN_PWR Pin=R18-1
Added Net: Name=CAN_PWR
Added Pin To Net: NetName=EXT_IN_A Pin=J1-5
Added Pin To Net: NetName=EXT_IN_A Pin=R7-2
Added Net: Name=EXT_IN_A
Added Pin To Net: NetName=EXT_IN_B Pin=J1-14
Added Pin To Net: NetName=EXT_IN_B Pin=R9-2
Added Net: Name=EXT_IN_B
Added Pin To Net: NetName=G_LED Pin=R31-1
Added Pin To Net: NetName=G_LED Pin=U4-97
Added Net: Name=G_LED
Added Pin To Net: NetName=GND Pin=C1_CAN_0-2
Added Pin To Net: NetName=GND Pin=C1_CAN_1-2
Added Pin To Net: NetName=GND Pin=C2_CAN_0-2
Added Pin To Net: NetName=GND Pin=C2_CAN_1-2
Added Pin To Net: NetName=GND Pin=C3_CAN_0-2
Added Pin To Net: NetName=GND Pin=C3_CAN_1-2
Added Pin To Net: NetName=GND Pin=C4_CAN_0-2
Added Pin To Net: NetName=GND Pin=C4_CAN_1-2
Added Pin To Net: NetName=GND Pin=C5_CAN_0-1
Added Pin To Net: NetName=GND Pin=C5_CAN_1-1
Added Pin To Net: NetName=GND Pin=C6_CAN_0-2
Added Pin To Net: NetName=GND Pin=C6_CAN_1-2
Added Pin To Net: NetName=GND Pin=C7_CAN_0-2
Added Pin To Net: NetName=GND Pin=C7_CAN_1-2
Added Pin To Net: NetName=GND Pin=C8-1
Added Pin To Net: NetName=GND Pin=C9-2
Added Pin To Net: NetName=GND Pin=C10-1
Added Pin To Net: NetName=GND Pin=C11-2
Added Pin To Net: NetName=GND Pin=C12-2
Added Pin To Net: NetName=GND Pin=C13-2
Added Pin To Net: NetName=GND Pin=C14-2
Added Pin To Net: NetName=GND Pin=C15-2
Added Pin To Net: NetName=GND Pin=C16-2
Added Pin To Net: NetName=GND Pin=C17-2
Added Pin To Net: NetName=GND Pin=C19-2
Added Pin To Net: NetName=GND Pin=C20-2
Added Pin To Net: NetName=GND Pin=C21-2
Added Pin To Net: NetName=GND Pin=C22-2
Added Pin To Net: NetName=GND Pin=C23-2
Added Pin To Net: NetName=GND Pin=C24-2
Added Pin To Net: NetName=GND Pin=C25-2
Added Pin To Net: NetName=GND Pin=C26-2
Added Pin To Net: NetName=GND Pin=C27-2
Added Pin To Net: NetName=GND Pin=C28-2
Added Pin To Net: NetName=GND Pin=C29-2
Added Pin To Net: NetName=GND Pin=C30-2
Added Pin To Net: NetName=GND Pin=C31-2
Added Pin To Net: NetName=GND Pin=C32-2
Added Pin To Net: NetName=GND Pin=C33-2
Added Pin To Net: NetName=GND Pin=C34-2
Added Pin To Net: NetName=GND Pin=C35-2
Added Pin To Net: NetName=GND Pin=D1_CAN_0-3
Added Pin To Net: NetName=GND Pin=D1_CAN_1-3
Added Pin To Net: NetName=GND Pin=D5-2
Added Pin To Net: NetName=GND Pin=D6-2
Added Pin To Net: NetName=GND Pin=J1-3
Added Pin To Net: NetName=GND Pin=J1-6
Added Pin To Net: NetName=GND Pin=J1-7
Added Pin To Net: NetName=GND Pin=J1-8
Added Pin To Net: NetName=GND Pin=J1-12
Added Pin To Net: NetName=GND Pin=J2-3
Added Pin To Net: NetName=GND Pin=J2-5
Added Pin To Net: NetName=GND Pin=Q1-1
Added Pin To Net: NetName=GND Pin=R11-2
Added Pin To Net: NetName=GND Pin=R15-2
Added Pin To Net: NetName=GND Pin=R17-2
Added Pin To Net: NetName=GND Pin=R19-2
Added Pin To Net: NetName=GND Pin=R29-1
Added Pin To Net: NetName=GND Pin=R33-1
Added Pin To Net: NetName=GND Pin=SD1-6
Added Pin To Net: NetName=GND Pin=SD1-9
Added Pin To Net: NetName=GND Pin=SD1-10
Added Pin To Net: NetName=GND Pin=SD1-11
Added Pin To Net: NetName=GND Pin=SD1-12
Added Pin To Net: NetName=GND Pin=SW2-2
Added Pin To Net: NetName=GND Pin=U2-1
Added Pin To Net: NetName=GND Pin=U3-1
Added Pin To Net: NetName=GND Pin=U4-10
Added Pin To Net: NetName=GND Pin=U4-19
Added Pin To Net: NetName=GND Pin=U4-26
Added Pin To Net: NetName=GND Pin=U4-49
Added Pin To Net: NetName=GND Pin=U4-74
Added Pin To Net: NetName=GND Pin=U4-99
Added Pin To Net: NetName=GND Pin=Y1-2
Added Pin To Net: NetName=GND Pin=Y1-4
Added Net: Name=GND
Added Pin To Net: NetName=NetC3_CAN_0_1 Pin=C3_CAN_0-1
Added Pin To Net: NetName=NetC3_CAN_0_1 Pin=D2_CAN_0-1
Added Pin To Net: NetName=NetC3_CAN_0_1 Pin=R1_CAN_0-1
Added Net: Name=NetC3_CAN_0_1
Added Pin To Net: NetName=NetC3_CAN_1_1 Pin=C3_CAN_1-1
Added Pin To Net: NetName=NetC3_CAN_1_1 Pin=D2_CAN_1-1
Added Pin To Net: NetName=NetC3_CAN_1_1 Pin=R1_CAN_1-1
Added Net: Name=NetC3_CAN_1_1
Added Pin To Net: NetName=NetC5_CAN_0_2 Pin=C5_CAN_0-2
Added Pin To Net: NetName=NetC5_CAN_0_2 Pin=R1_CAN_0-2
Added Pin To Net: NetName=NetC5_CAN_0_2 Pin=R2_CAN_0-2
Added Net: Name=NetC5_CAN_0_2
Added Pin To Net: NetName=NetC5_CAN_1_2 Pin=C5_CAN_1-2
Added Pin To Net: NetName=NetC5_CAN_1_2 Pin=R1_CAN_1-2
Added Pin To Net: NetName=NetC5_CAN_1_2 Pin=R2_CAN_1-2
Added Net: Name=NetC5_CAN_1_2
Added Pin To Net: NetName=NetC6_CAN_0_1 Pin=C6_CAN_0-1
Added Pin To Net: NetName=NetC6_CAN_0_1 Pin=R3_CAN_0-2
Added Pin To Net: NetName=NetC6_CAN_0_1 Pin=R5_CAN_0-1
Added Net: Name=NetC6_CAN_0_1
Added Pin To Net: NetName=NetC6_CAN_1_1 Pin=C6_CAN_1-1
Added Pin To Net: NetName=NetC6_CAN_1_1 Pin=R3_CAN_1-2
Added Pin To Net: NetName=NetC6_CAN_1_1 Pin=R5_CAN_1-1
Added Net: Name=NetC6_CAN_1_1
Added Pin To Net: NetName=NetC9_1 Pin=C9-1
Added Pin To Net: NetName=NetC9_1 Pin=C11-1
Added Pin To Net: NetName=NetC9_1 Pin=Q1-3
Added Pin To Net: NetName=NetC9_1 Pin=U2-3
Added Pin To Net: NetName=NetC9_1 Pin=U3-3
Added Net: Name=NetC9_1
Added Pin To Net: NetName=NetC28_1 Pin=C28-1
Added Pin To Net: NetName=NetC28_1 Pin=C29-1
Added Pin To Net: NetName=NetC28_1 Pin=U4-48
Added Net: Name=NetC28_1
Added Pin To Net: NetName=NetC30_1 Pin=C30-1
Added Pin To Net: NetName=NetC30_1 Pin=C31-1
Added Pin To Net: NetName=NetC30_1 Pin=U4-73
Added Net: Name=NetC30_1
Added Pin To Net: NetName=NetD3_2 Pin=D3-2
Added Pin To Net: NetName=NetD3_2 Pin=F1-2
Added Net: Name=NetD3_2
Added Pin To Net: NetName=NetD4_2 Pin=D4-2
Added Pin To Net: NetName=NetD4_2 Pin=F2-2
Added Net: Name=NetD4_2
Added Pin To Net: NetName=NetD5_1 Pin=D5-1
Added Pin To Net: NetName=NetD5_1 Pin=R6-2
Added Pin To Net: NetName=NetD5_1 Pin=R7-1
Added Net: Name=NetD5_1
Added Pin To Net: NetName=NetD6_1 Pin=D6-1
Added Pin To Net: NetName=NetD6_1 Pin=R8-2
Added Pin To Net: NetName=NetD6_1 Pin=R9-1
Added Net: Name=NetD6_1
Added Pin To Net: NetName=NetD7_1 Pin=D7-1
Added Pin To Net: NetName=NetD7_1 Pin=D8-1
Added Pin To Net: NetName=NetD7_1 Pin=D9-1
Added Pin To Net: NetName=NetD7_1 Pin=R10-2
Added Net: Name=NetD7_1
Added Pin To Net: NetName=NetD10_1 Pin=D10-1
Added Pin To Net: NetName=NetD10_1 Pin=R31-2
Added Net: Name=NetD10_1
Added Pin To Net: NetName=NetD10_4 Pin=D10-4
Added Pin To Net: NetName=NetD10_4 Pin=R32-2
Added Net: Name=NetD10_4
Added Pin To Net: NetName=NetD11_1 Pin=D11-1
Added Pin To Net: NetName=NetD11_1 Pin=R33-2
Added Net: Name=NetD11_1
Added Pin To Net: NetName=NetD11_4 Pin=D11-4
Added Pin To Net: NetName=NetD11_4 Pin=R34-2
Added Net: Name=NetD11_4
Added Pin To Net: NetName=NetQ1_2 Pin=Q1-2
Added Pin To Net: NetName=NetQ1_2 Pin=R10-1
Added Pin To Net: NetName=NetQ1_2 Pin=R11-1
Added Net: Name=NetQ1_2
Added Pin To Net: NetName=NetQ1_5 Pin=Q1-5
Added Pin To Net: NetName=NetQ1_5 Pin=R12-1
Added Pin To Net: NetName=NetQ1_5 Pin=R13-1
Added Net: Name=NetQ1_5
Added Pin To Net: NetName=NetQ1_6 Pin=Q1-6
Added Pin To Net: NetName=NetQ1_6 Pin=R12-2
Added Net: Name=NetQ1_6
Added Pin To Net: NetName=NetR2_CAN_0_1 Pin=R2_CAN_0-1
Added Net: Name=NetR2_CAN_0_1
Added Pin To Net: NetName=NetR2_CAN_1_1 Pin=R2_CAN_1-1
Added Net: Name=NetR2_CAN_1_1
Added Pin To Net: NetName=NetR14_2 Pin=R14-2
Added Pin To Net: NetName=NetR14_2 Pin=R15-1
Added Net: Name=NetR14_2
Added Pin To Net: NetName=NetR16_2 Pin=R16-2
Added Pin To Net: NetName=NetR16_2 Pin=R17-1
Added Net: Name=NetR16_2
Added Pin To Net: NetName=NetR18_2 Pin=R18-2
Added Pin To Net: NetName=NetR18_2 Pin=R19-1
Added Net: Name=NetR18_2
Added Pin To Net: NetName=NetR27_2 Pin=R27-2
Added Pin To Net: NetName=NetR27_2 Pin=SW1-1
Added Net: Name=NetR27_2
Added Pin To Net: NetName=NetR28_2 Pin=R28-2
Added Pin To Net: NetName=NetR28_2 Pin=SW2-1
Added Net: Name=NetR28_2
Added Net: Name=NetU1_CAN_0_1
Added Net: Name=NetU1_CAN_0_4
Added Net: Name=NetU1_CAN_0_6
Added Net: Name=NetU1_CAN_0_8
Added Net: Name=NetU1_CAN_0_11
Added Net: Name=NetU1_CAN_0_14
Added Net: Name=NetU1_CAN_1_1
Added Net: Name=NetU1_CAN_1_4
Added Net: Name=NetU1_CAN_1_6
Added Net: Name=NetU1_CAN_1_8
Added Net: Name=NetU1_CAN_1_11
Added Net: Name=NetU1_CAN_1_14
Added Pin To Net: NetName=NetU4_1 Pin=U4-1
Added Net: Name=NetU4_1
Added Pin To Net: NetName=NetU4_2 Pin=U4-2
Added Net: Name=NetU4_2
Added Pin To Net: NetName=NetU4_3 Pin=U4-3
Added Net: Name=NetU4_3
Added Pin To Net: NetName=NetU4_4 Pin=U4-4
Added Net: Name=NetU4_4
Added Pin To Net: NetName=NetU4_5 Pin=U4-5
Added Net: Name=NetU4_5
Added Pin To Net: NetName=NetU4_7 Pin=U4-7
Added Net: Name=NetU4_7
Added Pin To Net: NetName=NetU4_15 Pin=U4-15
Added Net: Name=NetU4_15
Added Pin To Net: NetName=NetU4_16 Pin=U4-16
Added Net: Name=NetU4_16
Added Pin To Net: NetName=NetU4_17 Pin=U4-17
Added Net: Name=NetU4_17
Added Pin To Net: NetName=NetU4_18 Pin=U4-18
Added Net: Name=NetU4_18
Added Pin To Net: NetName=NetU4_22 Pin=U4-22
Added Net: Name=NetU4_22
Added Pin To Net: NetName=NetU4_23 Pin=U4-23
Added Net: Name=NetU4_23
Added Pin To Net: NetName=NetU4_24 Pin=U4-24
Added Net: Name=NetU4_24
Added Pin To Net: NetName=NetU4_25 Pin=U4-25
Added Net: Name=NetU4_25
Added Pin To Net: NetName=NetU4_28 Pin=U4-28
Added Net: Name=NetU4_28
Added Pin To Net: NetName=NetU4_29 Pin=U4-29
Added Net: Name=NetU4_29
Added Pin To Net: NetName=NetU4_30 Pin=U4-30
Added Net: Name=NetU4_30
Added Pin To Net: NetName=NetU4_31 Pin=U4-31
Added Net: Name=NetU4_31
Added Pin To Net: NetName=NetU4_32 Pin=U4-32
Added Net: Name=NetU4_32
Added Pin To Net: NetName=NetU4_33 Pin=U4-33
Added Net: Name=NetU4_33
Added Pin To Net: NetName=NetU4_34 Pin=U4-34
Added Net: Name=NetU4_34
Added Pin To Net: NetName=NetU4_35 Pin=U4-35
Added Net: Name=NetU4_35
Added Pin To Net: NetName=NetU4_36 Pin=U4-36
Added Net: Name=NetU4_36
Added Pin To Net: NetName=NetU4_37 Pin=U4-37
Added Net: Name=NetU4_37
Added Pin To Net: NetName=NetU4_38 Pin=U4-38
Added Net: Name=NetU4_38
Added Pin To Net: NetName=NetU4_39 Pin=U4-39
Added Net: Name=NetU4_39
Added Pin To Net: NetName=NetU4_40 Pin=U4-40
Added Net: Name=NetU4_40
Added Pin To Net: NetName=NetU4_41 Pin=U4-41
Added Net: Name=NetU4_41
Added Pin To Net: NetName=NetU4_42 Pin=U4-42
Added Net: Name=NetU4_42
Added Pin To Net: NetName=NetU4_43 Pin=U4-43
Added Net: Name=NetU4_43
Added Pin To Net: NetName=NetU4_44 Pin=U4-44
Added Net: Name=NetU4_44
Added Pin To Net: NetName=NetU4_45 Pin=U4-45
Added Net: Name=NetU4_45
Added Pin To Net: NetName=NetU4_46 Pin=U4-46
Added Net: Name=NetU4_46
Added Pin To Net: NetName=NetU4_47 Pin=U4-47
Added Net: Name=NetU4_47
Added Pin To Net: NetName=NetU4_51 Pin=U4-51
Added Net: Name=NetU4_51
Added Pin To Net: NetName=NetU4_52 Pin=U4-52
Added Net: Name=NetU4_52
Added Pin To Net: NetName=NetU4_53 Pin=U4-53
Added Net: Name=NetU4_53
Added Pin To Net: NetName=NetU4_54 Pin=U4-54
Added Net: Name=NetU4_54
Added Pin To Net: NetName=NetU4_55 Pin=U4-55
Added Net: Name=NetU4_55
Added Pin To Net: NetName=NetU4_56 Pin=U4-56
Added Net: Name=NetU4_56
Added Pin To Net: NetName=NetU4_57 Pin=U4-57
Added Net: Name=NetU4_57
Added Pin To Net: NetName=NetU4_58 Pin=U4-58
Added Net: Name=NetU4_58
Added Pin To Net: NetName=NetU4_59 Pin=U4-59
Added Net: Name=NetU4_59
Added Pin To Net: NetName=NetU4_60 Pin=U4-60
Added Net: Name=NetU4_60
Added Pin To Net: NetName=NetU4_61 Pin=U4-61
Added Net: Name=NetU4_61
Added Pin To Net: NetName=NetU4_62 Pin=U4-62
Added Net: Name=NetU4_62
Added Pin To Net: NetName=NetU4_63 Pin=U4-63
Added Net: Name=NetU4_63
Added Pin To Net: NetName=NetU4_64 Pin=U4-64
Added Net: Name=NetU4_64
Added Pin To Net: NetName=NetU4_65 Pin=U4-65
Added Net: Name=NetU4_65
Added Pin To Net: NetName=NetU4_66 Pin=U4-66
Added Net: Name=NetU4_66
Added Pin To Net: NetName=NetU4_67 Pin=U4-67
Added Net: Name=NetU4_67
Added Pin To Net: NetName=NetU4_68 Pin=U4-68
Added Net: Name=NetU4_68
Added Pin To Net: NetName=NetU4_69 Pin=U4-69
Added Net: Name=NetU4_69
Added Pin To Net: NetName=NetU4_70 Pin=U4-70
Added Net: Name=NetU4_70
Added Pin To Net: NetName=NetU4_71 Pin=U4-71
Added Net: Name=NetU4_71
Added Pin To Net: NetName=NetU4_77 Pin=U4-77
Added Net: Name=NetU4_77
Added Pin To Net: NetName=NetU4_78 Pin=U4-78
Added Net: Name=NetU4_78
Added Pin To Net: NetName=NetU4_79 Pin=U4-79
Added Net: Name=NetU4_79
Added Pin To Net: NetName=NetU4_80 Pin=U4-80
Added Net: Name=NetU4_80
Added Pin To Net: NetName=NetU4_81 Pin=U4-81
Added Net: Name=NetU4_81
Added Pin To Net: NetName=NetU4_82 Pin=U4-82
Added Net: Name=NetU4_82
Added Pin To Net: NetName=NetU4_83 Pin=U4-83
Added Net: Name=NetU4_83
Added Pin To Net: NetName=NetU4_84 Pin=U4-84
Added Net: Name=NetU4_84
Added Pin To Net: NetName=NetU4_85 Pin=U4-85
Added Net: Name=NetU4_85
Added Pin To Net: NetName=NetU4_86 Pin=U4-86
Added Net: Name=NetU4_86
Added Pin To Net: NetName=NetU4_87 Pin=U4-87
Added Net: Name=NetU4_87
Added Pin To Net: NetName=NetU4_88 Pin=U4-88
Added Net: Name=NetU4_88
Added Pin To Net: NetName=NetU4_90 Pin=U4-90
Added Net: Name=NetU4_90
Added Pin To Net: NetName=NetU4_91 Pin=U4-91
Added Net: Name=NetU4_91
Added Pin To Net: NetName=NetU4_92 Pin=U4-92
Added Net: Name=NetU4_92
Added Pin To Net: NetName=NetU4_93 Pin=U4-93
Added Net: Name=NetU4_93
Added Pin To Net: NetName=NetU4_95 Pin=U4-95
Added Net: Name=NetU4_95
Added Pin To Net: NetName=NetU4_96 Pin=U4-96
Added Net: Name=NetU4_96
Added Pin To Net: NetName=nPWR_FLT_LED Pin=R34-1
Added Net: Name=nPWR_FLT_LED
Added Pin To Net: NetName=PRE_CAN_CAN_0_N Pin=L1_CAN_0-3
Added Net: Name=PRE_CAN_CAN_0_N
Added Pin To Net: NetName=PRE_CAN_CAN_0_P Pin=L1_CAN_0-2
Added Net: Name=PRE_CAN_CAN_0_P
Added Pin To Net: NetName=PRE_CAN_CAN_1_N Pin=L1_CAN_1-3
Added Net: Name=PRE_CAN_CAN_1_N
Added Pin To Net: NetName=PRE_CAN_CAN_1_P Pin=L1_CAN_1-2
Added Net: Name=PRE_CAN_CAN_1_P
Added Pin To Net: NetName=PWR_A Pin=F1-1
Added Pin To Net: NetName=PWR_A Pin=J1-4
Added Net: Name=PWR_A
Added Pin To Net: NetName=PWR_B Pin=F2-1
Added Pin To Net: NetName=PWR_B Pin=J1-9
Added Net: Name=PWR_B
Added Pin To Net: NetName=R_LED Pin=R32-1
Added Pin To Net: NetName=R_LED Pin=U4-98
Added Net: Name=R_LED
Added Pin To Net: NetName=RESETN Pin=C19-1
Added Pin To Net: NetName=RESETN Pin=J2-10
Added Pin To Net: NetName=RESETN Pin=R28-1
Added Pin To Net: NetName=RESETN Pin=R30-2
Added Pin To Net: NetName=RESETN Pin=U4-14
Added Net: Name=RESETN
Added Pin To Net: NetName=SD_CLK Pin=R21-2
Added Pin To Net: NetName=SD_CLK Pin=SD1-5
Added Net: Name=SD_CLK
Added Pin To Net: NetName=SD_CMD Pin=R20-2
Added Pin To Net: NetName=SD_CMD Pin=SD1-3
Added Net: Name=SD_CMD
Added Pin To Net: NetName=SD_DAT0 Pin=R22-2
Added Pin To Net: NetName=SD_DAT0 Pin=SD1-7
Added Net: Name=SD_DAT0
Added Pin To Net: NetName=SD_DAT1 Pin=R23-2
Added Pin To Net: NetName=SD_DAT1 Pin=SD1-8
Added Net: Name=SD_DAT1
Added Pin To Net: NetName=SD_DAT2 Pin=R24-2
Added Pin To Net: NetName=SD_DAT2 Pin=SD1-1
Added Net: Name=SD_DAT2
Added Pin To Net: NetName=SD_DAT3 Pin=R25-2
Added Pin To Net: NetName=SD_DAT3 Pin=SD1-2
Added Net: Name=SD_DAT3
Added Pin To Net: NetName=SWCLK Pin=J2-4
Added Pin To Net: NetName=SWCLK Pin=R26-1
Added Pin To Net: NetName=SWCLK Pin=U4-76
Added Net: Name=SWCLK
Added Pin To Net: NetName=SWDIO Pin=J2-2
Added Pin To Net: NetName=SWDIO Pin=U4-72
Added Net: Name=SWDIO
Added Pin To Net: NetName=SWO Pin=J2-6
Added Pin To Net: NetName=SWO Pin=U4-89
Added Net: Name=SWO
Added Pin To Net: NetName=TCAN1146_EN_0 Pin=D8-2
Added Net: Name=TCAN1146_EN_0
Added Pin To Net: NetName=TCAN1146_EN_1 Pin=D9-2
Added Net: Name=TCAN1146_EN_1
Added Pin To Net: NetName=VDDA Pin=C26-1
Added Pin To Net: NetName=VDDA Pin=C27-1
Added Pin To Net: NetName=VDDA Pin=C34-1
Added Pin To Net: NetName=VDDA Pin=C35-1
Added Pin To Net: NetName=VDDA Pin=FB1-2
Added Pin To Net: NetName=VDDA Pin=U4-20
Added Pin To Net: NetName=VDDA Pin=U4-21
Added Net: Name=VDDA
Added Pin To Net: NetName=X32_N Pin=C17-1
Added Pin To Net: NetName=X32_N Pin=U4-9
Added Pin To Net: NetName=X32_N Pin=Y2-2
Added Net: Name=X32_N
Added Pin To Net: NetName=X32_P Pin=C16-1
Added Pin To Net: NetName=X32_P Pin=U4-8
Added Pin To Net: NetName=X32_P Pin=Y2-1
Added Net: Name=X32_P
Added Pin To Net: NetName=X_N Pin=C14-1
Added Pin To Net: NetName=X_N Pin=U4-13
Added Pin To Net: NetName=X_N Pin=Y1-1
Added Net: Name=X_N
Added Pin To Net: NetName=X_P Pin=C15-1
Added Pin To Net: NetName=X_P Pin=U4-12
Added Pin To Net: NetName=X_P Pin=Y1-3
Added Net: Name=X_P
Added Class: Name=CAN_0
Added Class: Name=CAN_1
Added Class: Name=CANLink_revA
Added Class: Name=MCU_0
Added Class: Name=PWR_MGMT
Added Class: Name=SD_0
Added Differential Pair: Name=CAN0
Added Differential Pair: Name=CAN1
Added Differential Pair: Name=PRE_CAN_CAN_0
Added Differential Pair: Name=PRE_CAN_CAN_1
Added Differential Pair: Name=X32
Added Differential Pair: Name=X
Added Class: Name=TCAN1146_PINOUT
Added Rule: Name=Schematic Supply Nets
Added Rule: Name=Schematic Supply Nets_1
Added Rule: Name=Schematic Supply Nets_2
Added Rule: Name=Schematic Supply Nets_3
Added Class: Name=CAN
