Added Component: Designator=C52(FP-0402-L_1_0_0_05-W_0_5-IPC_A)
Add component (AddParameter): Name = "Capacitor Type"; Value = "Ceramic"; VariantName = "[No Variations]"
Add component (AddParameter): Name = "Case/Package"; Value = "0402"; VariantName = "[No Variations]"
Add component (AddParameter): Name = "Max Operating Temperature"; Value = "85°C"; VariantName = "[No Variations]"
Add component (AddParameter): Name = "Min Operating Temperature"; Value = "-55°C"; VariantName = "[No Variations]"
Add component (AddParameter): Name = "Mounting Technology"; Value = "Surface Mount"; VariantName = "[No Variations]"
Add component (AddParameter): Name = "Pins"; Value = "2"; VariantName = "[No Variations]"
Add component (AddParameter): Name = "RoHS Compliant"; Value = "Yes"; VariantName = "[No Variations]"
Add component (AddParameter): Name = "Tolerance"; Value = ""; VariantName = "[No Variations]"
Add component (AddParameter): Name = "Value"; Value = ""; VariantName = "[No Variations]"
Add component (AddParameter): Name = "Voltage Rating"; Value = ""; VariantName = "[No Variations]"
Added Component: Designator=C53(FP-CGA9P-IPC_B)
Add component (AddParameter): Name = "Capacitance"; Value = "15uF"; VariantName = "[No Variations]"
Add component (AddParameter): Name = "Case Code (Imperial)"; Value = "2220"; VariantName = "[No Variations]"
Add component (AddParameter): Name = "Case Code (Metric)"; Value = "5750"; VariantName = "[No Variations]"
Add component (AddParameter): Name = "Case/Package"; Value = "2220"; VariantName = "[No Variations]"
Add component (AddParameter): Name = "Composition"; Value = "Ceramic"; VariantName = "[No Variations]"
Add component (AddParameter): Name = "Depth"; Value = "5mm"; VariantName = "[No Variations]"
Add component (AddParameter): Name = "Dielectric"; Value = "X7S"; VariantName = "[No Variations]"
Add component (AddParameter): Name = "Height"; Value = "2.3mm"; VariantName = "[No Variations]"
Add component (AddParameter): Name = "Lead Free"; Value = "Lead Free"; VariantName = "[No Variations]"
Add component (AddParameter): Name = "Length"; Value = "5.7mm"; VariantName = "[No Variations]"
Add component (AddParameter): Name = "Max Operating Temperature"; Value = "125°C"; VariantName = "[No Variations]"
Add component (AddParameter): Name = "Min Operating Temperature"; Value = "-55°C"; VariantName = "[No Variations]"
Add component (AddParameter): Name = "Mount"; Value = "Surface Mount"; VariantName = "[No Variations]"
Add component (AddParameter): Name = "Package Quantity"; Value = "1"; VariantName = "[No Variations]"
Add component (AddParameter): Name = "Packaging"; Value = "Tape and Reel"; VariantName = "[No Variations]"
Add component (AddParameter): Name = "Ratings"; Value = "AEC-Q200"; VariantName = "[No Variations]"
Add component (AddParameter): Name = "REACH SVHC"; Value = "No SVHC"; VariantName = "[No Variations]"
Add component (AddParameter): Name = "Termination"; Value = "SMD/SMT"; VariantName = "[No Variations]"
Add component (AddParameter): Name = "Thickness"; Value = "0.098inch"; VariantName = "[No Variations]"
Add component (AddParameter): Name = "Tolerance"; Value = "20%"; VariantName = "[No Variations]"
Add component (AddParameter): Name = "Voltage Rating"; Value = "100V"; VariantName = "[No Variations]"
Add component (AddParameter): Name = "Voltage Rating (DC)"; Value = "100V"; VariantName = "[No Variations]"
Add component (AddParameter): Name = "Weight"; Value = "0.016932oz"; VariantName = "[No Variations]"
Add component (AddParameter): Name = "Width"; Value = "0.197inch"; VariantName = "[No Variations]"
Added Component: Designator=C54(FP-CGA9P-IPC_B)
Add component (AddParameter): Name = "Capacitance"; Value = "15uF"; VariantName = "[No Variations]"
Add component (AddParameter): Name = "Case Code (Imperial)"; Value = "2220"; VariantName = "[No Variations]"
Add component (AddParameter): Name = "Case Code (Metric)"; Value = "5750"; VariantName = "[No Variations]"
Add component (AddParameter): Name = "Case/Package"; Value = "2220"; VariantName = "[No Variations]"
Add component (AddParameter): Name = "Composition"; Value = "Ceramic"; VariantName = "[No Variations]"
Add component (AddParameter): Name = "Depth"; Value = "5mm"; VariantName = "[No Variations]"
Add component (AddParameter): Name = "Dielectric"; Value = "X7S"; VariantName = "[No Variations]"
Add component (AddParameter): Name = "Height"; Value = "2.3mm"; VariantName = "[No Variations]"
Add component (AddParameter): Name = "Lead Free"; Value = "Lead Free"; VariantName = "[No Variations]"
Add component (AddParameter): Name = "Length"; Value = "5.7mm"; VariantName = "[No Variations]"
Add component (AddParameter): Name = "Max Operating Temperature"; Value = "125°C"; VariantName = "[No Variations]"
Add component (AddParameter): Name = "Min Operating Temperature"; Value = "-55°C"; VariantName = "[No Variations]"
Add component (AddParameter): Name = "Mount"; Value = "Surface Mount"; VariantName = "[No Variations]"
Add component (AddParameter): Name = "Package Quantity"; Value = "1"; VariantName = "[No Variations]"
Add component (AddParameter): Name = "Packaging"; Value = "Tape and Reel"; VariantName = "[No Variations]"
Add component (AddParameter): Name = "Ratings"; Value = "AEC-Q200"; VariantName = "[No Variations]"
Add component (AddParameter): Name = "REACH SVHC"; Value = "No SVHC"; VariantName = "[No Variations]"
Add component (AddParameter): Name = "Termination"; Value = "SMD/SMT"; VariantName = "[No Variations]"
Add component (AddParameter): Name = "Thickness"; Value = "0.098inch"; VariantName = "[No Variations]"
Add component (AddParameter): Name = "Tolerance"; Value = "20%"; VariantName = "[No Variations]"
Add component (AddParameter): Name = "Voltage Rating"; Value = "100V"; VariantName = "[No Variations]"
Add component (AddParameter): Name = "Voltage Rating (DC)"; Value = "100V"; VariantName = "[No Variations]"
Add component (AddParameter): Name = "Weight"; Value = "0.016932oz"; VariantName = "[No Variations]"
Add component (AddParameter): Name = "Width"; Value = "0.197inch"; VariantName = "[No Variations]"
Added Component: Designator=C55(FP-CGA9P-IPC_B)
Add component (AddParameter): Name = "Capacitance"; Value = "15uF"; VariantName = "[No Variations]"
Add component (AddParameter): Name = "Case Code (Imperial)"; Value = "2220"; VariantName = "[No Variations]"
Add component (AddParameter): Name = "Case Code (Metric)"; Value = "5750"; VariantName = "[No Variations]"
Add component (AddParameter): Name = "Case/Package"; Value = "2220"; VariantName = "[No Variations]"
Add component (AddParameter): Name = "Composition"; Value = "Ceramic"; VariantName = "[No Variations]"
Add component (AddParameter): Name = "Depth"; Value = "5mm"; VariantName = "[No Variations]"
Add component (AddParameter): Name = "Dielectric"; Value = "X7S"; VariantName = "[No Variations]"
Add component (AddParameter): Name = "Height"; Value = "2.3mm"; VariantName = "[No Variations]"
Add component (AddParameter): Name = "Lead Free"; Value = "Lead Free"; VariantName = "[No Variations]"
Add component (AddParameter): Name = "Length"; Value = "5.7mm"; VariantName = "[No Variations]"
Add component (AddParameter): Name = "Max Operating Temperature"; Value = "125°C"; VariantName = "[No Variations]"
Add component (AddParameter): Name = "Min Operating Temperature"; Value = "-55°C"; VariantName = "[No Variations]"
Add component (AddParameter): Name = "Mount"; Value = "Surface Mount"; VariantName = "[No Variations]"
Add component (AddParameter): Name = "Package Quantity"; Value = "1"; VariantName = "[No Variations]"
Add component (AddParameter): Name = "Packaging"; Value = "Tape and Reel"; VariantName = "[No Variations]"
Add component (AddParameter): Name = "Ratings"; Value = "AEC-Q200"; VariantName = "[No Variations]"
Add component (AddParameter): Name = "REACH SVHC"; Value = "No SVHC"; VariantName = "[No Variations]"
Add component (AddParameter): Name = "Termination"; Value = "SMD/SMT"; VariantName = "[No Variations]"
Add component (AddParameter): Name = "Thickness"; Value = "0.098inch"; VariantName = "[No Variations]"
Add component (AddParameter): Name = "Tolerance"; Value = "20%"; VariantName = "[No Variations]"
Add component (AddParameter): Name = "Voltage Rating"; Value = "100V"; VariantName = "[No Variations]"
Add component (AddParameter): Name = "Voltage Rating (DC)"; Value = "100V"; VariantName = "[No Variations]"
Add component (AddParameter): Name = "Weight"; Value = "0.016932oz"; VariantName = "[No Variations]"
Add component (AddParameter): Name = "Width"; Value = "0.197inch"; VariantName = "[No Variations]"
Added Component: Designator=C56(FP-CGA9P-IPC_B)
Add component (AddParameter): Name = "Capacitance"; Value = "15uF"; VariantName = "[No Variations]"
Add component (AddParameter): Name = "Case Code (Imperial)"; Value = "2220"; VariantName = "[No Variations]"
Add component (AddParameter): Name = "Case Code (Metric)"; Value = "5750"; VariantName = "[No Variations]"
Add component (AddParameter): Name = "Case/Package"; Value = "2220"; VariantName = "[No Variations]"
Add component (AddParameter): Name = "Composition"; Value = "Ceramic"; VariantName = "[No Variations]"
Add component (AddParameter): Name = "Depth"; Value = "5mm"; VariantName = "[No Variations]"
Add component (AddParameter): Name = "Dielectric"; Value = "X7S"; VariantName = "[No Variations]"
Add component (AddParameter): Name = "Height"; Value = "2.3mm"; VariantName = "[No Variations]"
Add component (AddParameter): Name = "Lead Free"; Value = "Lead Free"; VariantName = "[No Variations]"
Add component (AddParameter): Name = "Length"; Value = "5.7mm"; VariantName = "[No Variations]"
Add component (AddParameter): Name = "Max Operating Temperature"; Value = "125°C"; VariantName = "[No Variations]"
Add component (AddParameter): Name = "Min Operating Temperature"; Value = "-55°C"; VariantName = "[No Variations]"
Add component (AddParameter): Name = "Mount"; Value = "Surface Mount"; VariantName = "[No Variations]"
Add component (AddParameter): Name = "Package Quantity"; Value = "1"; VariantName = "[No Variations]"
Add component (AddParameter): Name = "Packaging"; Value = "Tape and Reel"; VariantName = "[No Variations]"
Add component (AddParameter): Name = "Ratings"; Value = "AEC-Q200"; VariantName = "[No Variations]"
Add component (AddParameter): Name = "REACH SVHC"; Value = "No SVHC"; VariantName = "[No Variations]"
Add component (AddParameter): Name = "Termination"; Value = "SMD/SMT"; VariantName = "[No Variations]"
Add component (AddParameter): Name = "Thickness"; Value = "0.098inch"; VariantName = "[No Variations]"
Add component (AddParameter): Name = "Tolerance"; Value = "20%"; VariantName = "[No Variations]"
Add component (AddParameter): Name = "Voltage Rating"; Value = "100V"; VariantName = "[No Variations]"
Add component (AddParameter): Name = "Voltage Rating (DC)"; Value = "100V"; VariantName = "[No Variations]"
Add component (AddParameter): Name = "Weight"; Value = "0.016932oz"; VariantName = "[No Variations]"
Add component (AddParameter): Name = "Width"; Value = "0.197inch"; VariantName = "[No Variations]"
Added Component: Designator=C57(FP-CGA9P-IPC_B)
Add component (AddParameter): Name = "Capacitance"; Value = "15uF"; VariantName = "[No Variations]"
Add component (AddParameter): Name = "Case Code (Imperial)"; Value = "2220"; VariantName = "[No Variations]"
Add component (AddParameter): Name = "Case Code (Metric)"; Value = "5750"; VariantName = "[No Variations]"
Add component (AddParameter): Name = "Case/Package"; Value = "2220"; VariantName = "[No Variations]"
Add component (AddParameter): Name = "Composition"; Value = "Ceramic"; VariantName = "[No Variations]"
Add component (AddParameter): Name = "Depth"; Value = "5mm"; VariantName = "[No Variations]"
Add component (AddParameter): Name = "Dielectric"; Value = "X7S"; VariantName = "[No Variations]"
Add component (AddParameter): Name = "Height"; Value = "2.3mm"; VariantName = "[No Variations]"
Add component (AddParameter): Name = "Lead Free"; Value = "Lead Free"; VariantName = "[No Variations]"
Add component (AddParameter): Name = "Length"; Value = "5.7mm"; VariantName = "[No Variations]"
Add component (AddParameter): Name = "Max Operating Temperature"; Value = "125°C"; VariantName = "[No Variations]"
Add component (AddParameter): Name = "Min Operating Temperature"; Value = "-55°C"; VariantName = "[No Variations]"
Add component (AddParameter): Name = "Mount"; Value = "Surface Mount"; VariantName = "[No Variations]"
Add component (AddParameter): Name = "Package Quantity"; Value = "1"; VariantName = "[No Variations]"
Add component (AddParameter): Name = "Packaging"; Value = "Tape and Reel"; VariantName = "[No Variations]"
Add component (AddParameter): Name = "Ratings"; Value = "AEC-Q200"; VariantName = "[No Variations]"
Add component (AddParameter): Name = "REACH SVHC"; Value = "No SVHC"; VariantName = "[No Variations]"
Add component (AddParameter): Name = "Termination"; Value = "SMD/SMT"; VariantName = "[No Variations]"
Add component (AddParameter): Name = "Thickness"; Value = "0.098inch"; VariantName = "[No Variations]"
Add component (AddParameter): Name = "Tolerance"; Value = "20%"; VariantName = "[No Variations]"
Add component (AddParameter): Name = "Voltage Rating"; Value = "100V"; VariantName = "[No Variations]"
Add component (AddParameter): Name = "Voltage Rating (DC)"; Value = "100V"; VariantName = "[No Variations]"
Add component (AddParameter): Name = "Weight"; Value = "0.016932oz"; VariantName = "[No Variations]"
Add component (AddParameter): Name = "Width"; Value = "0.197inch"; VariantName = "[No Variations]"
Added Component: Designator=C58(FP-CGA9P-IPC_B)
Add component (AddParameter): Name = "Capacitance"; Value = "15uF"; VariantName = "[No Variations]"
Add component (AddParameter): Name = "Case Code (Imperial)"; Value = "2220"; VariantName = "[No Variations]"
Add component (AddParameter): Name = "Case Code (Metric)"; Value = "5750"; VariantName = "[No Variations]"
Add component (AddParameter): Name = "Case/Package"; Value = "2220"; VariantName = "[No Variations]"
Add component (AddParameter): Name = "Composition"; Value = "Ceramic"; VariantName = "[No Variations]"
Add component (AddParameter): Name = "Depth"; Value = "5mm"; VariantName = "[No Variations]"
Add component (AddParameter): Name = "Dielectric"; Value = "X7S"; VariantName = "[No Variations]"
Add component (AddParameter): Name = "Height"; Value = "2.3mm"; VariantName = "[No Variations]"
Add component (AddParameter): Name = "Lead Free"; Value = "Lead Free"; VariantName = "[No Variations]"
Add component (AddParameter): Name = "Length"; Value = "5.7mm"; VariantName = "[No Variations]"
Add component (AddParameter): Name = "Max Operating Temperature"; Value = "125°C"; VariantName = "[No Variations]"
Add component (AddParameter): Name = "Min Operating Temperature"; Value = "-55°C"; VariantName = "[No Variations]"
Add component (AddParameter): Name = "Mount"; Value = "Surface Mount"; VariantName = "[No Variations]"
Add component (AddParameter): Name = "Package Quantity"; Value = "1"; VariantName = "[No Variations]"
Add component (AddParameter): Name = "Packaging"; Value = "Tape and Reel"; VariantName = "[No Variations]"
Add component (AddParameter): Name = "Ratings"; Value = "AEC-Q200"; VariantName = "[No Variations]"
Add component (AddParameter): Name = "REACH SVHC"; Value = "No SVHC"; VariantName = "[No Variations]"
Add component (AddParameter): Name = "Termination"; Value = "SMD/SMT"; VariantName = "[No Variations]"
Add component (AddParameter): Name = "Thickness"; Value = "0.098inch"; VariantName = "[No Variations]"
Add component (AddParameter): Name = "Tolerance"; Value = "20%"; VariantName = "[No Variations]"
Add component (AddParameter): Name = "Voltage Rating"; Value = "100V"; VariantName = "[No Variations]"
Add component (AddParameter): Name = "Voltage Rating (DC)"; Value = "100V"; VariantName = "[No Variations]"
Add component (AddParameter): Name = "Weight"; Value = "0.016932oz"; VariantName = "[No Variations]"
Add component (AddParameter): Name = "Width"; Value = "0.197inch"; VariantName = "[No Variations]"
Added Component: Designator=C59(FP-C5750-230-0_4-MFG)
Add component (AddParameter): Name = "Capacitance"; Value = "3.3uF"; VariantName = "[No Variations]"
Add component (AddParameter): Name = "Case Code (Imperial)"; Value = "2220"; VariantName = "[No Variations]"
Add component (AddParameter): Name = "Case Code (Metric)"; Value = "5750"; VariantName = "[No Variations]"
Add component (AddParameter): Name = "Case/Package"; Value = "2220"; VariantName = "[No Variations]"
Add component (AddParameter): Name = "Depth"; Value = "5mm"; VariantName = "[No Variations]"
Add component (AddParameter): Name = "Dielectric"; Value = "X7R"; VariantName = "[No Variations]"
Add component (AddParameter): Name = "Height"; Value = "2.3mm"; VariantName = "[No Variations]"
Add component (AddParameter): Name = "Lead Free"; Value = "Lead Free"; VariantName = "[No Variations]"
Add component (AddParameter): Name = "Length"; Value = "5.7mm"; VariantName = "[No Variations]"
Add component (AddParameter): Name = "Max Operating Temperature"; Value = "125°C"; VariantName = "[No Variations]"
Add component (AddParameter): Name = "Min Operating Temperature"; Value = "-55°C"; VariantName = "[No Variations]"
Add component (AddParameter): Name = "Mount"; Value = "Surface Mount"; VariantName = "[No Variations]"
Add component (AddParameter): Name = "Number of Pins"; Value = "2"; VariantName = "[No Variations]"
Add component (AddParameter): Name = "Package Quantity"; Value = "1"; VariantName = "[No Variations]"
Add component (AddParameter): Name = "Packaging"; Value = "Tape and Reel"; VariantName = "[No Variations]"
Add component (AddParameter): Name = "Resistor Type"; Value = "Ceramic"; VariantName = "[No Variations]"
Add component (AddParameter): Name = "RoHS Compliant"; Value = "Yes"; VariantName = "[No Variations]"
Add component (AddParameter): Name = "Series"; Value = "C"; VariantName = "[No Variations]"
Add component (AddParameter): Name = "Termination"; Value = "SMD/SMT"; VariantName = "[No Variations]"
Add component (AddParameter): Name = "Thickness"; Value = "0.098inch"; VariantName = "[No Variations]"
Add component (AddParameter): Name = "Tolerance"; Value = "10%"; VariantName = "[No Variations]"
Add component (AddParameter): Name = "Voltage"; Value = "100V"; VariantName = "[No Variations]"
Add component (AddParameter): Name = "Voltage Rating"; Value = "100V"; VariantName = "[No Variations]"
Add component (AddParameter): Name = "Voltage Rating (DC)"; Value = "100V"; VariantName = "[No Variations]"
Add component (AddParameter): Name = "Weight"; Value = "0.016932oz"; VariantName = "[No Variations]"
Add component (AddParameter): Name = "Width"; Value = "5mm"; VariantName = "[No Variations]"
Added Component: Designator=C60(FP-C5750-230-0_4-MFG)
Add component (AddParameter): Name = "Capacitance"; Value = "3.3uF"; VariantName = "[No Variations]"
Add component (AddParameter): Name = "Case Code (Imperial)"; Value = "2220"; VariantName = "[No Variations]"
Add component (AddParameter): Name = "Case Code (Metric)"; Value = "5750"; VariantName = "[No Variations]"
Add component (AddParameter): Name = "Case/Package"; Value = "2220"; VariantName = "[No Variations]"
Add component (AddParameter): Name = "Depth"; Value = "5mm"; VariantName = "[No Variations]"
Add component (AddParameter): Name = "Dielectric"; Value = "X7R"; VariantName = "[No Variations]"
Add component (AddParameter): Name = "Height"; Value = "2.3mm"; VariantName = "[No Variations]"
Add component (AddParameter): Name = "Lead Free"; Value = "Lead Free"; VariantName = "[No Variations]"
Add component (AddParameter): Name = "Length"; Value = "5.7mm"; VariantName = "[No Variations]"
Add component (AddParameter): Name = "Max Operating Temperature"; Value = "125°C"; VariantName = "[No Variations]"
Add component (AddParameter): Name = "Min Operating Temperature"; Value = "-55°C"; VariantName = "[No Variations]"
Add component (AddParameter): Name = "Mount"; Value = "Surface Mount"; VariantName = "[No Variations]"
Add component (AddParameter): Name = "Number of Pins"; Value = "2"; VariantName = "[No Variations]"
Add component (AddParameter): Name = "Package Quantity"; Value = "1"; VariantName = "[No Variations]"
Add component (AddParameter): Name = "Packaging"; Value = "Tape and Reel"; VariantName = "[No Variations]"
Add component (AddParameter): Name = "Resistor Type"; Value = "Ceramic"; VariantName = "[No Variations]"
Add component (AddParameter): Name = "RoHS Compliant"; Value = "Yes"; VariantName = "[No Variations]"
Add component (AddParameter): Name = "Series"; Value = "C"; VariantName = "[No Variations]"
Add component (AddParameter): Name = "Termination"; Value = "SMD/SMT"; VariantName = "[No Variations]"
Add component (AddParameter): Name = "Thickness"; Value = "0.098inch"; VariantName = "[No Variations]"
Add component (AddParameter): Name = "Tolerance"; Value = "10%"; VariantName = "[No Variations]"
Add component (AddParameter): Name = "Voltage"; Value = "100V"; VariantName = "[No Variations]"
Add component (AddParameter): Name = "Voltage Rating"; Value = "100V"; VariantName = "[No Variations]"
Add component (AddParameter): Name = "Voltage Rating (DC)"; Value = "100V"; VariantName = "[No Variations]"
Add component (AddParameter): Name = "Weight"; Value = "0.016932oz"; VariantName = "[No Variations]"
Add component (AddParameter): Name = "Width"; Value = "5mm"; VariantName = "[No Variations]"
Added Component: Designator=C61(FP-C5750-230-0_4-MFG)
Add component (AddParameter): Name = "Capacitance"; Value = "3.3uF"; VariantName = "[No Variations]"
Add component (AddParameter): Name = "Case Code (Imperial)"; Value = "2220"; VariantName = "[No Variations]"
Add component (AddParameter): Name = "Case Code (Metric)"; Value = "5750"; VariantName = "[No Variations]"
Add component (AddParameter): Name = "Case/Package"; Value = "2220"; VariantName = "[No Variations]"
Add component (AddParameter): Name = "Depth"; Value = "5mm"; VariantName = "[No Variations]"
Add component (AddParameter): Name = "Dielectric"; Value = "X7R"; VariantName = "[No Variations]"
Add component (AddParameter): Name = "Height"; Value = "2.3mm"; VariantName = "[No Variations]"
Add component (AddParameter): Name = "Lead Free"; Value = "Lead Free"; VariantName = "[No Variations]"
Add component (AddParameter): Name = "Length"; Value = "5.7mm"; VariantName = "[No Variations]"
Add component (AddParameter): Name = "Max Operating Temperature"; Value = "125°C"; VariantName = "[No Variations]"
Add component (AddParameter): Name = "Min Operating Temperature"; Value = "-55°C"; VariantName = "[No Variations]"
Add component (AddParameter): Name = "Mount"; Value = "Surface Mount"; VariantName = "[No Variations]"
Add component (AddParameter): Name = "Number of Pins"; Value = "2"; VariantName = "[No Variations]"
Add component (AddParameter): Name = "Package Quantity"; Value = "1"; VariantName = "[No Variations]"
Add component (AddParameter): Name = "Packaging"; Value = "Tape and Reel"; VariantName = "[No Variations]"
Add component (AddParameter): Name = "Resistor Type"; Value = "Ceramic"; VariantName = "[No Variations]"
Add component (AddParameter): Name = "RoHS Compliant"; Value = "Yes"; VariantName = "[No Variations]"
Add component (AddParameter): Name = "Series"; Value = "C"; VariantName = "[No Variations]"
Add component (AddParameter): Name = "Termination"; Value = "SMD/SMT"; VariantName = "[No Variations]"
Add component (AddParameter): Name = "Thickness"; Value = "0.098inch"; VariantName = "[No Variations]"
Add component (AddParameter): Name = "Tolerance"; Value = "10%"; VariantName = "[No Variations]"
Add component (AddParameter): Name = "Voltage"; Value = "100V"; VariantName = "[No Variations]"
Add component (AddParameter): Name = "Voltage Rating"; Value = "100V"; VariantName = "[No Variations]"
Add component (AddParameter): Name = "Voltage Rating (DC)"; Value = "100V"; VariantName = "[No Variations]"
Add component (AddParameter): Name = "Weight"; Value = "0.016932oz"; VariantName = "[No Variations]"
Add component (AddParameter): Name = "Width"; Value = "5mm"; VariantName = "[No Variations]"
Added Component: Designator=C62(FP-C5750-230-0_4-MFG)
Add component (AddParameter): Name = "Capacitance"; Value = "3.3uF"; VariantName = "[No Variations]"
Add component (AddParameter): Name = "Case Code (Imperial)"; Value = "2220"; VariantName = "[No Variations]"
Add component (AddParameter): Name = "Case Code (Metric)"; Value = "5750"; VariantName = "[No Variations]"
Add component (AddParameter): Name = "Case/Package"; Value = "2220"; VariantName = "[No Variations]"
Add component (AddParameter): Name = "Depth"; Value = "5mm"; VariantName = "[No Variations]"
Add component (AddParameter): Name = "Dielectric"; Value = "X7R"; VariantName = "[No Variations]"
Add component (AddParameter): Name = "Height"; Value = "2.3mm"; VariantName = "[No Variations]"
Add component (AddParameter): Name = "Lead Free"; Value = "Lead Free"; VariantName = "[No Variations]"
Add component (AddParameter): Name = "Length"; Value = "5.7mm"; VariantName = "[No Variations]"
Add component (AddParameter): Name = "Max Operating Temperature"; Value = "125°C"; VariantName = "[No Variations]"
Add component (AddParameter): Name = "Min Operating Temperature"; Value = "-55°C"; VariantName = "[No Variations]"
Add component (AddParameter): Name = "Mount"; Value = "Surface Mount"; VariantName = "[No Variations]"
Add component (AddParameter): Name = "Number of Pins"; Value = "2"; VariantName = "[No Variations]"
Add component (AddParameter): Name = "Package Quantity"; Value = "1"; VariantName = "[No Variations]"
Add component (AddParameter): Name = "Packaging"; Value = "Tape and Reel"; VariantName = "[No Variations]"
Add component (AddParameter): Name = "Resistor Type"; Value = "Ceramic"; VariantName = "[No Variations]"
Add component (AddParameter): Name = "RoHS Compliant"; Value = "Yes"; VariantName = "[No Variations]"
Add component (AddParameter): Name = "Series"; Value = "C"; VariantName = "[No Variations]"
Add component (AddParameter): Name = "Termination"; Value = "SMD/SMT"; VariantName = "[No Variations]"
Add component (AddParameter): Name = "Thickness"; Value = "0.098inch"; VariantName = "[No Variations]"
Add component (AddParameter): Name = "Tolerance"; Value = "10%"; VariantName = "[No Variations]"
Add component (AddParameter): Name = "Voltage"; Value = "100V"; VariantName = "[No Variations]"
Add component (AddParameter): Name = "Voltage Rating"; Value = "100V"; VariantName = "[No Variations]"
Add component (AddParameter): Name = "Voltage Rating (DC)"; Value = "100V"; VariantName = "[No Variations]"
Add component (AddParameter): Name = "Weight"; Value = "0.016932oz"; VariantName = "[No Variations]"
Add component (AddParameter): Name = "Width"; Value = "5mm"; VariantName = "[No Variations]"
Added Component: Designator=C63(FP-0402-L_1_0_0_05-W_0_5-IPC_A)
Add component (AddParameter): Name = "Capacitor Type"; Value = "Ceramic"; VariantName = "[No Variations]"
Add component (AddParameter): Name = "Case/Package"; Value = "0402"; VariantName = "[No Variations]"
Add component (AddParameter): Name = "Max Operating Temperature"; Value = "85°C"; VariantName = "[No Variations]"
Add component (AddParameter): Name = "Min Operating Temperature"; Value = "-55°C"; VariantName = "[No Variations]"
Add component (AddParameter): Name = "Mounting Technology"; Value = "Surface Mount"; VariantName = "[No Variations]"
Add component (AddParameter): Name = "Pins"; Value = "2"; VariantName = "[No Variations]"
Add component (AddParameter): Name = "RoHS Compliant"; Value = "Yes"; VariantName = "[No Variations]"
Add component (AddParameter): Name = "Tolerance"; Value = ""; VariantName = "[No Variations]"
Add component (AddParameter): Name = "Value"; Value = ""; VariantName = "[No Variations]"
Add component (AddParameter): Name = "Voltage Rating"; Value = ""; VariantName = "[No Variations]"
Added Component: Designator=C64(FP-CKG57N-MFG)
Add component (AddParameter): Name = "Capacitance"; Value = "22uF"; VariantName = "[No Variations]"
Add component (AddParameter): Name = "Case Code (Imperial)"; Value = "2220"; VariantName = "[No Variations]"
Add component (AddParameter): Name = "Case Code (Metric)"; Value = "5750"; VariantName = "[No Variations]"
Add component (AddParameter): Name = "Case/Package"; Value = "Ceramic"; VariantName = "[No Variations]"
Add component (AddParameter): Name = "Depth"; Value = "5mm"; VariantName = "[No Variations]"
Add component (AddParameter): Name = "Dielectric"; Value = "X5R"; VariantName = "[No Variations]"
Add component (AddParameter): Name = "Height"; Value = "5mm"; VariantName = "[No Variations]"
Add component (AddParameter): Name = "Lead Free"; Value = "Lead Free"; VariantName = "[No Variations]"
Add component (AddParameter): Name = "Lead/Base Style"; Value = "L-Lead"; VariantName = "[No Variations]"
Add component (AddParameter): Name = "Length"; Value = "6mm"; VariantName = "[No Variations]"
Add component (AddParameter): Name = "Max Operating Temperature"; Value = "85°C"; VariantName = "[No Variations]"
Add component (AddParameter): Name = "Min Operating Temperature"; Value = "-55°C"; VariantName = "[No Variations]"
Add component (AddParameter): Name = "Mount"; Value = "Surface Mount"; VariantName = "[No Variations]"
Add component (AddParameter): Name = "Number of Pins"; Value = "2"; VariantName = "[No Variations]"
Add component (AddParameter): Name = "Package Quantity"; Value = "1"; VariantName = "[No Variations]"
Add component (AddParameter): Name = "Packaging"; Value = "Tape and Reel"; VariantName = "[No Variations]"
Add component (AddParameter): Name = "Radiation Hardening"; Value = "No"; VariantName = "[No Variations]"
Add component (AddParameter): Name = "REACH SVHC"; Value = "No SVHC"; VariantName = "[No Variations]"
Add component (AddParameter): Name = "Resistor Type"; Value = "Ceramic"; VariantName = "[No Variations]"
Add component (AddParameter): Name = "RoHS Compliant"; Value = "Yes"; VariantName = "[No Variations]"
Add component (AddParameter): Name = "Series"; Value = "CKG"; VariantName = "[No Variations]"
Add component (AddParameter): Name = "Termination"; Value = "Metal"; VariantName = "[No Variations]"
Add component (AddParameter): Name = "Thickness"; Value = "0.217inch"; VariantName = "[No Variations]"
Add component (AddParameter): Name = "Tolerance"; Value = "20%"; VariantName = "[No Variations]"
Add component (AddParameter): Name = "Voltage"; Value = "50V"; VariantName = "[No Variations]"
Add component (AddParameter): Name = "Voltage Rating"; Value = "50V"; VariantName = "[No Variations]"
Add component (AddParameter): Name = "Voltage Rating (DC)"; Value = "50V"; VariantName = "[No Variations]"
Add component (AddParameter): Name = "Width"; Value = "5mm"; VariantName = "[No Variations]"
Added Component: Designator=C65(FP-CKG57N-MFG)
Add component (AddParameter): Name = "Capacitance"; Value = "22uF"; VariantName = "[No Variations]"
Add component (AddParameter): Name = "Case Code (Imperial)"; Value = "2220"; VariantName = "[No Variations]"
Add component (AddParameter): Name = "Case Code (Metric)"; Value = "5750"; VariantName = "[No Variations]"
Add component (AddParameter): Name = "Case/Package"; Value = "Ceramic"; VariantName = "[No Variations]"
Add component (AddParameter): Name = "Depth"; Value = "5mm"; VariantName = "[No Variations]"
Add component (AddParameter): Name = "Dielectric"; Value = "X5R"; VariantName = "[No Variations]"
Add component (AddParameter): Name = "Height"; Value = "5mm"; VariantName = "[No Variations]"
Add component (AddParameter): Name = "Lead Free"; Value = "Lead Free"; VariantName = "[No Variations]"
Add component (AddParameter): Name = "Lead/Base Style"; Value = "L-Lead"; VariantName = "[No Variations]"
Add component (AddParameter): Name = "Length"; Value = "6mm"; VariantName = "[No Variations]"
Add component (AddParameter): Name = "Max Operating Temperature"; Value = "85°C"; VariantName = "[No Variations]"
Add component (AddParameter): Name = "Min Operating Temperature"; Value = "-55°C"; VariantName = "[No Variations]"
Add component (AddParameter): Name = "Mount"; Value = "Surface Mount"; VariantName = "[No Variations]"
Add component (AddParameter): Name = "Number of Pins"; Value = "2"; VariantName = "[No Variations]"
Add component (AddParameter): Name = "Package Quantity"; Value = "1"; VariantName = "[No Variations]"
Add component (AddParameter): Name = "Packaging"; Value = "Tape and Reel"; VariantName = "[No Variations]"
Add component (AddParameter): Name = "Radiation Hardening"; Value = "No"; VariantName = "[No Variations]"
Add component (AddParameter): Name = "REACH SVHC"; Value = "No SVHC"; VariantName = "[No Variations]"
Add component (AddParameter): Name = "Resistor Type"; Value = "Ceramic"; VariantName = "[No Variations]"
Add component (AddParameter): Name = "RoHS Compliant"; Value = "Yes"; VariantName = "[No Variations]"
Add component (AddParameter): Name = "Series"; Value = "CKG"; VariantName = "[No Variations]"
Add component (AddParameter): Name = "Termination"; Value = "Metal"; VariantName = "[No Variations]"
Add component (AddParameter): Name = "Thickness"; Value = "0.217inch"; VariantName = "[No Variations]"
Add component (AddParameter): Name = "Tolerance"; Value = "20%"; VariantName = "[No Variations]"
Add component (AddParameter): Name = "Voltage"; Value = "50V"; VariantName = "[No Variations]"
Add component (AddParameter): Name = "Voltage Rating"; Value = "50V"; VariantName = "[No Variations]"
Add component (AddParameter): Name = "Voltage Rating (DC)"; Value = "50V"; VariantName = "[No Variations]"
Add component (AddParameter): Name = "Width"; Value = "5mm"; VariantName = "[No Variations]"
Added Component: Designator=C66(FP-1210-L_3_2_0_3-W_2_5_0-IPC_B)
Add component (AddParameter): Name = "Capacitance"; Value = "1uF"; VariantName = "[No Variations]"
Add component (AddParameter): Name = "Case Code (Imperial)"; Value = "1210"; VariantName = "[No Variations]"
Add component (AddParameter): Name = "Case Code (Metric)"; Value = "3225"; VariantName = "[No Variations]"
Add component (AddParameter): Name = "Case/Package"; Value = "1210"; VariantName = "[No Variations]"
Add component (AddParameter): Name = "Construction"; Value = "Flat"; VariantName = "[No Variations]"
Add component (AddParameter): Name = "Depth"; Value = "2.5mm"; VariantName = "[No Variations]"
Add component (AddParameter): Name = "Dielectric"; Value = "X5R"; VariantName = "[No Variations]"
Add component (AddParameter): Name = "Halogen Free"; Value = "Halogen Free"; VariantName = "[No Variations]"
Add component (AddParameter): Name = "Height"; Value = "1.9mm"; VariantName = "[No Variations]"
Add component (AddParameter): Name = "Length"; Value = "3.2mm"; VariantName = "[No Variations]"
Add component (AddParameter): Name = "Max Operating Temperature"; Value = "125°C"; VariantName = "[No Variations]"
Add component (AddParameter): Name = "Min Operating Temperature"; Value = "-55°C"; VariantName = "[No Variations]"
Add component (AddParameter): Name = "Mount"; Value = "Surface Mount"; VariantName = "[No Variations]"
Add component (AddParameter): Name = "Number of Pins"; Value = "2"; VariantName = "[No Variations]"
Add component (AddParameter): Name = "Package Quantity"; Value = "1"; VariantName = "[No Variations]"
Add component (AddParameter): Name = "Packaging"; Value = "Tape and Reel"; VariantName = "[No Variations]"
Add component (AddParameter): Name = "Radiation Hardening"; Value = "No"; VariantName = "[No Variations]"
Add component (AddParameter): Name = "REACH SVHC"; Value = "No SVHC"; VariantName = "[No Variations]"
Add component (AddParameter): Name = "Resistor Type"; Value = "Ceramic"; VariantName = "[No Variations]"
Add component (AddParameter): Name = "RoHS Compliant"; Value = "Yes"; VariantName = "[No Variations]"
Add component (AddParameter): Name = "Series"; Value = "M"; VariantName = "[No Variations]"
Add component (AddParameter): Name = "Termination"; Value = "SMD/SMT"; VariantName = "[No Variations]"
Add component (AddParameter): Name = "Thickness"; Value = "0.083inch"; VariantName = "[No Variations]"
Add component (AddParameter): Name = "Tolerance"; Value = "10%"; VariantName = "[No Variations]"
Add component (AddParameter): Name = "Voltage"; Value = "100V"; VariantName = "[No Variations]"
Add component (AddParameter): Name = "Voltage Rating"; Value = "100V"; VariantName = "[No Variations]"
Add component (AddParameter): Name = "Voltage Rating (DC)"; Value = "100V"; VariantName = "[No Variations]"
Add component (AddParameter): Name = "Width"; Value = "2.5mm"; VariantName = "[No Variations]"
Added Component: Designator=C67(FP-0402-L_1_0_0_05-W_0_5-IPC_A)
Add component (AddParameter): Name = "Capacitor Type"; Value = "Ceramic"; VariantName = "[No Variations]"
Add component (AddParameter): Name = "Case/Package"; Value = "0402"; VariantName = "[No Variations]"
Add component (AddParameter): Name = "Max Operating Temperature"; Value = "85°C"; VariantName = "[No Variations]"
Add component (AddParameter): Name = "Min Operating Temperature"; Value = "-55°C"; VariantName = "[No Variations]"
Add component (AddParameter): Name = "Mounting Technology"; Value = "Surface Mount"; VariantName = "[No Variations]"
Add component (AddParameter): Name = "Pins"; Value = "2"; VariantName = "[No Variations]"
Add component (AddParameter): Name = "RoHS Compliant"; Value = "Yes"; VariantName = "[No Variations]"
Add component (AddParameter): Name = "Tolerance"; Value = ""; VariantName = "[No Variations]"
Add component (AddParameter): Name = "Value"; Value = ""; VariantName = "[No Variations]"
Add component (AddParameter): Name = "Voltage Rating"; Value = ""; VariantName = "[No Variations]"
Added Component: Designator=C68(FP-CGA9P-IPC_B)
Add component (AddParameter): Name = "Capacitance"; Value = "15uF"; VariantName = "[No Variations]"
Add component (AddParameter): Name = "Case Code (Imperial)"; Value = "2220"; VariantName = "[No Variations]"
Add component (AddParameter): Name = "Case Code (Metric)"; Value = "5750"; VariantName = "[No Variations]"
Add component (AddParameter): Name = "Case/Package"; Value = "2220"; VariantName = "[No Variations]"
Add component (AddParameter): Name = "Composition"; Value = "Ceramic"; VariantName = "[No Variations]"
Add component (AddParameter): Name = "Depth"; Value = "5mm"; VariantName = "[No Variations]"
Add component (AddParameter): Name = "Dielectric"; Value = "X7S"; VariantName = "[No Variations]"
Add component (AddParameter): Name = "Height"; Value = "2.3mm"; VariantName = "[No Variations]"
Add component (AddParameter): Name = "Lead Free"; Value = "Lead Free"; VariantName = "[No Variations]"
Add component (AddParameter): Name = "Length"; Value = "5.7mm"; VariantName = "[No Variations]"
Add component (AddParameter): Name = "Max Operating Temperature"; Value = "125°C"; VariantName = "[No Variations]"
Add component (AddParameter): Name = "Min Operating Temperature"; Value = "-55°C"; VariantName = "[No Variations]"
Add component (AddParameter): Name = "Mount"; Value = "Surface Mount"; VariantName = "[No Variations]"
Add component (AddParameter): Name = "Package Quantity"; Value = "1"; VariantName = "[No Variations]"
Add component (AddParameter): Name = "Packaging"; Value = "Tape and Reel"; VariantName = "[No Variations]"
Add component (AddParameter): Name = "Ratings"; Value = "AEC-Q200"; VariantName = "[No Variations]"
Add component (AddParameter): Name = "REACH SVHC"; Value = "No SVHC"; VariantName = "[No Variations]"
Add component (AddParameter): Name = "Termination"; Value = "SMD/SMT"; VariantName = "[No Variations]"
Add component (AddParameter): Name = "Thickness"; Value = "0.098inch"; VariantName = "[No Variations]"
Add component (AddParameter): Name = "Tolerance"; Value = "20%"; VariantName = "[No Variations]"
Add component (AddParameter): Name = "Voltage Rating"; Value = "100V"; VariantName = "[No Variations]"
Add component (AddParameter): Name = "Voltage Rating (DC)"; Value = "100V"; VariantName = "[No Variations]"
Add component (AddParameter): Name = "Weight"; Value = "0.016932oz"; VariantName = "[No Variations]"
Add component (AddParameter): Name = "Width"; Value = "0.197inch"; VariantName = "[No Variations]"
Added Component: Designator=C69(FP-CGA9P-IPC_B)
Add component (AddParameter): Name = "Capacitance"; Value = "15uF"; VariantName = "[No Variations]"
Add component (AddParameter): Name = "Case Code (Imperial)"; Value = "2220"; VariantName = "[No Variations]"
Add component (AddParameter): Name = "Case Code (Metric)"; Value = "5750"; VariantName = "[No Variations]"
Add component (AddParameter): Name = "Case/Package"; Value = "2220"; VariantName = "[No Variations]"
Add component (AddParameter): Name = "Composition"; Value = "Ceramic"; VariantName = "[No Variations]"
Add component (AddParameter): Name = "Depth"; Value = "5mm"; VariantName = "[No Variations]"
Add component (AddParameter): Name = "Dielectric"; Value = "X7S"; VariantName = "[No Variations]"
Add component (AddParameter): Name = "Height"; Value = "2.3mm"; VariantName = "[No Variations]"
Add component (AddParameter): Name = "Lead Free"; Value = "Lead Free"; VariantName = "[No Variations]"
Add component (AddParameter): Name = "Length"; Value = "5.7mm"; VariantName = "[No Variations]"
Add component (AddParameter): Name = "Max Operating Temperature"; Value = "125°C"; VariantName = "[No Variations]"
Add component (AddParameter): Name = "Min Operating Temperature"; Value = "-55°C"; VariantName = "[No Variations]"
Add component (AddParameter): Name = "Mount"; Value = "Surface Mount"; VariantName = "[No Variations]"
Add component (AddParameter): Name = "Package Quantity"; Value = "1"; VariantName = "[No Variations]"
Add component (AddParameter): Name = "Packaging"; Value = "Tape and Reel"; VariantName = "[No Variations]"
Add component (AddParameter): Name = "Ratings"; Value = "AEC-Q200"; VariantName = "[No Variations]"
Add component (AddParameter): Name = "REACH SVHC"; Value = "No SVHC"; VariantName = "[No Variations]"
Add component (AddParameter): Name = "Termination"; Value = "SMD/SMT"; VariantName = "[No Variations]"
Add component (AddParameter): Name = "Thickness"; Value = "0.098inch"; VariantName = "[No Variations]"
Add component (AddParameter): Name = "Tolerance"; Value = "20%"; VariantName = "[No Variations]"
Add component (AddParameter): Name = "Voltage Rating"; Value = "100V"; VariantName = "[No Variations]"
Add component (AddParameter): Name = "Voltage Rating (DC)"; Value = "100V"; VariantName = "[No Variations]"
Add component (AddParameter): Name = "Weight"; Value = "0.016932oz"; VariantName = "[No Variations]"
Add component (AddParameter): Name = "Width"; Value = "0.197inch"; VariantName = "[No Variations]"
Added Component: Designator=C70(FP-CGA9P-IPC_B)
Add component (AddParameter): Name = "Capacitance"; Value = "15uF"; VariantName = "[No Variations]"
Add component (AddParameter): Name = "Case Code (Imperial)"; Value = "2220"; VariantName = "[No Variations]"
Add component (AddParameter): Name = "Case Code (Metric)"; Value = "5750"; VariantName = "[No Variations]"
Add component (AddParameter): Name = "Case/Package"; Value = "2220"; VariantName = "[No Variations]"
Add component (AddParameter): Name = "Composition"; Value = "Ceramic"; VariantName = "[No Variations]"
Add component (AddParameter): Name = "Depth"; Value = "5mm"; VariantName = "[No Variations]"
Add component (AddParameter): Name = "Dielectric"; Value = "X7S"; VariantName = "[No Variations]"
Add component (AddParameter): Name = "Height"; Value = "2.3mm"; VariantName = "[No Variations]"
Add component (AddParameter): Name = "Lead Free"; Value = "Lead Free"; VariantName = "[No Variations]"
Add component (AddParameter): Name = "Length"; Value = "5.7mm"; VariantName = "[No Variations]"
Add component (AddParameter): Name = "Max Operating Temperature"; Value = "125°C"; VariantName = "[No Variations]"
Add component (AddParameter): Name = "Min Operating Temperature"; Value = "-55°C"; VariantName = "[No Variations]"
Add component (AddParameter): Name = "Mount"; Value = "Surface Mount"; VariantName = "[No Variations]"
Add component (AddParameter): Name = "Package Quantity"; Value = "1"; VariantName = "[No Variations]"
Add component (AddParameter): Name = "Packaging"; Value = "Tape and Reel"; VariantName = "[No Variations]"
Add component (AddParameter): Name = "Ratings"; Value = "AEC-Q200"; VariantName = "[No Variations]"
Add component (AddParameter): Name = "REACH SVHC"; Value = "No SVHC"; VariantName = "[No Variations]"
Add component (AddParameter): Name = "Termination"; Value = "SMD/SMT"; VariantName = "[No Variations]"
Add component (AddParameter): Name = "Thickness"; Value = "0.098inch"; VariantName = "[No Variations]"
Add component (AddParameter): Name = "Tolerance"; Value = "20%"; VariantName = "[No Variations]"
Add component (AddParameter): Name = "Voltage Rating"; Value = "100V"; VariantName = "[No Variations]"
Add component (AddParameter): Name = "Voltage Rating (DC)"; Value = "100V"; VariantName = "[No Variations]"
Add component (AddParameter): Name = "Weight"; Value = "0.016932oz"; VariantName = "[No Variations]"
Add component (AddParameter): Name = "Width"; Value = "0.197inch"; VariantName = "[No Variations]"
Added Component: Designator=C71(FP-CGA9P-IPC_B)
Add component (AddParameter): Name = "Capacitance"; Value = "15uF"; VariantName = "[No Variations]"
Add component (AddParameter): Name = "Case Code (Imperial)"; Value = "2220"; VariantName = "[No Variations]"
Add component (AddParameter): Name = "Case Code (Metric)"; Value = "5750"; VariantName = "[No Variations]"
Add component (AddParameter): Name = "Case/Package"; Value = "2220"; VariantName = "[No Variations]"
Add component (AddParameter): Name = "Composition"; Value = "Ceramic"; VariantName = "[No Variations]"
Add component (AddParameter): Name = "Depth"; Value = "5mm"; VariantName = "[No Variations]"
Add component (AddParameter): Name = "Dielectric"; Value = "X7S"; VariantName = "[No Variations]"
Add component (AddParameter): Name = "Height"; Value = "2.3mm"; VariantName = "[No Variations]"
Add component (AddParameter): Name = "Lead Free"; Value = "Lead Free"; VariantName = "[No Variations]"
Add component (AddParameter): Name = "Length"; Value = "5.7mm"; VariantName = "[No Variations]"
Add component (AddParameter): Name = "Max Operating Temperature"; Value = "125°C"; VariantName = "[No Variations]"
Add component (AddParameter): Name = "Min Operating Temperature"; Value = "-55°C"; VariantName = "[No Variations]"
Add component (AddParameter): Name = "Mount"; Value = "Surface Mount"; VariantName = "[No Variations]"
Add component (AddParameter): Name = "Package Quantity"; Value = "1"; VariantName = "[No Variations]"
Add component (AddParameter): Name = "Packaging"; Value = "Tape and Reel"; VariantName = "[No Variations]"
Add component (AddParameter): Name = "Ratings"; Value = "AEC-Q200"; VariantName = "[No Variations]"
Add component (AddParameter): Name = "REACH SVHC"; Value = "No SVHC"; VariantName = "[No Variations]"
Add component (AddParameter): Name = "Termination"; Value = "SMD/SMT"; VariantName = "[No Variations]"
Add component (AddParameter): Name = "Thickness"; Value = "0.098inch"; VariantName = "[No Variations]"
Add component (AddParameter): Name = "Tolerance"; Value = "20%"; VariantName = "[No Variations]"
Add component (AddParameter): Name = "Voltage Rating"; Value = "100V"; VariantName = "[No Variations]"
Add component (AddParameter): Name = "Voltage Rating (DC)"; Value = "100V"; VariantName = "[No Variations]"
Add component (AddParameter): Name = "Weight"; Value = "0.016932oz"; VariantName = "[No Variations]"
Add component (AddParameter): Name = "Width"; Value = "0.197inch"; VariantName = "[No Variations]"
Added Component: Designator=C72(FP-CGA9P-IPC_B)
Add component (AddParameter): Name = "Capacitance"; Value = "15uF"; VariantName = "[No Variations]"
Add component (AddParameter): Name = "Case Code (Imperial)"; Value = "2220"; VariantName = "[No Variations]"
Add component (AddParameter): Name = "Case Code (Metric)"; Value = "5750"; VariantName = "[No Variations]"
Add component (AddParameter): Name = "Case/Package"; Value = "2220"; VariantName = "[No Variations]"
Add component (AddParameter): Name = "Composition"; Value = "Ceramic"; VariantName = "[No Variations]"
Add component (AddParameter): Name = "Depth"; Value = "5mm"; VariantName = "[No Variations]"
Add component (AddParameter): Name = "Dielectric"; Value = "X7S"; VariantName = "[No Variations]"
Add component (AddParameter): Name = "Height"; Value = "2.3mm"; VariantName = "[No Variations]"
Add component (AddParameter): Name = "Lead Free"; Value = "Lead Free"; VariantName = "[No Variations]"
Add component (AddParameter): Name = "Length"; Value = "5.7mm"; VariantName = "[No Variations]"
Add component (AddParameter): Name = "Max Operating Temperature"; Value = "125°C"; VariantName = "[No Variations]"
Add component (AddParameter): Name = "Min Operating Temperature"; Value = "-55°C"; VariantName = "[No Variations]"
Add component (AddParameter): Name = "Mount"; Value = "Surface Mount"; VariantName = "[No Variations]"
Add component (AddParameter): Name = "Package Quantity"; Value = "1"; VariantName = "[No Variations]"
Add component (AddParameter): Name = "Packaging"; Value = "Tape and Reel"; VariantName = "[No Variations]"
Add component (AddParameter): Name = "Ratings"; Value = "AEC-Q200"; VariantName = "[No Variations]"
Add component (AddParameter): Name = "REACH SVHC"; Value = "No SVHC"; VariantName = "[No Variations]"
Add component (AddParameter): Name = "Termination"; Value = "SMD/SMT"; VariantName = "[No Variations]"
Add component (AddParameter): Name = "Thickness"; Value = "0.098inch"; VariantName = "[No Variations]"
Add component (AddParameter): Name = "Tolerance"; Value = "20%"; VariantName = "[No Variations]"
Add component (AddParameter): Name = "Voltage Rating"; Value = "100V"; VariantName = "[No Variations]"
Add component (AddParameter): Name = "Voltage Rating (DC)"; Value = "100V"; VariantName = "[No Variations]"
Add component (AddParameter): Name = "Weight"; Value = "0.016932oz"; VariantName = "[No Variations]"
Add component (AddParameter): Name = "Width"; Value = "0.197inch"; VariantName = "[No Variations]"
Added Component: Designator=C73(FP-CGA9P-IPC_B)
Add component (AddParameter): Name = "Capacitance"; Value = "15uF"; VariantName = "[No Variations]"
Add component (AddParameter): Name = "Case Code (Imperial)"; Value = "2220"; VariantName = "[No Variations]"
Add component (AddParameter): Name = "Case Code (Metric)"; Value = "5750"; VariantName = "[No Variations]"
Add component (AddParameter): Name = "Case/Package"; Value = "2220"; VariantName = "[No Variations]"
Add component (AddParameter): Name = "Composition"; Value = "Ceramic"; VariantName = "[No Variations]"
Add component (AddParameter): Name = "Depth"; Value = "5mm"; VariantName = "[No Variations]"
Add component (AddParameter): Name = "Dielectric"; Value = "X7S"; VariantName = "[No Variations]"
Add component (AddParameter): Name = "Height"; Value = "2.3mm"; VariantName = "[No Variations]"
Add component (AddParameter): Name = "Lead Free"; Value = "Lead Free"; VariantName = "[No Variations]"
Add component (AddParameter): Name = "Length"; Value = "5.7mm"; VariantName = "[No Variations]"
Add component (AddParameter): Name = "Max Operating Temperature"; Value = "125°C"; VariantName = "[No Variations]"
Add component (AddParameter): Name = "Min Operating Temperature"; Value = "-55°C"; VariantName = "[No Variations]"
Add component (AddParameter): Name = "Mount"; Value = "Surface Mount"; VariantName = "[No Variations]"
Add component (AddParameter): Name = "Package Quantity"; Value = "1"; VariantName = "[No Variations]"
Add component (AddParameter): Name = "Packaging"; Value = "Tape and Reel"; VariantName = "[No Variations]"
Add component (AddParameter): Name = "Ratings"; Value = "AEC-Q200"; VariantName = "[No Variations]"
Add component (AddParameter): Name = "REACH SVHC"; Value = "No SVHC"; VariantName = "[No Variations]"
Add component (AddParameter): Name = "Termination"; Value = "SMD/SMT"; VariantName = "[No Variations]"
Add component (AddParameter): Name = "Thickness"; Value = "0.098inch"; VariantName = "[No Variations]"
Add component (AddParameter): Name = "Tolerance"; Value = "20%"; VariantName = "[No Variations]"
Add component (AddParameter): Name = "Voltage Rating"; Value = "100V"; VariantName = "[No Variations]"
Add component (AddParameter): Name = "Voltage Rating (DC)"; Value = "100V"; VariantName = "[No Variations]"
Add component (AddParameter): Name = "Weight"; Value = "0.016932oz"; VariantName = "[No Variations]"
Add component (AddParameter): Name = "Width"; Value = "0.197inch"; VariantName = "[No Variations]"
Added Component: Designator=C74(FP-C5750-230-0_4-MFG)
Add component (AddParameter): Name = "Capacitance"; Value = "3.3uF"; VariantName = "[No Variations]"
Add component (AddParameter): Name = "Case Code (Imperial)"; Value = "2220"; VariantName = "[No Variations]"
Add component (AddParameter): Name = "Case Code (Metric)"; Value = "5750"; VariantName = "[No Variations]"
Add component (AddParameter): Name = "Case/Package"; Value = "2220"; VariantName = "[No Variations]"
Add component (AddParameter): Name = "Depth"; Value = "5mm"; VariantName = "[No Variations]"
Add component (AddParameter): Name = "Dielectric"; Value = "X7R"; VariantName = "[No Variations]"
Add component (AddParameter): Name = "Height"; Value = "2.3mm"; VariantName = "[No Variations]"
Add component (AddParameter): Name = "Lead Free"; Value = "Lead Free"; VariantName = "[No Variations]"
Add component (AddParameter): Name = "Length"; Value = "5.7mm"; VariantName = "[No Variations]"
Add component (AddParameter): Name = "Max Operating Temperature"; Value = "125°C"; VariantName = "[No Variations]"
Add component (AddParameter): Name = "Min Operating Temperature"; Value = "-55°C"; VariantName = "[No Variations]"
Add component (AddParameter): Name = "Mount"; Value = "Surface Mount"; VariantName = "[No Variations]"
Add component (AddParameter): Name = "Number of Pins"; Value = "2"; VariantName = "[No Variations]"
Add component (AddParameter): Name = "Package Quantity"; Value = "1"; VariantName = "[No Variations]"
Add component (AddParameter): Name = "Packaging"; Value = "Tape and Reel"; VariantName = "[No Variations]"
Add component (AddParameter): Name = "Resistor Type"; Value = "Ceramic"; VariantName = "[No Variations]"
Add component (AddParameter): Name = "RoHS Compliant"; Value = "Yes"; VariantName = "[No Variations]"
Add component (AddParameter): Name = "Series"; Value = "C"; VariantName = "[No Variations]"
Add component (AddParameter): Name = "Termination"; Value = "SMD/SMT"; VariantName = "[No Variations]"
Add component (AddParameter): Name = "Thickness"; Value = "0.098inch"; VariantName = "[No Variations]"
Add component (AddParameter): Name = "Tolerance"; Value = "10%"; VariantName = "[No Variations]"
Add component (AddParameter): Name = "Voltage"; Value = "100V"; VariantName = "[No Variations]"
Add component (AddParameter): Name = "Voltage Rating"; Value = "100V"; VariantName = "[No Variations]"
Add component (AddParameter): Name = "Voltage Rating (DC)"; Value = "100V"; VariantName = "[No Variations]"
Add component (AddParameter): Name = "Weight"; Value = "0.016932oz"; VariantName = "[No Variations]"
Add component (AddParameter): Name = "Width"; Value = "5mm"; VariantName = "[No Variations]"
Added Component: Designator=C75(FP-C5750-230-0_4-MFG)
Add component (AddParameter): Name = "Capacitance"; Value = "3.3uF"; VariantName = "[No Variations]"
Add component (AddParameter): Name = "Case Code (Imperial)"; Value = "2220"; VariantName = "[No Variations]"
Add component (AddParameter): Name = "Case Code (Metric)"; Value = "5750"; VariantName = "[No Variations]"
Add component (AddParameter): Name = "Case/Package"; Value = "2220"; VariantName = "[No Variations]"
Add component (AddParameter): Name = "Depth"; Value = "5mm"; VariantName = "[No Variations]"
Add component (AddParameter): Name = "Dielectric"; Value = "X7R"; VariantName = "[No Variations]"
Add component (AddParameter): Name = "Height"; Value = "2.3mm"; VariantName = "[No Variations]"
Add component (AddParameter): Name = "Lead Free"; Value = "Lead Free"; VariantName = "[No Variations]"
Add component (AddParameter): Name = "Length"; Value = "5.7mm"; VariantName = "[No Variations]"
Add component (AddParameter): Name = "Max Operating Temperature"; Value = "125°C"; VariantName = "[No Variations]"
Add component (AddParameter): Name = "Min Operating Temperature"; Value = "-55°C"; VariantName = "[No Variations]"
Add component (AddParameter): Name = "Mount"; Value = "Surface Mount"; VariantName = "[No Variations]"
Add component (AddParameter): Name = "Number of Pins"; Value = "2"; VariantName = "[No Variations]"
Add component (AddParameter): Name = "Package Quantity"; Value = "1"; VariantName = "[No Variations]"
Add component (AddParameter): Name = "Packaging"; Value = "Tape and Reel"; VariantName = "[No Variations]"
Add component (AddParameter): Name = "Resistor Type"; Value = "Ceramic"; VariantName = "[No Variations]"
Add component (AddParameter): Name = "RoHS Compliant"; Value = "Yes"; VariantName = "[No Variations]"
Add component (AddParameter): Name = "Series"; Value = "C"; VariantName = "[No Variations]"
Add component (AddParameter): Name = "Termination"; Value = "SMD/SMT"; VariantName = "[No Variations]"
Add component (AddParameter): Name = "Thickness"; Value = "0.098inch"; VariantName = "[No Variations]"
Add component (AddParameter): Name = "Tolerance"; Value = "10%"; VariantName = "[No Variations]"
Add component (AddParameter): Name = "Voltage"; Value = "100V"; VariantName = "[No Variations]"
Add component (AddParameter): Name = "Voltage Rating"; Value = "100V"; VariantName = "[No Variations]"
Add component (AddParameter): Name = "Voltage Rating (DC)"; Value = "100V"; VariantName = "[No Variations]"
Add component (AddParameter): Name = "Weight"; Value = "0.016932oz"; VariantName = "[No Variations]"
Add component (AddParameter): Name = "Width"; Value = "5mm"; VariantName = "[No Variations]"
Added Component: Designator=C76(FP-C5750-230-0_4-MFG)
Add component (AddParameter): Name = "Capacitance"; Value = "3.3uF"; VariantName = "[No Variations]"
Add component (AddParameter): Name = "Case Code (Imperial)"; Value = "2220"; VariantName = "[No Variations]"
Add component (AddParameter): Name = "Case Code (Metric)"; Value = "5750"; VariantName = "[No Variations]"
Add component (AddParameter): Name = "Case/Package"; Value = "2220"; VariantName = "[No Variations]"
Add component (AddParameter): Name = "Depth"; Value = "5mm"; VariantName = "[No Variations]"
Add component (AddParameter): Name = "Dielectric"; Value = "X7R"; VariantName = "[No Variations]"
Add component (AddParameter): Name = "Height"; Value = "2.3mm"; VariantName = "[No Variations]"
Add component (AddParameter): Name = "Lead Free"; Value = "Lead Free"; VariantName = "[No Variations]"
Add component (AddParameter): Name = "Length"; Value = "5.7mm"; VariantName = "[No Variations]"
Add component (AddParameter): Name = "Max Operating Temperature"; Value = "125°C"; VariantName = "[No Variations]"
Add component (AddParameter): Name = "Min Operating Temperature"; Value = "-55°C"; VariantName = "[No Variations]"
Add component (AddParameter): Name = "Mount"; Value = "Surface Mount"; VariantName = "[No Variations]"
Add component (AddParameter): Name = "Number of Pins"; Value = "2"; VariantName = "[No Variations]"
Add component (AddParameter): Name = "Package Quantity"; Value = "1"; VariantName = "[No Variations]"
Add component (AddParameter): Name = "Packaging"; Value = "Tape and Reel"; VariantName = "[No Variations]"
Add component (AddParameter): Name = "Resistor Type"; Value = "Ceramic"; VariantName = "[No Variations]"
Add component (AddParameter): Name = "RoHS Compliant"; Value = "Yes"; VariantName = "[No Variations]"
Add component (AddParameter): Name = "Series"; Value = "C"; VariantName = "[No Variations]"
Add component (AddParameter): Name = "Termination"; Value = "SMD/SMT"; VariantName = "[No Variations]"
Add component (AddParameter): Name = "Thickness"; Value = "0.098inch"; VariantName = "[No Variations]"
Add component (AddParameter): Name = "Tolerance"; Value = "10%"; VariantName = "[No Variations]"
Add component (AddParameter): Name = "Voltage"; Value = "100V"; VariantName = "[No Variations]"
Add component (AddParameter): Name = "Voltage Rating"; Value = "100V"; VariantName = "[No Variations]"
Add component (AddParameter): Name = "Voltage Rating (DC)"; Value = "100V"; VariantName = "[No Variations]"
Add component (AddParameter): Name = "Weight"; Value = "0.016932oz"; VariantName = "[No Variations]"
Add component (AddParameter): Name = "Width"; Value = "5mm"; VariantName = "[No Variations]"
Added Component: Designator=C102(FP-C5750-230-0_4-MFG)
Add component (AddParameter): Name = "Capacitance"; Value = "3.3uF"; VariantName = "[No Variations]"
Add component (AddParameter): Name = "Case Code (Imperial)"; Value = "2220"; VariantName = "[No Variations]"
Add component (AddParameter): Name = "Case Code (Metric)"; Value = "5750"; VariantName = "[No Variations]"
Add component (AddParameter): Name = "Case/Package"; Value = "2220"; VariantName = "[No Variations]"
Add component (AddParameter): Name = "Depth"; Value = "5mm"; VariantName = "[No Variations]"
Add component (AddParameter): Name = "Dielectric"; Value = "X7R"; VariantName = "[No Variations]"
Add component (AddParameter): Name = "Height"; Value = "2.3mm"; VariantName = "[No Variations]"
Add component (AddParameter): Name = "Lead Free"; Value = "Lead Free"; VariantName = "[No Variations]"
Add component (AddParameter): Name = "Length"; Value = "5.7mm"; VariantName = "[No Variations]"
Add component (AddParameter): Name = "Max Operating Temperature"; Value = "125°C"; VariantName = "[No Variations]"
Add component (AddParameter): Name = "Min Operating Temperature"; Value = "-55°C"; VariantName = "[No Variations]"
Add component (AddParameter): Name = "Mount"; Value = "Surface Mount"; VariantName = "[No Variations]"
Add component (AddParameter): Name = "Number of Pins"; Value = "2"; VariantName = "[No Variations]"
Add component (AddParameter): Name = "Package Quantity"; Value = "1"; VariantName = "[No Variations]"
Add component (AddParameter): Name = "Packaging"; Value = "Tape and Reel"; VariantName = "[No Variations]"
Add component (AddParameter): Name = "Resistor Type"; Value = "Ceramic"; VariantName = "[No Variations]"
Add component (AddParameter): Name = "RoHS Compliant"; Value = "Yes"; VariantName = "[No Variations]"
Add component (AddParameter): Name = "Series"; Value = "C"; VariantName = "[No Variations]"
Add component (AddParameter): Name = "Termination"; Value = "SMD/SMT"; VariantName = "[No Variations]"
Add component (AddParameter): Name = "Thickness"; Value = "0.098inch"; VariantName = "[No Variations]"
Add component (AddParameter): Name = "Tolerance"; Value = "10%"; VariantName = "[No Variations]"
Add component (AddParameter): Name = "Voltage"; Value = "100V"; VariantName = "[No Variations]"
Add component (AddParameter): Name = "Voltage Rating"; Value = "100V"; VariantName = "[No Variations]"
Add component (AddParameter): Name = "Voltage Rating (DC)"; Value = "100V"; VariantName = "[No Variations]"
Add component (AddParameter): Name = "Weight"; Value = "0.016932oz"; VariantName = "[No Variations]"
Add component (AddParameter): Name = "Width"; Value = "5mm"; VariantName = "[No Variations]"
Added Component: Designator=C103(FP-0402-L_1_0_0_05-W_0_5-IPC_A)
Add component (AddParameter): Name = "Capacitor Type"; Value = "Ceramic"; VariantName = "[No Variations]"
Add component (AddParameter): Name = "Case/Package"; Value = "0402"; VariantName = "[No Variations]"
Add component (AddParameter): Name = "Max Operating Temperature"; Value = "85°C"; VariantName = "[No Variations]"
Add component (AddParameter): Name = "Min Operating Temperature"; Value = "-55°C"; VariantName = "[No Variations]"
Add component (AddParameter): Name = "Mounting Technology"; Value = "Surface Mount"; VariantName = "[No Variations]"
Add component (AddParameter): Name = "Pins"; Value = "2"; VariantName = "[No Variations]"
Add component (AddParameter): Name = "RoHS Compliant"; Value = "Yes"; VariantName = "[No Variations]"
Add component (AddParameter): Name = "Tolerance"; Value = ""; VariantName = "[No Variations]"
Add component (AddParameter): Name = "Value"; Value = ""; VariantName = "[No Variations]"
Add component (AddParameter): Name = "Voltage Rating"; Value = ""; VariantName = "[No Variations]"
Added Component: Designator=C104(FP-0402-L_1_0_0_05-W_0_5-IPC_A)
Add component (AddParameter): Name = "Capacitor Type"; Value = "Ceramic"; VariantName = "[No Variations]"
Add component (AddParameter): Name = "Case/Package"; Value = "0402"; VariantName = "[No Variations]"
Add component (AddParameter): Name = "Max Operating Temperature"; Value = "85°C"; VariantName = "[No Variations]"
Add component (AddParameter): Name = "Min Operating Temperature"; Value = "-55°C"; VariantName = "[No Variations]"
Add component (AddParameter): Name = "Mounting Technology"; Value = "Surface Mount"; VariantName = "[No Variations]"
Add component (AddParameter): Name = "Pins"; Value = "2"; VariantName = "[No Variations]"
Add component (AddParameter): Name = "RoHS Compliant"; Value = "Yes"; VariantName = "[No Variations]"
Add component (AddParameter): Name = "Tolerance"; Value = ""; VariantName = "[No Variations]"
Add component (AddParameter): Name = "Value"; Value = ""; VariantName = "[No Variations]"
Add component (AddParameter): Name = "Voltage Rating"; Value = ""; VariantName = "[No Variations]"
Added Component: Designator=C105(FP-0402-L_1_0_0_05-W_0_5-IPC_A)
Add component (AddParameter): Name = "Capacitor Type"; Value = "Ceramic"; VariantName = "[No Variations]"
Add component (AddParameter): Name = "Case/Package"; Value = "0402"; VariantName = "[No Variations]"
Add component (AddParameter): Name = "Max Operating Temperature"; Value = "85°C"; VariantName = "[No Variations]"
Add component (AddParameter): Name = "Min Operating Temperature"; Value = "-55°C"; VariantName = "[No Variations]"
Add component (AddParameter): Name = "Mounting Technology"; Value = "Surface Mount"; VariantName = "[No Variations]"
Add component (AddParameter): Name = "Pins"; Value = "2"; VariantName = "[No Variations]"
Add component (AddParameter): Name = "RoHS Compliant"; Value = "Yes"; VariantName = "[No Variations]"
Add component (AddParameter): Name = "Tolerance"; Value = ""; VariantName = "[No Variations]"
Add component (AddParameter): Name = "Value"; Value = ""; VariantName = "[No Variations]"
Add component (AddParameter): Name = "Voltage Rating"; Value = ""; VariantName = "[No Variations]"
Added Component: Designator=C106(FP-0402-L_1_0_0_05-W_0_5-IPC_A)
Add component (AddParameter): Name = "Capacitor Type"; Value = "Ceramic"; VariantName = "[No Variations]"
Add component (AddParameter): Name = "Case/Package"; Value = "0402"; VariantName = "[No Variations]"
Add component (AddParameter): Name = "Max Operating Temperature"; Value = "85°C"; VariantName = "[No Variations]"
Add component (AddParameter): Name = "Min Operating Temperature"; Value = "-55°C"; VariantName = "[No Variations]"
Add component (AddParameter): Name = "Mounting Technology"; Value = "Surface Mount"; VariantName = "[No Variations]"
Add component (AddParameter): Name = "Pins"; Value = "2"; VariantName = "[No Variations]"
Add component (AddParameter): Name = "RoHS Compliant"; Value = "Yes"; VariantName = "[No Variations]"
Add component (AddParameter): Name = "Tolerance"; Value = ""; VariantName = "[No Variations]"
Add component (AddParameter): Name = "Value"; Value = ""; VariantName = "[No Variations]"
Add component (AddParameter): Name = "Voltage Rating"; Value = ""; VariantName = "[No Variations]"
Added Component: Designator=C107(FP-0402-L_1_0_0_05-W_0_5-IPC_A)
Add component (AddParameter): Name = "Capacitor Type"; Value = "Ceramic"; VariantName = "[No Variations]"
Add component (AddParameter): Name = "Case/Package"; Value = "0402"; VariantName = "[No Variations]"
Add component (AddParameter): Name = "Max Operating Temperature"; Value = "85°C"; VariantName = "[No Variations]"
Add component (AddParameter): Name = "Min Operating Temperature"; Value = "-55°C"; VariantName = "[No Variations]"
Add component (AddParameter): Name = "Mounting Technology"; Value = "Surface Mount"; VariantName = "[No Variations]"
Add component (AddParameter): Name = "Pins"; Value = "2"; VariantName = "[No Variations]"
Add component (AddParameter): Name = "RoHS Compliant"; Value = "Yes"; VariantName = "[No Variations]"
Add component (AddParameter): Name = "Tolerance"; Value = ""; VariantName = "[No Variations]"
Add component (AddParameter): Name = "Value"; Value = ""; VariantName = "[No Variations]"
Add component (AddParameter): Name = "Voltage Rating"; Value = ""; VariantName = "[No Variations]"
Added Component: Designator=C108(FP-0402-L_1_0_0_05-W_0_5-IPC_A)
Add component (AddParameter): Name = "Capacitor Type"; Value = "Ceramic"; VariantName = "[No Variations]"
Add component (AddParameter): Name = "Case/Package"; Value = "0402"; VariantName = "[No Variations]"
Add component (AddParameter): Name = "Max Operating Temperature"; Value = "85°C"; VariantName = "[No Variations]"
Add component (AddParameter): Name = "Min Operating Temperature"; Value = "-55°C"; VariantName = "[No Variations]"
Add component (AddParameter): Name = "Mounting Technology"; Value = "Surface Mount"; VariantName = "[No Variations]"
Add component (AddParameter): Name = "Pins"; Value = "2"; VariantName = "[No Variations]"
Add component (AddParameter): Name = "RoHS Compliant"; Value = "Yes"; VariantName = "[No Variations]"
Add component (AddParameter): Name = "Tolerance"; Value = ""; VariantName = "[No Variations]"
Add component (AddParameter): Name = "Value"; Value = ""; VariantName = "[No Variations]"
Add component (AddParameter): Name = "Voltage Rating"; Value = ""; VariantName = "[No Variations]"
Added Component: Designator=D8(ONSC-SOD-523-2-502-01_V)
Add component (AddParameter): Name = "ComponentLink1Description"; Value = "Manufacturer URL"; VariantName = "[No Variations]"
Add component (AddParameter): Name = "ComponentLink1URL"; Value = "http://www.onsemi.com/"; VariantName = "[No Variations]"
Add component (AddParameter): Name = "ComponentLink2Description"; Value = "Datasheet"; VariantName = "[No Variations]"
Add component (AddParameter): Name = "ComponentLink2URL"; Value = "http://www.onsemi.cn/pub_link/Collateral/MM5Z2V4T1-D.PDF"; VariantName = "[No Variations]"
Add component (AddParameter): Name = "ComponentLink3Description"; Value = "Package Specification"; VariantName = "[No Variations]"
Add component (AddParameter): Name = "ComponentLink3URL"; Value = "http://www.onsemi.com/pub_link/Collateral/502-01.PDF"; VariantName = "[No Variations]"
Add component (AddParameter): Name = "DatasheetVersion"; Value = "Rev. 10"; VariantName = "[No Variations]"
Add component (AddParameter): Name = "Manufacturer"; Value = "On Semiconductor"; VariantName = "[No Variations]"
Add component (AddParameter): Name = "Mounting Technology"; Value = "Surface Mount"; VariantName = "[No Variations]"
Add component (AddParameter): Name = "P Max (W)"; Value = "0.5"; VariantName = "[No Variations]"
Add component (AddParameter): Name = "PackageDescription"; Value = "2-Pin SOD, Body 1.2 x 0.8 mm"; VariantName = "[No Variations]"
Add component (AddParameter): Name = "PackageReference"; Value = "SOD-523-2-502-01"; VariantName = "[No Variations]"
Add component (AddParameter): Name = "PackageVersion"; Value = "Rev. E, 09/2010"; VariantName = "[No Variations]"
Add component (AddParameter): Name = "Packing"; Value = "Tape and Reel"; VariantName = "[No Variations]"
Add component (AddParameter): Name = "PartNumber"; Value = "MM5Z3V3T1G"; VariantName = "[No Variations]"
Add component (AddParameter): Name = "RoHS"; Value = "Pb-Free"; VariantName = "[No Variations]"
Add component (AddParameter): Name = "VZ Typ (V)"; Value = "3.3"; VariantName = "[No Variations]"
Added Component: Designator=L3(PM5433.302NLT-Footprint-1)
Add component (AddParameter): Name = "Case/Package"; Value = ""; VariantName = "[No Variations]"
Add component (AddParameter): Name = "Max Operating Temperature"; Value = ""; VariantName = "[No Variations]"
Add component (AddParameter): Name = "Min Operating Temperature"; Value = ""; VariantName = "[No Variations]"
Add component (AddParameter): Name = "Mounting Technology"; Value = ""; VariantName = "[No Variations]"
Add component (AddParameter): Name = "Pins"; Value = ""; VariantName = "[No Variations]"
Add component (AddParameter): Name = "RoHS Compliant"; Value = ""; VariantName = "[No Variations]"
Add component (AddParameter): Name = "Self Resonant Frequency"; Value = ""; VariantName = "[No Variations]"
Add component (AddParameter): Name = "Tolerance"; Value = ""; VariantName = "[No Variations]"
Add component (AddParameter): Name = "Value"; Value = ""; VariantName = "[No Variations]"
Added Component: Designator=Q6(FP-T16-0236-MFG)
Add component (AddParameter): Name = "Automotive"; Value = "No"; VariantName = "[No Variations]"
Add component (AddParameter): Name = "Category"; Value = "Trans"; VariantName = "[No Variations]"
Add component (AddParameter): Name = "ComponentLink2Description"; Value = "Datasheet"; VariantName = "[No Variations]"
Add component (AddParameter): Name = "ComponentLink2URL"; Value = "https://www.vishay.com/docs/76248/sud80460e.pdf"; VariantName = "[No Variations]"
Add component (AddParameter): Name = "Continuous Drain Current"; Value = "42A"; VariantName = "[No Variations]"
Add component (AddParameter): Name = "Depletion Mode"; Value = "False"; VariantName = "[No Variations]"
Add component (AddParameter): Name = "Device Class L1"; Value = "Discrete Semiconductors"; VariantName = "[No Variations]"
Add component (AddParameter): Name = "Device Class L2"; Value = "Transistors"; VariantName = "[No Variations]"
Add component (AddParameter): Name = "Device Class L3"; Value = "MOSFETs"; VariantName = "[No Variations]"
Add component (AddParameter): Name = "Digikey Description"; Value = "MOSFET N-CH 150V 42A TO252AA"; VariantName = "[No Variations]"
Add component (AddParameter): Name = "Drain To Source Breakdown Voltage"; Value = "150V"; VariantName = "[No Variations]"
Add component (AddParameter): Name = "Drain To Source Resistance"; Value = "0.0372O"; VariantName = "[No Variations]"
Add component (AddParameter): Name = "Drain To Source Voltage"; Value = "150V"; VariantName = "[No Variations]"
Add component (AddParameter): Name = "Footprint Url"; Value = "https://www.vishay.com/docs/71197/to252aa.pdf"; VariantName = "[No Variations]"
Add component (AddParameter): Name = "Gate Charge At Vgs"; Value = "10.5nC @ 10V"; VariantName = "[No Variations]"
Add component (AddParameter): Name = "Gate To Source Voltage"; Value = "20V"; VariantName = "[No Variations]"
Add component (AddParameter): Name = "Height"; Value = "2.507mm"; VariantName = "[No Variations]"
Add component (AddParameter): Name = "Input Capacitace At Vds"; Value = "560pF @ 50V"; VariantName = "[No Variations]"
Add component (AddParameter): Name = "Lead Free"; Value = "Yes"; VariantName = "[No Variations]"
Add component (AddParameter): Name = "Manufacturer"; Value = "Vishay"; VariantName = "[No Variations]"
Add component (AddParameter): Name = "Manufacturer Part Number"; Value = "SUD80460E-GE3"; VariantName = "[No Variations]"
Add component (AddParameter): Name = "Max Forward Diode Voltage"; Value = "1.5V"; VariantName = "[No Variations]"
Add component (AddParameter): Name = "Max Junction Temp"; Value = "+175°C"; VariantName = "[No Variations]"
Add component (AddParameter): Name = "Number Of Channels"; Value = "1"; VariantName = "[No Variations]"
Add component (AddParameter): Name = "Number Of N Channels"; Value = "1"; VariantName = "[No Variations]"
Add component (AddParameter): Name = "Octopart"; Value = "https://octopart.com/sud80460e-ge3-vishay-78440626"; VariantName = "[No Variations]"
Add component (AddParameter): Name = "Package"; Value = "T16-0236"; VariantName = "[No Variations]"
Add component (AddParameter): Name = "Power Dissipation"; Value = "65.2W"; VariantName = "[No Variations]"
Add component (AddParameter): Name = "Pulse Drain Current"; Value = "40A"; VariantName = "[No Variations]"
Add component (AddParameter): Name = "Reverse Recovery Charge"; Value = "210nC"; VariantName = "[No Variations]"
Add component (AddParameter): Name = "Reverse Recovery Time"; Value = "68ns"; VariantName = "[No Variations]"
Add component (AddParameter): Name = "RoHS"; Value = "TRUE"; VariantName = "[No Variations]"
Add component (AddParameter): Name = "Rthja Max"; Value = "50°C/W"; VariantName = "[No Variations]"
Add component (AddParameter): Name = "Temperature"; Value = "-55°C to +175°C"; VariantName = "[No Variations]"
Add component (AddParameter): Name = "Temperature Range High"; Value = "+175°C"; VariantName = "[No Variations]"
Add component (AddParameter): Name = "Temperature Range Low"; Value = "-55°C"; VariantName = "[No Variations]"
Add component (AddParameter): Name = "Threshold Vgs Max"; Value = "4V"; VariantName = "[No Variations]"
Add component (AddParameter): Name = "Threshold Vgs Min"; Value = "2V"; VariantName = "[No Variations]"
Add component (AddParameter): Name = "Transconductance"; Value = "11S"; VariantName = "[No Variations]"
Add component (AddParameter): Name = "Turn Off Delay Time"; Value = "15ns"; VariantName = "[No Variations]"
Add component (AddParameter): Name = "Turn On Delay Time"; Value = "8ns"; VariantName = "[No Variations]"
Add component (AddParameter): Name = "Typ Forward Diode Voltage"; Value = "0.85V"; VariantName = "[No Variations]"
Added Component: Designator=Q9(FP-T16-0236-MFG)
Add component (AddParameter): Name = "Automotive"; Value = "No"; VariantName = "[No Variations]"
Add component (AddParameter): Name = "Category"; Value = "Trans"; VariantName = "[No Variations]"
Add component (AddParameter): Name = "ComponentLink2Description"; Value = "Datasheet"; VariantName = "[No Variations]"
Add component (AddParameter): Name = "ComponentLink2URL"; Value = "https://www.vishay.com/docs/76248/sud80460e.pdf"; VariantName = "[No Variations]"
Add component (AddParameter): Name = "Continuous Drain Current"; Value = "42A"; VariantName = "[No Variations]"
Add component (AddParameter): Name = "Depletion Mode"; Value = "False"; VariantName = "[No Variations]"
Add component (AddParameter): Name = "Device Class L1"; Value = "Discrete Semiconductors"; VariantName = "[No Variations]"
Add component (AddParameter): Name = "Device Class L2"; Value = "Transistors"; VariantName = "[No Variations]"
Add component (AddParameter): Name = "Device Class L3"; Value = "MOSFETs"; VariantName = "[No Variations]"
Add component (AddParameter): Name = "Digikey Description"; Value = "MOSFET N-CH 150V 42A TO252AA"; VariantName = "[No Variations]"
Add component (AddParameter): Name = "Drain To Source Breakdown Voltage"; Value = "150V"; VariantName = "[No Variations]"
Add component (AddParameter): Name = "Drain To Source Resistance"; Value = "0.0372O"; VariantName = "[No Variations]"
Add component (AddParameter): Name = "Drain To Source Voltage"; Value = "150V"; VariantName = "[No Variations]"
Add component (AddParameter): Name = "Footprint Url"; Value = "https://www.vishay.com/docs/71197/to252aa.pdf"; VariantName = "[No Variations]"
Add component (AddParameter): Name = "Gate Charge At Vgs"; Value = "10.5nC @ 10V"; VariantName = "[No Variations]"
Add component (AddParameter): Name = "Gate To Source Voltage"; Value = "20V"; VariantName = "[No Variations]"
Add component (AddParameter): Name = "Height"; Value = "2.507mm"; VariantName = "[No Variations]"
Add component (AddParameter): Name = "Input Capacitace At Vds"; Value = "560pF @ 50V"; VariantName = "[No Variations]"
Add component (AddParameter): Name = "Lead Free"; Value = "Yes"; VariantName = "[No Variations]"
Add component (AddParameter): Name = "Manufacturer"; Value = "Vishay"; VariantName = "[No Variations]"
Add component (AddParameter): Name = "Manufacturer Part Number"; Value = "SUD80460E-GE3"; VariantName = "[No Variations]"
Add component (AddParameter): Name = "Max Forward Diode Voltage"; Value = "1.5V"; VariantName = "[No Variations]"
Add component (AddParameter): Name = "Max Junction Temp"; Value = "+175°C"; VariantName = "[No Variations]"
Add component (AddParameter): Name = "Number Of Channels"; Value = "1"; VariantName = "[No Variations]"
Add component (AddParameter): Name = "Number Of N Channels"; Value = "1"; VariantName = "[No Variations]"
Add component (AddParameter): Name = "Octopart"; Value = "https://octopart.com/sud80460e-ge3-vishay-78440626"; VariantName = "[No Variations]"
Add component (AddParameter): Name = "Package"; Value = "T16-0236"; VariantName = "[No Variations]"
Add component (AddParameter): Name = "Power Dissipation"; Value = "65.2W"; VariantName = "[No Variations]"
Add component (AddParameter): Name = "Pulse Drain Current"; Value = "40A"; VariantName = "[No Variations]"
Add component (AddParameter): Name = "Reverse Recovery Charge"; Value = "210nC"; VariantName = "[No Variations]"
Add component (AddParameter): Name = "Reverse Recovery Time"; Value = "68ns"; VariantName = "[No Variations]"
Add component (AddParameter): Name = "RoHS"; Value = "TRUE"; VariantName = "[No Variations]"
Add component (AddParameter): Name = "Rthja Max"; Value = "50°C/W"; VariantName = "[No Variations]"
Add component (AddParameter): Name = "Temperature"; Value = "-55°C to +175°C"; VariantName = "[No Variations]"
Add component (AddParameter): Name = "Temperature Range High"; Value = "+175°C"; VariantName = "[No Variations]"
Add component (AddParameter): Name = "Temperature Range Low"; Value = "-55°C"; VariantName = "[No Variations]"
Add component (AddParameter): Name = "Threshold Vgs Max"; Value = "4V"; VariantName = "[No Variations]"
Add component (AddParameter): Name = "Threshold Vgs Min"; Value = "2V"; VariantName = "[No Variations]"
Add component (AddParameter): Name = "Transconductance"; Value = "11S"; VariantName = "[No Variations]"
Add component (AddParameter): Name = "Turn Off Delay Time"; Value = "15ns"; VariantName = "[No Variations]"
Add component (AddParameter): Name = "Turn On Delay Time"; Value = "8ns"; VariantName = "[No Variations]"
Add component (AddParameter): Name = "Typ Forward Diode Voltage"; Value = "0.85V"; VariantName = "[No Variations]"
Added Component: Designator=R85(FP-KRL6432E-MFG)
Add component (AddParameter): Name = "Case Code (Imperial)"; Value = "2512"; VariantName = "[No Variations]"
Add component (AddParameter): Name = "Case Code (Metric)"; Value = "6432"; VariantName = "[No Variations]"
Add component (AddParameter): Name = "Case/Package"; Value = "2512"; VariantName = "[No Variations]"
Add component (AddParameter): Name = "Composition"; Value = "Metal Foil"; VariantName = "[No Variations]"
Add component (AddParameter): Name = "Height"; Value = "700µm"; VariantName = "[No Variations]"
Add component (AddParameter): Name = "Length"; Value = "3.1mm"; VariantName = "[No Variations]"
Add component (AddParameter): Name = "Lifecycle Status"; Value = "Production"; VariantName = "[No Variations]"
Add component (AddParameter): Name = "Max Operating Temperature"; Value = "155°C"; VariantName = "[No Variations]"
Add component (AddParameter): Name = "Max Thickness"; Value = "700µm"; VariantName = "[No Variations]"
Add component (AddParameter): Name = "Min Operating Temperature"; Value = "-55°C"; VariantName = "[No Variations]"
Add component (AddParameter): Name = "NexarPartId"; Value = "24927455"; VariantName = "[No Variations]"
Add component (AddParameter): Name = "Power Rating"; Value = "3W"; VariantName = "[No Variations]"
Add component (AddParameter): Name = "Resistance"; Value = "2mO"; VariantName = "[No Variations]"
Add component (AddParameter): Name = "RoHS"; Value = "Compliant"; VariantName = "[No Variations]"
Add component (AddParameter): Name = "Temperature Coefficient"; Value = "100ppm/°C"; VariantName = "[No Variations]"
Add component (AddParameter): Name = "Termination"; Value = "SMD/SMT"; VariantName = "[No Variations]"
Add component (AddParameter): Name = "Tolerance"; Value = "2%"; VariantName = "[No Variations]"
Add component (AddParameter): Name = "Weight"; Value = "40.511469mg"; VariantName = "[No Variations]"
Add component (AddParameter): Name = "Width"; Value = "6.3mm"; VariantName = "[No Variations]"
Added Component: Designator=R86(R0603B)
Add component (AddParameter): Name = "Contact Finish"; Value = ""; VariantName = "[No Variations]"
Add component (AddParameter): Name = "FIT"; Value = ""; VariantName = "[No Variations]"
Add component (AddParameter): Name = "Materials"; Value = ""; VariantName = "[No Variations]"
Add component (AddParameter): Name = "Max Operating Temperature"; Value = ""; VariantName = "[No Variations]"
Add component (AddParameter): Name = "MFR"; Value = ""; VariantName = "[No Variations]"
Add component (AddParameter): Name = "MFR PN"; Value = ""; VariantName = "[No Variations]"
Add component (AddParameter): Name = "Min Operating Temperature"; Value = ""; VariantName = "[No Variations]"
Add component (AddParameter): Name = "Mounting Technology"; Value = ""; VariantName = "[No Variations]"
Add component (AddParameter): Name = "Note"; Value = ""; VariantName = "[No Variations]"
Add component (AddParameter): Name = "Package"; Value = ""; VariantName = "[No Variations]"
Add component (AddParameter): Name = "Pins"; Value = ""; VariantName = "[No Variations]"
Add component (AddParameter): Name = "Power"; Value = ""; VariantName = "[No Variations]"
Add component (AddParameter): Name = "Rating"; Value = ""; VariantName = "[No Variations]"
Add component (AddParameter): Name = "RoHS Compliant"; Value = ""; VariantName = "[No Variations]"
Add component (AddParameter): Name = "Temperature Coefficient"; Value = ""; VariantName = "[No Variations]"
Add component (AddParameter): Name = "Tolerance"; Value = ""; VariantName = "[No Variations]"
Add component (AddParameter): Name = "Type"; Value = ""; VariantName = "[No Variations]"
Add component (AddParameter): Name = "Value"; Value = "330"; VariantName = "[No Variations]"
Add component (AddParameter): Name = "Voltage Rating"; Value = ""; VariantName = "[No Variations]"
Add component (AddParameter): Name = "Weight"; Value = ""; VariantName = "[No Variations]"
Added Component: Designator=R87(R0603B)
Add component (AddParameter): Name = "Contact Finish"; Value = ""; VariantName = "[No Variations]"
Add component (AddParameter): Name = "FIT"; Value = ""; VariantName = "[No Variations]"
Add component (AddParameter): Name = "Materials"; Value = ""; VariantName = "[No Variations]"
Add component (AddParameter): Name = "Max Operating Temperature"; Value = ""; VariantName = "[No Variations]"
Add component (AddParameter): Name = "MFR"; Value = ""; VariantName = "[No Variations]"
Add component (AddParameter): Name = "MFR PN"; Value = ""; VariantName = "[No Variations]"
Add component (AddParameter): Name = "Min Operating Temperature"; Value = ""; VariantName = "[No Variations]"
Add component (AddParameter): Name = "Mounting Technology"; Value = ""; VariantName = "[No Variations]"
Add component (AddParameter): Name = "Note"; Value = ""; VariantName = "[No Variations]"
Add component (AddParameter): Name = "Package"; Value = ""; VariantName = "[No Variations]"
Add component (AddParameter): Name = "Pins"; Value = ""; VariantName = "[No Variations]"
Add component (AddParameter): Name = "Power"; Value = ""; VariantName = "[No Variations]"
Add component (AddParameter): Name = "Rating"; Value = ""; VariantName = "[No Variations]"
Add component (AddParameter): Name = "RoHS Compliant"; Value = ""; VariantName = "[No Variations]"
Add component (AddParameter): Name = "Temperature Coefficient"; Value = ""; VariantName = "[No Variations]"
Add component (AddParameter): Name = "Tolerance"; Value = ""; VariantName = "[No Variations]"
Add component (AddParameter): Name = "Type"; Value = ""; VariantName = "[No Variations]"
Add component (AddParameter): Name = "Value"; Value = "330"; VariantName = "[No Variations]"
Add component (AddParameter): Name = "Voltage Rating"; Value = ""; VariantName = "[No Variations]"
Add component (AddParameter): Name = "Weight"; Value = ""; VariantName = "[No Variations]"
Added Component: Designator=R88(R0603B)
Add component (AddParameter): Name = "Contact Finish"; Value = ""; VariantName = "[No Variations]"
Add component (AddParameter): Name = "FIT"; Value = ""; VariantName = "[No Variations]"
Add component (AddParameter): Name = "Materials"; Value = ""; VariantName = "[No Variations]"
Add component (AddParameter): Name = "Max Operating Temperature"; Value = ""; VariantName = "[No Variations]"
Add component (AddParameter): Name = "MFR"; Value = ""; VariantName = "[No Variations]"
Add component (AddParameter): Name = "MFR PN"; Value = ""; VariantName = "[No Variations]"
Add component (AddParameter): Name = "Min Operating Temperature"; Value = ""; VariantName = "[No Variations]"
Add component (AddParameter): Name = "Mounting Technology"; Value = ""; VariantName = "[No Variations]"
Add component (AddParameter): Name = "Note"; Value = ""; VariantName = "[No Variations]"
Add component (AddParameter): Name = "Package"; Value = ""; VariantName = "[No Variations]"
Add component (AddParameter): Name = "Pins"; Value = ""; VariantName = "[No Variations]"
Add component (AddParameter): Name = "Power"; Value = ""; VariantName = "[No Variations]"
Add component (AddParameter): Name = "Rating"; Value = ""; VariantName = "[No Variations]"
Add component (AddParameter): Name = "RoHS Compliant"; Value = ""; VariantName = "[No Variations]"
Add component (AddParameter): Name = "Temperature Coefficient"; Value = ""; VariantName = "[No Variations]"
Add component (AddParameter): Name = "Tolerance"; Value = ""; VariantName = "[No Variations]"
Add component (AddParameter): Name = "Type"; Value = ""; VariantName = "[No Variations]"
Add component (AddParameter): Name = "Value"; Value = "330"; VariantName = "[No Variations]"
Add component (AddParameter): Name = "Voltage Rating"; Value = ""; VariantName = "[No Variations]"
Add component (AddParameter): Name = "Weight"; Value = ""; VariantName = "[No Variations]"
Added Component: Designator=R89(RESC1005X40X25ML05T05)
Add component (AddParameter): Name = "Case/Package"; Value = ""; VariantName = "[No Variations]"
Add component (AddParameter): Name = "Component Type"; Value = "Standard"; VariantName = "[No Variations]"
Add component (AddParameter): Name = "Design Item ID"; Value = "CMP-009-00206-2"; VariantName = "[No Variations]"
Add component (AddParameter): Name = "Max Operating Temperature"; Value = ""; VariantName = "[No Variations]"
Add component (AddParameter): Name = "Min Operating Temperature"; Value = ""; VariantName = "[No Variations]"
Add component (AddParameter): Name = "Mounting Technology"; Value = ""; VariantName = "[No Variations]"
Add component (AddParameter): Name = "Pins"; Value = "2"; VariantName = "[No Variations]"
Add component (AddParameter): Name = "Power"; Value = ""; VariantName = "[No Variations]"
Add component (AddParameter): Name = "RoHS Compliant"; Value = ""; VariantName = "[No Variations]"
Add component (AddParameter): Name = "Source"; Value = "0402jump.SchLib"; VariantName = "[No Variations]"
Add component (AddParameter): Name = "Tolerance"; Value = ""; VariantName = "[No Variations]"
Add component (AddParameter): Name = "Value"; Value = ""; VariantName = "[No Variations]"
Add component (AddParameter): Name = "Voltage Rating"; Value = ""; VariantName = "[No Variations]"
Added Component: Designator=R90(R0603B)
Add component (AddParameter): Name = "Contact Finish"; Value = ""; VariantName = "[No Variations]"
Add component (AddParameter): Name = "FIT"; Value = ""; VariantName = "[No Variations]"
Add component (AddParameter): Name = "Materials"; Value = ""; VariantName = "[No Variations]"
Add component (AddParameter): Name = "Max Operating Temperature"; Value = ""; VariantName = "[No Variations]"
Add component (AddParameter): Name = "MFR"; Value = ""; VariantName = "[No Variations]"
Add component (AddParameter): Name = "MFR PN"; Value = ""; VariantName = "[No Variations]"
Add component (AddParameter): Name = "Min Operating Temperature"; Value = ""; VariantName = "[No Variations]"
Add component (AddParameter): Name = "Mounting Technology"; Value = ""; VariantName = "[No Variations]"
Add component (AddParameter): Name = "Note"; Value = ""; VariantName = "[No Variations]"
Add component (AddParameter): Name = "Package"; Value = ""; VariantName = "[No Variations]"
Add component (AddParameter): Name = "Pins"; Value = ""; VariantName = "[No Variations]"
Add component (AddParameter): Name = "Power"; Value = ""; VariantName = "[No Variations]"
Add component (AddParameter): Name = "Rating"; Value = ""; VariantName = "[No Variations]"
Add component (AddParameter): Name = "RoHS Compliant"; Value = ""; VariantName = "[No Variations]"
Add component (AddParameter): Name = "Temperature Coefficient"; Value = ""; VariantName = "[No Variations]"
Add component (AddParameter): Name = "Tolerance"; Value = ""; VariantName = "[No Variations]"
Add component (AddParameter): Name = "Type"; Value = ""; VariantName = "[No Variations]"
Add component (AddParameter): Name = "Value"; Value = "330"; VariantName = "[No Variations]"
Add component (AddParameter): Name = "Voltage Rating"; Value = ""; VariantName = "[No Variations]"
Add component (AddParameter): Name = "Weight"; Value = ""; VariantName = "[No Variations]"
Added Component: Designator=R91(R0603B)
Add component (AddParameter): Name = "Contact Finish"; Value = ""; VariantName = "[No Variations]"
Add component (AddParameter): Name = "FIT"; Value = ""; VariantName = "[No Variations]"
Add component (AddParameter): Name = "Materials"; Value = ""; VariantName = "[No Variations]"
Add component (AddParameter): Name = "Max Operating Temperature"; Value = ""; VariantName = "[No Variations]"
Add component (AddParameter): Name = "MFR"; Value = ""; VariantName = "[No Variations]"
Add component (AddParameter): Name = "MFR PN"; Value = ""; VariantName = "[No Variations]"
Add component (AddParameter): Name = "Min Operating Temperature"; Value = ""; VariantName = "[No Variations]"
Add component (AddParameter): Name = "Mounting Technology"; Value = ""; VariantName = "[No Variations]"
Add component (AddParameter): Name = "Note"; Value = ""; VariantName = "[No Variations]"
Add component (AddParameter): Name = "Package"; Value = ""; VariantName = "[No Variations]"
Add component (AddParameter): Name = "Pins"; Value = ""; VariantName = "[No Variations]"
Add component (AddParameter): Name = "Power"; Value = ""; VariantName = "[No Variations]"
Add component (AddParameter): Name = "Rating"; Value = ""; VariantName = "[No Variations]"
Add component (AddParameter): Name = "RoHS Compliant"; Value = ""; VariantName = "[No Variations]"
Add component (AddParameter): Name = "Temperature Coefficient"; Value = ""; VariantName = "[No Variations]"
Add component (AddParameter): Name = "Tolerance"; Value = ""; VariantName = "[No Variations]"
Add component (AddParameter): Name = "Type"; Value = ""; VariantName = "[No Variations]"
Add component (AddParameter): Name = "Value"; Value = "330"; VariantName = "[No Variations]"
Add component (AddParameter): Name = "Voltage Rating"; Value = ""; VariantName = "[No Variations]"
Add component (AddParameter): Name = "Weight"; Value = ""; VariantName = "[No Variations]"
Added Component: Designator=R92(R0603B)
Add component (AddParameter): Name = "Contact Finish"; Value = ""; VariantName = "[No Variations]"
Add component (AddParameter): Name = "FIT"; Value = ""; VariantName = "[No Variations]"
Add component (AddParameter): Name = "Materials"; Value = ""; VariantName = "[No Variations]"
Add component (AddParameter): Name = "Max Operating Temperature"; Value = ""; VariantName = "[No Variations]"
Add component (AddParameter): Name = "MFR"; Value = ""; VariantName = "[No Variations]"
Add component (AddParameter): Name = "MFR PN"; Value = ""; VariantName = "[No Variations]"
Add component (AddParameter): Name = "Min Operating Temperature"; Value = ""; VariantName = "[No Variations]"
Add component (AddParameter): Name = "Mounting Technology"; Value = ""; VariantName = "[No Variations]"
Add component (AddParameter): Name = "Note"; Value = ""; VariantName = "[No Variations]"
Add component (AddParameter): Name = "Package"; Value = ""; VariantName = "[No Variations]"
Add component (AddParameter): Name = "Pins"; Value = ""; VariantName = "[No Variations]"
Add component (AddParameter): Name = "Power"; Value = ""; VariantName = "[No Variations]"
Add component (AddParameter): Name = "Rating"; Value = ""; VariantName = "[No Variations]"
Add component (AddParameter): Name = "RoHS Compliant"; Value = ""; VariantName = "[No Variations]"
Add component (AddParameter): Name = "Temperature Coefficient"; Value = ""; VariantName = "[No Variations]"
Add component (AddParameter): Name = "Tolerance"; Value = ""; VariantName = "[No Variations]"
Add component (AddParameter): Name = "Type"; Value = ""; VariantName = "[No Variations]"
Add component (AddParameter): Name = "Value"; Value = "330"; VariantName = "[No Variations]"
Add component (AddParameter): Name = "Voltage Rating"; Value = ""; VariantName = "[No Variations]"
Add component (AddParameter): Name = "Weight"; Value = ""; VariantName = "[No Variations]"
Added Component: Designator=R93(R0603B)
Add component (AddParameter): Name = "Contact Finish"; Value = ""; VariantName = "[No Variations]"
Add component (AddParameter): Name = "FIT"; Value = ""; VariantName = "[No Variations]"
Add component (AddParameter): Name = "Materials"; Value = ""; VariantName = "[No Variations]"
Add component (AddParameter): Name = "Max Operating Temperature"; Value = ""; VariantName = "[No Variations]"
Add component (AddParameter): Name = "MFR"; Value = ""; VariantName = "[No Variations]"
Add component (AddParameter): Name = "MFR PN"; Value = ""; VariantName = "[No Variations]"
Add component (AddParameter): Name = "Min Operating Temperature"; Value = ""; VariantName = "[No Variations]"
Add component (AddParameter): Name = "Mounting Technology"; Value = ""; VariantName = "[No Variations]"
Add component (AddParameter): Name = "Note"; Value = ""; VariantName = "[No Variations]"
Add component (AddParameter): Name = "Package"; Value = ""; VariantName = "[No Variations]"
Add component (AddParameter): Name = "Pins"; Value = ""; VariantName = "[No Variations]"
Add component (AddParameter): Name = "Power"; Value = ""; VariantName = "[No Variations]"
Add component (AddParameter): Name = "Rating"; Value = ""; VariantName = "[No Variations]"
Add component (AddParameter): Name = "RoHS Compliant"; Value = ""; VariantName = "[No Variations]"
Add component (AddParameter): Name = "Temperature Coefficient"; Value = ""; VariantName = "[No Variations]"
Add component (AddParameter): Name = "Tolerance"; Value = ""; VariantName = "[No Variations]"
Add component (AddParameter): Name = "Type"; Value = ""; VariantName = "[No Variations]"
Add component (AddParameter): Name = "Value"; Value = "330"; VariantName = "[No Variations]"
Add component (AddParameter): Name = "Voltage Rating"; Value = ""; VariantName = "[No Variations]"
Add component (AddParameter): Name = "Weight"; Value = ""; VariantName = "[No Variations]"
Added Component: Designator=R94(R0603B)
Add component (AddParameter): Name = "Contact Finish"; Value = ""; VariantName = "[No Variations]"
Add component (AddParameter): Name = "FIT"; Value = ""; VariantName = "[No Variations]"
Add component (AddParameter): Name = "Materials"; Value = ""; VariantName = "[No Variations]"
Add component (AddParameter): Name = "Max Operating Temperature"; Value = ""; VariantName = "[No Variations]"
Add component (AddParameter): Name = "MFR"; Value = ""; VariantName = "[No Variations]"
Add component (AddParameter): Name = "MFR PN"; Value = ""; VariantName = "[No Variations]"
Add component (AddParameter): Name = "Min Operating Temperature"; Value = ""; VariantName = "[No Variations]"
Add component (AddParameter): Name = "Mounting Technology"; Value = ""; VariantName = "[No Variations]"
Add component (AddParameter): Name = "Note"; Value = ""; VariantName = "[No Variations]"
Add component (AddParameter): Name = "Package"; Value = ""; VariantName = "[No Variations]"
Add component (AddParameter): Name = "Pins"; Value = ""; VariantName = "[No Variations]"
Add component (AddParameter): Name = "Power"; Value = ""; VariantName = "[No Variations]"
Add component (AddParameter): Name = "Rating"; Value = ""; VariantName = "[No Variations]"
Add component (AddParameter): Name = "RoHS Compliant"; Value = ""; VariantName = "[No Variations]"
Add component (AddParameter): Name = "Temperature Coefficient"; Value = ""; VariantName = "[No Variations]"
Add component (AddParameter): Name = "Tolerance"; Value = ""; VariantName = "[No Variations]"
Add component (AddParameter): Name = "Type"; Value = ""; VariantName = "[No Variations]"
Add component (AddParameter): Name = "Value"; Value = "330"; VariantName = "[No Variations]"
Add component (AddParameter): Name = "Voltage Rating"; Value = ""; VariantName = "[No Variations]"
Add component (AddParameter): Name = "Weight"; Value = ""; VariantName = "[No Variations]"
Added Component: Designator=R105(R0603B)
Add component (AddParameter): Name = "Contact Finish"; Value = ""; VariantName = "[No Variations]"
Add component (AddParameter): Name = "FIT"; Value = ""; VariantName = "[No Variations]"
Add component (AddParameter): Name = "Materials"; Value = ""; VariantName = "[No Variations]"
Add component (AddParameter): Name = "Max Operating Temperature"; Value = ""; VariantName = "[No Variations]"
Add component (AddParameter): Name = "MFR"; Value = ""; VariantName = "[No Variations]"
Add component (AddParameter): Name = "MFR PN"; Value = ""; VariantName = "[No Variations]"
Add component (AddParameter): Name = "Min Operating Temperature"; Value = ""; VariantName = "[No Variations]"
Add component (AddParameter): Name = "Mounting Technology"; Value = ""; VariantName = "[No Variations]"
Add component (AddParameter): Name = "Note"; Value = ""; VariantName = "[No Variations]"
Add component (AddParameter): Name = "Package"; Value = ""; VariantName = "[No Variations]"
Add component (AddParameter): Name = "Pins"; Value = ""; VariantName = "[No Variations]"
Add component (AddParameter): Name = "Power"; Value = ""; VariantName = "[No Variations]"
Add component (AddParameter): Name = "Rating"; Value = ""; VariantName = "[No Variations]"
Add component (AddParameter): Name = "RoHS Compliant"; Value = ""; VariantName = "[No Variations]"
Add component (AddParameter): Name = "Temperature Coefficient"; Value = ""; VariantName = "[No Variations]"
Add component (AddParameter): Name = "Tolerance"; Value = ""; VariantName = "[No Variations]"
Add component (AddParameter): Name = "Type"; Value = ""; VariantName = "[No Variations]"
Add component (AddParameter): Name = "Value"; Value = "330"; VariantName = "[No Variations]"
Add component (AddParameter): Name = "Voltage Rating"; Value = ""; VariantName = "[No Variations]"
Add component (AddParameter): Name = "Weight"; Value = ""; VariantName = "[No Variations]"
Added Component: Designator=R106(R0603B)
Add component (AddParameter): Name = "Contact Finish"; Value = ""; VariantName = "[No Variations]"
Add component (AddParameter): Name = "FIT"; Value = ""; VariantName = "[No Variations]"
Add component (AddParameter): Name = "Materials"; Value = ""; VariantName = "[No Variations]"
Add component (AddParameter): Name = "Max Operating Temperature"; Value = ""; VariantName = "[No Variations]"
Add component (AddParameter): Name = "MFR"; Value = ""; VariantName = "[No Variations]"
Add component (AddParameter): Name = "MFR PN"; Value = ""; VariantName = "[No Variations]"
Add component (AddParameter): Name = "Min Operating Temperature"; Value = ""; VariantName = "[No Variations]"
Add component (AddParameter): Name = "Mounting Technology"; Value = ""; VariantName = "[No Variations]"
Add component (AddParameter): Name = "Note"; Value = ""; VariantName = "[No Variations]"
Add component (AddParameter): Name = "Package"; Value = ""; VariantName = "[No Variations]"
Add component (AddParameter): Name = "Pins"; Value = ""; VariantName = "[No Variations]"
Add component (AddParameter): Name = "Power"; Value = ""; VariantName = "[No Variations]"
Add component (AddParameter): Name = "Rating"; Value = ""; VariantName = "[No Variations]"
Add component (AddParameter): Name = "RoHS Compliant"; Value = ""; VariantName = "[No Variations]"
Add component (AddParameter): Name = "Temperature Coefficient"; Value = ""; VariantName = "[No Variations]"
Add component (AddParameter): Name = "Tolerance"; Value = ""; VariantName = "[No Variations]"
Add component (AddParameter): Name = "Type"; Value = ""; VariantName = "[No Variations]"
Add component (AddParameter): Name = "Value"; Value = "330"; VariantName = "[No Variations]"
Add component (AddParameter): Name = "Voltage Rating"; Value = ""; VariantName = "[No Variations]"
Add component (AddParameter): Name = "Weight"; Value = ""; VariantName = "[No Variations]"
Added Component: Designator=U14(QFN50P350X350X100_HS-21N)
Add component (AddParameter): Name = "Case/Package"; Value = ""; VariantName = "[No Variations]"
Add component (AddParameter): Name = "Max Operating Temperature"; Value = ""; VariantName = "[No Variations]"
Add component (AddParameter): Name = "Max Power Dissipation"; Value = ""; VariantName = "[No Variations]"
Add component (AddParameter): Name = "Max Supply Voltage"; Value = ""; VariantName = "[No Variations]"
Add component (AddParameter): Name = "Min Operating Temperature"; Value = ""; VariantName = "[No Variations]"
Add component (AddParameter): Name = "Min Supply Voltage"; Value = ""; VariantName = "[No Variations]"
Add component (AddParameter): Name = "Mounting Technology"; Value = ""; VariantName = "[No Variations]"
Add component (AddParameter): Name = "Output Voltage"; Value = ""; VariantName = "[No Variations]"
Add component (AddParameter): Name = "Pins"; Value = ""; VariantName = "[No Variations]"
Add component (AddParameter): Name = "RoHS Compliant"; Value = ""; VariantName = "[No Variations]"
Added Component: Designator=U15(FP-LC-8-IPC_C)
Add component (AddParameter): Name = "-3db Bandwidth"; Value = "100kHz"; VariantName = "[No Variations]"
Add component (AddParameter): Name = "Accuracy"; Value = "5%"; VariantName = "[No Variations]"
Add component (AddParameter): Name = "Bandwidth"; Value = "100kHz"; VariantName = "[No Variations]"
Add component (AddParameter): Name = "Case/Package"; Value = "SOIC"; VariantName = "[No Variations]"
Add component (AddParameter): Name = "Current Sensing"; Value = "12.5A"; VariantName = "[No Variations]"
Add component (AddParameter): Name = "Frequency"; Value = "100kHz"; VariantName = "[No Variations]"
Add component (AddParameter): Name = "Height"; Value = "1.5mm"; VariantName = "[No Variations]"
Add component (AddParameter): Name = "Length"; Value = "4.9mm"; VariantName = "[No Variations]"
Add component (AddParameter): Name = "Linearity"; Value = "1%"; VariantName = "[No Variations]"
Add component (AddParameter): Name = "Max Operating Temperature"; Value = "125°C"; VariantName = "[No Variations]"
Add component (AddParameter): Name = "Max Supply Current"; Value = "5.5mA"; VariantName = "[No Variations]"
Add component (AddParameter): Name = "Max Supply Voltage"; Value = "5.5V"; VariantName = "[No Variations]"
Add component (AddParameter): Name = "Min Operating Temperature"; Value = "-40°C"; VariantName = "[No Variations]"
Add component (AddParameter): Name = "Min Supply Voltage"; Value = "3V"; VariantName = "[No Variations]"
Add component (AddParameter): Name = "Number of Channels"; Value = "1"; VariantName = "[No Variations]"
Add component (AddParameter): Name = "Number of Pins"; Value = "8"; VariantName = "[No Variations]"
Add component (AddParameter): Name = "Operating Supply Voltage"; Value = "3.3V"; VariantName = "[No Variations]"
Add component (AddParameter): Name = "Package Quantity"; Value = "1"; VariantName = "[No Variations]"
Add component (AddParameter): Name = "Packaging"; Value = "Tape and Reel"; VariantName = "[No Variations]"
Add component (AddParameter): Name = "Polarity"; Value = "Bidirectional"; VariantName = "[No Variations]"
Add component (AddParameter): Name = "Quiescent Current"; Value = "4mA"; VariantName = "[No Variations]"
Add component (AddParameter): Name = "REACH SVHC"; Value = "No SVHC"; VariantName = "[No Variations]"
Add component (AddParameter): Name = "Response Time"; Value = "4.6us"; VariantName = "[No Variations]"
Add component (AddParameter): Name = "RoHS Compliant"; Value = "Yes"; VariantName = "[No Variations]"
Add component (AddParameter): Name = "Sensitivity"; Value = "110mV/A"; VariantName = "[No Variations]"
Add component (AddParameter): Name = "Series"; Value = "-"; VariantName = "[No Variations]"
Add component (AddParameter): Name = "Width"; Value = "3.9mm"; VariantName = "[No Variations]"
Added Pin To Net: NetName=NetC67_1 Pin=C52-1
Added Pin To Net: NetName=BST_REG_OUT Pin=C53-1
Added Pin To Net: NetName=BST_REG_OUT Pin=C54-1
Added Pin To Net: NetName=BST_REG_OUT Pin=C55-1
Added Pin To Net: NetName=BST_REG_OUT Pin=C56-1
Added Pin To Net: NetName=BST_REG_OUT Pin=C57-1
Added Pin To Net: NetName=BST_REG_OUT Pin=C58-1
Added Pin To Net: NetName=BST_REG_OUT Pin=C59-1
Added Pin To Net: NetName=BST_REG_OUT Pin=C60-1
Added Pin To Net: NetName=BST_REG_OUT Pin=C61-1
Added Pin To Net: NetName=BST_REG_OUT Pin=C62-1
Added Pin To Net: NetName=NetC67_1 Pin=C64-1
Added Pin To Net: NetName=GND Pin=C64-2
Added Pin To Net: NetName=NetC67_1 Pin=C65-1
Added Pin To Net: NetName=GND Pin=C65-2
Added Pin To Net: NetName=NetC67_1 Pin=C66-1
Added Pin To Net: NetName=GND Pin=C66-2
Added Pin To Net: NetName=NetC67_1 Pin=C67-1
Added Pin To Net: NetName=GND Pin=C67-2
Added Pin To Net: NetName=BST_REG_OUT Pin=C68-1
Added Pin To Net: NetName=BST_REG_OUT Pin=C69-1
Added Pin To Net: NetName=BST_REG_OUT Pin=C70-1
Added Pin To Net: NetName=BST_REG_OUT Pin=C71-1
Added Pin To Net: NetName=BST_REG_OUT Pin=C72-1
Added Pin To Net: NetName=BST_REG_OUT Pin=C73-1
Added Pin To Net: NetName=BST_REG_OUT Pin=C74-1
Added Pin To Net: NetName=BST_REG_OUT Pin=C75-1
Added Pin To Net: NetName=BST_REG_OUT Pin=C76-1
Added Pin To Net: NetName=BST_REG_OUT Pin=C102-1
Added Pin To Net: NetName=GND Pin=C103-2
Added Pin To Net: NetName=3V3 Pin=C104-1
Added Pin To Net: NetName=GND Pin=C104-2
Added Pin To Net: NetName=GND Pin=C105-2
Added Pin To Net: NetName=GND Pin=C106-2
Added Pin To Net: NetName=GND Pin=C107-2
Added Pin To Net: NetName=GND Pin=C108-2
Added Pin To Net: NetName=NetD8_1 Pin=D8-1
Added Pin To Net: NetName=GND Pin=D8-2
Added Pin To Net: NetName=NetL3_1 Pin=L3-1
Added Pin To Net: NetName=BST_REG_OUT Pin=Q6-4
Added Pin To Net: NetName=NetQ9_1 Pin=Q9-1
Added Pin To Net: NetName=GND Pin=Q9-3
Added Pin To Net: NetName=NetC67_1 Pin=R85-1
Added Pin To Net: NetName=NetL3_1 Pin=R85-2
Added Pin To Net: NetName=NetL3_1 Pin=R86-1
Added Pin To Net: NetName=NetR87_2 Pin=R87-2
Added Pin To Net: NetName=3V3 Pin=R88-1
Added Pin To Net: NetName=NetR89_1 Pin=R89-1
Added Pin To Net: NetName=NetR91_1 Pin=R91-1
Added Pin To Net: NetName=3V3 Pin=R91-2
Added Pin To Net: NetName=GND Pin=R93-2
Added Pin To Net: NetName=GND Pin=R94-2
Added Pin To Net: NetName=BST_REG_OUT Pin=R105-1
Added Pin To Net: NetName=NetD8_1 Pin=R105-2
Added Pin To Net: NetName=NetD8_1 Pin=R106-1
Added Pin To Net: NetName=GND Pin=R106-2
Added Pin To Net: NetName=NetC67_1 Pin=U14-1
Added Pin To Net: NetName=BST_REG_OUT Pin=U14-3
Added Pin To Net: NetName=NetR91_1 Pin=U14-4
Added Pin To Net: NetName=NetC67_1 Pin=U14-8
Added Pin To Net: NetName=GND Pin=U14-10
Added Pin To Net: NetName=NetQ9_1 Pin=U14-11
Added Pin To Net: NetName=NetR89_1 Pin=U14-12
Added Pin To Net: NetName=GND Pin=U14-14
Added Pin To Net: NetName=GND Pin=U14-19
Added Pin To Net: NetName=GND Pin=U14-21
Added Pin To Net: NetName=BST_REG_OUT Pin=U15-1
Added Pin To Net: NetName=BST_REG_OUT Pin=U15-2
Added Pin To Net: NetName=AMP_36V Pin=U15-3
Added Pin To Net: NetName=AMP_36V Pin=U15-4
Added Pin To Net: NetName=GND Pin=U15-5
Added Pin To Net: NetName=NetU15_7 Pin=U15-7
Added Pin To Net: NetName=3V3 Pin=U15-8
Change Net Name : Old Net Name=NetC67_1 New Net Name=NetC52_1
Added Pin To Net: NetName=HO Pin=Q6-1
Added Pin To Net: NetName=HO Pin=U14-5
Added Net: Name=HO
Added Pin To Net: NetName=NetC52_2 Pin=C52-2
Added Pin To Net: NetName=NetC52_2 Pin=R86-2
Added Pin To Net: NetName=NetC52_2 Pin=U14-2
Added Net: Name=NetC52_2
Added Pin To Net: NetName=NetC53_2 Pin=C53-2
Added Pin To Net: NetName=NetC53_2 Pin=C54-2
Added Pin To Net: NetName=NetC53_2 Pin=C55-2
Added Pin To Net: NetName=NetC53_2 Pin=C56-2
Added Pin To Net: NetName=NetC53_2 Pin=C57-2
Added Pin To Net: NetName=NetC53_2 Pin=C58-2
Added Net: Name=NetC53_2
Added Pin To Net: NetName=NetC59_2 Pin=C59-2
Added Pin To Net: NetName=NetC59_2 Pin=C60-2
Added Pin To Net: NetName=NetC59_2 Pin=C61-2
Added Pin To Net: NetName=NetC59_2 Pin=C62-2
Added Net: Name=NetC59_2
Added Pin To Net: NetName=NetC63_1 Pin=C63-1
Added Pin To Net: NetName=NetC63_1 Pin=L3-2
Added Pin To Net: NetName=NetC63_1 Pin=Q6-3
Added Pin To Net: NetName=NetC63_1 Pin=Q9-4
Added Pin To Net: NetName=NetC63_1 Pin=U14-6
Added Net: Name=NetC63_1
Added Pin To Net: NetName=NetC63_2 Pin=C63-2
Added Pin To Net: NetName=NetC63_2 Pin=U14-7
Added Net: Name=NetC63_2
Added Pin To Net: NetName=NetC68_2 Pin=C68-2
Added Pin To Net: NetName=NetC68_2 Pin=C69-2
Added Pin To Net: NetName=NetC68_2 Pin=C70-2
Added Pin To Net: NetName=NetC68_2 Pin=C71-2
Added Pin To Net: NetName=NetC68_2 Pin=C72-2
Added Pin To Net: NetName=NetC68_2 Pin=C73-2
Added Net: Name=NetC68_2
Added Pin To Net: NetName=NetC74_2 Pin=C74-2
Added Pin To Net: NetName=NetC74_2 Pin=C75-2
Added Pin To Net: NetName=NetC74_2 Pin=C76-2
Added Pin To Net: NetName=NetC74_2 Pin=C102-2
Added Net: Name=NetC74_2
Added Pin To Net: NetName=NetC103_1 Pin=C103-1
Added Pin To Net: NetName=NetC103_1 Pin=R89-2
Added Pin To Net: NetName=NetC103_1 Pin=U14-9
Added Net: Name=NetC103_1
Added Pin To Net: NetName=NetC105_1 Pin=C105-1
Added Pin To Net: NetName=NetC105_1 Pin=U14-17
Added Net: Name=NetC105_1
Added Pin To Net: NetName=NetC106_1 Pin=C106-1
Added Pin To Net: NetName=NetC106_1 Pin=R90-1
Added Pin To Net: NetName=NetC106_1 Pin=U14-20
Added Net: Name=NetC106_1
Added Pin To Net: NetName=NetC107_1 Pin=C107-1
Added Pin To Net: NetName=NetC107_1 Pin=R90-2
Added Net: Name=NetC107_1
Added Pin To Net: NetName=NetC108_1 Pin=C108-1
Added Pin To Net: NetName=NetC108_1 Pin=R92-1
Added Pin To Net: NetName=NetC108_1 Pin=U14-16
Added Net: Name=NetC108_1
Added Pin To Net: NetName=NetR87_1 Pin=R87-1
Added Pin To Net: NetName=NetR87_1 Pin=U14-13
Added Net: Name=NetR87_1
Added Pin To Net: NetName=NetR88_2 Pin=R88-2
Added Pin To Net: NetName=NetR88_2 Pin=U15-6
Added Net: Name=NetR88_2
Added Pin To Net: NetName=NetR92_2 Pin=R92-2
Added Pin To Net: NetName=NetR92_2 Pin=R94-1
Added Pin To Net: NetName=NetR92_2 Pin=U14-18
Added Net: Name=NetR92_2
Added Pin To Net: NetName=NetR93_1 Pin=R93-1
Added Pin To Net: NetName=NetR93_1 Pin=U14-15
Added Net: Name=NetR93_1
Added Member To Class: ClassName=AMP_REG_0 Member=Component C52 100p
Added Member To Class: ClassName=AMP_REG_0 Member=Component C53 CGA9P3X7S2A156M250KB
Added Member To Class: ClassName=AMP_REG_0 Member=Component C54 CGA9P3X7S2A156M250KB
Added Member To Class: ClassName=AMP_REG_0 Member=Component C55 CGA9P3X7S2A156M250KB
Added Member To Class: ClassName=AMP_REG_0 Member=Component C56 CGA9P3X7S2A156M250KB
Added Member To Class: ClassName=AMP_REG_0 Member=Component C57 CGA9P3X7S2A156M250KB
Added Member To Class: ClassName=AMP_REG_0 Member=Component C58 CGA9P3X7S2A156M250KB
Added Member To Class: ClassName=AMP_REG_0 Member=Component C59 C5750X7R2A335K230KA
Added Member To Class: ClassName=AMP_REG_0 Member=Component C60 C5750X7R2A335K230KA
Added Member To Class: ClassName=AMP_REG_0 Member=Component C61 C5750X7R2A335K230KA
Added Member To Class: ClassName=AMP_REG_0 Member=Component C62 C5750X7R2A335K230KA
Added Member To Class: ClassName=AMP_REG_0 Member=Component C63 100n
Added Member To Class: ClassName=AMP_REG_0 Member=Component C64 CKG57NX5R1H226M500JH
Added Member To Class: ClassName=AMP_REG_0 Member=Component C65 CKG57NX5R1H226M500JH
Added Member To Class: ClassName=AMP_REG_0 Member=Component C66 HMK325B7105KN-T
Added Member To Class: ClassName=AMP_REG_0 Member=Component C67 1u
Added Member To Class: ClassName=AMP_REG_0 Member=Component C68 CGA9P3X7S2A156M250KB
Added Member To Class: ClassName=AMP_REG_0 Member=Component C69 CGA9P3X7S2A156M250KB
Added Member To Class: ClassName=AMP_REG_0 Member=Component C70 CGA9P3X7S2A156M250KB
Added Member To Class: ClassName=AMP_REG_0 Member=Component C71 CGA9P3X7S2A156M250KB
Added Member To Class: ClassName=AMP_REG_0 Member=Component C72 CGA9P3X7S2A156M250KB
Added Member To Class: ClassName=AMP_REG_0 Member=Component C73 CGA9P3X7S2A156M250KB
Added Member To Class: ClassName=AMP_REG_0 Member=Component C74 C5750X7R2A335K230KA
Added Member To Class: ClassName=AMP_REG_0 Member=Component C75 C5750X7R2A335K230KA
Added Member To Class: ClassName=AMP_REG_0 Member=Component C76 C5750X7R2A335K230KA
Added Member To Class: ClassName=AMP_REG_0 Member=Component C102 C5750X7R2A335K230KA
Added Member To Class: ClassName=AMP_REG_0 Member=Component C103 4.7u
Added Member To Class: ClassName=AMP_REG_0 Member=Component C104 100n
Added Member To Class: ClassName=AMP_REG_0 Member=Component C105 330n
Added Member To Class: ClassName=AMP_REG_0 Member=Component C106 680p
Added Member To Class: ClassName=AMP_REG_0 Member=Component C107 100n
Added Member To Class: ClassName=AMP_REG_0 Member=Component C108 470p
Added Member To Class: ClassName=AMP_REG_0 Member=Component D8 MM5Z3V3T1G
Added Member To Class: ClassName=AMP_REG_0 Member=Component L3 PM5433.302NLT
Added Member To Class: ClassName=AMP_REG_0 Member=Component Q6 SUD80460E-GE3
Added Member To Class: ClassName=AMP_REG_0 Member=Component Q9 SUD80460E-GE3
Added Member To Class: ClassName=AMP_REG_0 Member=Component R85 KRL6432E-M-R002-G-T1
Added Member To Class: ClassName=AMP_REG_0 Member=Component R86 100
Added Member To Class: ClassName=AMP_REG_0 Member=Component R87 1k
Added Member To Class: ClassName=AMP_REG_0 Member=Component R88 100k
Added Member To Class: ClassName=AMP_REG_0 Member=Component R89 0402 JUMPER
Added Member To Class: ClassName=AMP_REG_0 Member=Component R90 3.16k
Added Member To Class: ClassName=AMP_REG_0 Member=Component R91 100k
Added Member To Class: ClassName=AMP_REG_0 Member=Component R92 5.76k
Added Member To Class: ClassName=AMP_REG_0 Member=Component R93 50k
Added Member To Class: ClassName=AMP_REG_0 Member=Component R94 28.7k
Added Member To Class: ClassName=AMP_REG_0 Member=Component R105 100k
Added Member To Class: ClassName=AMP_REG_0 Member=Component R106 5.1k
Added Member To Class: ClassName=AMP_REG_0 Member=Component U14 LM51231QRGRRQ1
Added Member To Class: ClassName=AMP_REG_0 Member=Component U15 ACS711KLCTR-12AB-T
Added Room: Name=AMP_REG_0
