Removed Pin From Net: NetName=PWR_IN_12V_REG_0 Pin=C16-1
Removed Pin From Net: NetName=GND Pin=C18-1
Removed Pin From Net: NetName=X_N Pin=C18-2
Removed Pin From Net: NetName=GND Pin=C19-1
Removed Pin From Net: NetName=X_P Pin=C19-2
Removed Pin From Net: NetName=GND Pin=C20-1
Removed Pin From Net: NetName=X32_P Pin=C20-2
Removed Pin From Net: NetName=GND Pin=C21-1
Removed Pin From Net: NetName=X32_N Pin=C21-2
Removed Pin From Net: NetName=3V3 Pin=C22-1
Removed Pin From Net: NetName=BOOT Pin=C22-2
Removed Pin From Net: NetName=GND Pin=C23-1
Removed Pin From Net: NetName=RESETN Pin=C23-2
Removed Pin From Net: NetName=GND Pin=C24-1
Removed Pin From Net: NetName=3V3 Pin=C24-2
Removed Pin From Net: NetName=GND Pin=C25-1
Removed Pin From Net: NetName=3V3 Pin=C25-2
Removed Pin From Net: NetName=GND Pin=C26-1
Removed Pin From Net: NetName=3V3 Pin=C26-2
Removed Pin From Net: NetName=GND Pin=C27-1
Removed Pin From Net: NetName=3V3 Pin=C27-2
Removed Pin From Net: NetName=GND Pin=C28-1
Removed Pin From Net: NetName=3V3 Pin=C28-2
Removed Pin From Net: NetName=GND Pin=C29-1
Removed Pin From Net: NetName=3V3 Pin=C29-2
Removed Pin From Net: NetName=GND Pin=C30-1
Removed Pin From Net: NetName=VDDA Pin=C30-2
Removed Pin From Net: NetName=GND Pin=C31-1
Removed Pin From Net: NetName=VDDA Pin=C31-2
Removed Pin From Net: NetName=GND Pin=C32-1
Removed Pin From Net: NetName=GND Pin=C33-1
Removed Pin From Net: NetName=GND Pin=C34-1
Removed Pin From Net: NetName=GND Pin=C35-1
Removed Pin From Net: NetName=GND Pin=C36-1
Removed Pin From Net: NetName=3V3 Pin=C36-2
Removed Pin From Net: NetName=GND Pin=C37-1
Removed Pin From Net: NetName=3V3 Pin=C37-2
Removed Pin From Net: NetName=GND Pin=C38-1
Removed Pin From Net: NetName=VDDA Pin=C38-2
Removed Pin From Net: NetName=GND Pin=C39-1
Removed Pin From Net: NetName=VDDA Pin=C39-2
Removed Pin From Net: NetName=PWR_IN_12V_REG_0 Pin=C40_12V_REG_0-2
Removed Pin From Net: NetName=PWR_IN_12V_REG_0 Pin=C40_12V_REG_1-2
Removed Pin From Net: NetName=PWR_IN_12V_REG_0 Pin=C40_12V_REG_2-2
Removed Pin From Net: NetName=PWR_IN_12V_REG_0 Pin=C41_12V_REG_0-2
Removed Pin From Net: NetName=PWR_IN_12V_REG_0 Pin=C41_12V_REG_1-2
Removed Pin From Net: NetName=PWR_IN_12V_REG_0 Pin=C41_12V_REG_2-2
Removed Pin From Net: NetName=PWR_IN_12V_REG_0 Pin=C42_12V_REG_0-2
Removed Pin From Net: NetName=PWR_IN_12V_REG_0 Pin=C42_12V_REG_1-2
Removed Pin From Net: NetName=PWR_IN_12V_REG_0 Pin=C42_12V_REG_2-2
Removed Pin From Net: NetName=12V_FB_12V_REG_0 Pin=D7_12V_REG_0-2
Removed Pin From Net: NetName=3V3 Pin=D7_12V_REG_0-3
Removed Pin From Net: NetName=12V_FB_12V_REG_1 Pin=D7_12V_REG_1-2
Removed Pin From Net: NetName=3V3 Pin=D7_12V_REG_1-3
Removed Pin From Net: NetName=12V_FB_12V_REG_2 Pin=D7_12V_REG_2-2
Removed Pin From Net: NetName=3V3 Pin=D7_12V_REG_2-3
Removed Pin From Net: NetName=EXT_IN_0 Pin=D8_BYPASS_0-2
Removed Pin From Net: NetName=EXT_IN_1 Pin=D8_BYPASS_1-2
Removed Pin From Net: NetName=EXT_IN_2 Pin=D8_BYPASS_2-2
Removed Pin From Net: NetName=EXT_IN_3 Pin=D8_BYPASS_3-2
Removed Pin From Net: NetName=PWR_IN Pin=F1-1
Removed Pin From Net: NetName=PRE_VCC Pin=Q2-1
Removed Pin From Net: NetName=PRE_VCC Pin=Q2-2
Removed Pin From Net: NetName=PRE_VCC Pin=Q2-3
Removed Pin From Net: NetName=RP_MOS_LINK Pin=Q2-4
Removed Pin From Net: NetName=GATE_BYPASS_0 Pin=Q8_BYPASS_0-4
Removed Pin From Net: NetName=NetD8_BYPASS_0_1 Pin=Q8_BYPASS_0-5-6-7-8
Removed Pin From Net: NetName=GATE_BYPASS_1 Pin=Q8_BYPASS_1-4
Removed Pin From Net: NetName=NetD8_BYPASS_1_1 Pin=Q8_BYPASS_1-5-6-7-8
Removed Pin From Net: NetName=GATE_BYPASS_2 Pin=Q8_BYPASS_2-4
Removed Pin From Net: NetName=NetD8_BYPASS_2_1 Pin=Q8_BYPASS_2-5-6-7-8
Removed Pin From Net: NetName=GATE_BYPASS_3 Pin=Q8_BYPASS_3-4
Removed Pin From Net: NetName=NetD8_BYPASS_3_1 Pin=Q8_BYPASS_3-5-6-7-8
Removed Pin From Net: NetName=GND Pin=R28-1
Removed Pin From Net: NetName=RP_MOS_LINK Pin=R28-2
Removed Pin From Net: NetName=PWR_IN_12V_REG_0 Pin=R29-2
Removed Pin From Net: NetName=5V Pin=R39-2
Removed Pin From Net: NetName=GND Pin=R40-1
Removed Pin From Net: NetName=GND Pin=R54_12V_REG_0-1
Removed Pin From Net: NetName=GND Pin=R54_12V_REG_1-1
Removed Pin From Net: NetName=GND Pin=R54_12V_REG_2-1
Removed Pin From Net: NetName=I_nFAULT_12V_REG_0 Pin=R55_12V_REG_0-1
Removed Pin From Net: NetName=I_nFAULT_12V_REG_1 Pin=R55_12V_REG_1-1
Removed Pin From Net: NetName=I_nFAULT_12V_REG_2 Pin=R55_12V_REG_2-1
Removed Pin From Net: NetName=GATE_BYPASS_0 Pin=R59_BYPASS_0-1
Removed Pin From Net: NetName=GND Pin=R59_BYPASS_0-2
Removed Pin From Net: NetName=GATE_BYPASS_1 Pin=R59_BYPASS_1-1
Removed Pin From Net: NetName=GND Pin=R59_BYPASS_1-2
Removed Pin From Net: NetName=GATE_BYPASS_2 Pin=R59_BYPASS_2-1
Removed Pin From Net: NetName=GND Pin=R59_BYPASS_2-2
Removed Pin From Net: NetName=GATE_BYPASS_3 Pin=R59_BYPASS_3-1
Removed Pin From Net: NetName=GND Pin=R59_BYPASS_3-2
Removed Pin From Net: NetName=PWR_IN_12V_REG_0 Pin=U7-3
Removed Pin From Net: NetName=PWR_IN_12V_REG_0 Pin=U7-4
Removed Pin From Net: NetName=PWR_IN_12V_REG_0 Pin=U9-3
Removed Pin From Net: NetName=PWR_IN_12V_REG_0 Pin=U11_12V_REG_0-2
Removed Pin From Net: NetName=PWR_IN_12V_REG_0 Pin=U11_12V_REG_1-2
Removed Pin From Net: NetName=PWR_IN_12V_REG_0 Pin=U11_12V_REG_2-2
Removed Member From Class: ClassName=12V_REG_0 Member=D7_12V_REG_0
Removed Member From Class: ClassName=12V_REG_1 Member=D7_12V_REG_1
Removed Member From Class: ClassName=12V_REG_2 Member=D7_12V_REG_2
Removed Member From Class: ClassName=PWR_MGMT Member=F1
Removed Member From Class: ClassName=BYPASS_0 Member=Q9_BYPASS_0
Removed Member From Class: ClassName=BYPASS_1 Member=Q9_BYPASS_1
Removed Member From Class: ClassName=BYPASS_2 Member=Q9_BYPASS_2
Removed Member From Class: ClassName=BYPASS_3 Member=Q9_BYPASS_3
Removed Member From Class: ClassName=PWR_MGMT Member=R38
Removed Member From Class: ClassName=PWR_MGMT Member=R39
Removed Member From Class: ClassName=PWR_MGMT Member=R40
Removed Member From Class: ClassName=12V_REG_0 Member=R54_12V_REG_0
Removed Member From Class: ClassName=12V_REG_1 Member=R54_12V_REG_1
Removed Member From Class: ClassName=12V_REG_2 Member=R54_12V_REG_2
Removed Member From Class: ClassName=12V_REG_0 Member=R55_12V_REG_0
Removed Member From Class: ClassName=12V_REG_1 Member=R55_12V_REG_1
Removed Member From Class: ClassName=12V_REG_2 Member=R55_12V_REG_2
Removed Member From Class: ClassName=BYPASS_0 Member=R61_BYPASS_0
Removed Member From Class: ClassName=BYPASS_1 Member=R61_BYPASS_1
Removed Member From Class: ClassName=BYPASS_2 Member=R61_BYPASS_2
Removed Member From Class: ClassName=BYPASS_3 Member=R61_BYPASS_3
Change Component Footprint: Designator=C18 Old Footprint=C0402B New Footprint=FP-0402-L_1_0_0_05-W_0_5-IPC_A
Change Component Footprint: Designator=C19 Old Footprint=C0402B New Footprint=FP-0402-L_1_0_0_05-W_0_5-IPC_A
Change Component Footprint: Designator=C20 Old Footprint=C0402B New Footprint=FP-0402-L_1_0_0_05-W_0_5-IPC_A
Change Component Footprint: Designator=C21 Old Footprint=C0402B New Footprint=FP-0402-L_1_0_0_05-W_0_5-IPC_A
Change Component Footprint: Designator=C22 Old Footprint=C0402B New Footprint=FP-0402-L_1_0_0_05-W_0_5-IPC_A
Change Component Footprint: Designator=C23 Old Footprint=C0402B New Footprint=FP-0402-L_1_0_0_05-W_0_5-IPC_A
Change Component Footprint: Designator=C24 Old Footprint=C0402B New Footprint=FP-0402-L_1_0_0_05-W_0_5-IPC_A
Change Component Footprint: Designator=C25 Old Footprint=C0402B New Footprint=FP-0402-L_1_0_0_05-W_0_5-IPC_A
Change Component Footprint: Designator=C26 Old Footprint=C0402B New Footprint=FP-0402-L_1_0_0_05-W_0_5-IPC_A
Change Component Footprint: Designator=C27 Old Footprint=C0402B New Footprint=FP-0402-L_1_0_0_05-W_0_5-IPC_A
Change Component Footprint: Designator=C28 Old Footprint=C0402B New Footprint=FP-0402-L_1_0_0_05-W_0_5-IPC_A
Change Component Footprint: Designator=C29 Old Footprint=C0402B New Footprint=FP-0402-L_1_0_0_05-W_0_5-IPC_A
Change Component Footprint: Designator=C30 Old Footprint=C0402B New Footprint=FP-0402-L_1_0_0_05-W_0_5-IPC_A
Change Component Footprint: Designator=C31 Old Footprint=C0402B New Footprint=FP-0402-L_1_0_0_05-W_0_5-IPC_A
Change Component Footprint: Designator=C32 Old Footprint=C0402B New Footprint=FP-0402-L_1_0_0_05-W_0_5-IPC_A
Change Component Footprint: Designator=C33 Old Footprint=C0402B New Footprint=FP-0402-L_1_0_0_05-W_0_5-IPC_A
Change Component Footprint: Designator=C34 Old Footprint=C0402B New Footprint=FP-0402-L_1_0_0_05-W_0_5-IPC_A
Change Component Footprint: Designator=C35 Old Footprint=C0402B New Footprint=FP-0402-L_1_0_0_05-W_0_5-IPC_A
Change Component Footprint: Designator=C36 Old Footprint=C0402B New Footprint=FP-0402-L_1_0_0_05-W_0_5-IPC_A
Change Component Footprint: Designator=C37 Old Footprint=C0402B New Footprint=FP-0402-L_1_0_0_05-W_0_5-IPC_A
Change Component Footprint: Designator=C38 Old Footprint=C0402B New Footprint=FP-0402-L_1_0_0_05-W_0_5-IPC_A
Change Component Footprint: Designator=C39 Old Footprint=C0402B New Footprint=FP-0402-L_1_0_0_05-W_0_5-IPC_A
Change Component Footprint: Designator=F1 Old Footprint=FP-0679L-MFG New Footprint=0ZCH0075AF2E-Footprint-1
Change Component Footprint: Designator=FB1 Old Footprint=FP-BLM15-0_05-IPC_A New Footprint=FP-BLM15-0_05-MFG
Change Component Comment : Designator=R7_12V_REG_0 Old Comment=2.7k New Comment=24k
Change Component Comment : Designator=R7_12V_REG_1 Old Comment=2.7k New Comment=24k
Change Component Comment : Designator=R7_12V_REG_2 Old Comment=2.7k New Comment=24k
Change Component Comment : Designator=R24_MOSFET_BANK_0 Old Comment=2.7k New Comment=24k
Change Component Comment : Designator=R24_MOSFET_BANK_1 Old Comment=2.7k New Comment=24k
Change Component Comment : Designator=R24_MOSFET_BANK_2 Old Comment=2.7k New Comment=24k
Change Component Comment : Designator=R24_MOSFET_BANK_3 Old Comment=2.7k New Comment=24k
Change Component Comment : Designator=R25_MOSFET_BANK_0 Old Comment=2.7k New Comment=24k
Change Component Comment : Designator=R25_MOSFET_BANK_1 Old Comment=2.7k New Comment=24k
Change Component Comment : Designator=R25_MOSFET_BANK_2 Old Comment=2.7k New Comment=24k
Change Component Comment : Designator=R25_MOSFET_BANK_3 Old Comment=2.7k New Comment=24k
Change Component Comment : Designator=R26_MOSFET_BANK_0 Old Comment=2.7k New Comment=24k
Change Component Comment : Designator=R26_MOSFET_BANK_1 Old Comment=2.7k New Comment=24k
Change Component Comment : Designator=R26_MOSFET_BANK_2 Old Comment=2.7k New Comment=24k
Change Component Comment : Designator=R26_MOSFET_BANK_3 Old Comment=2.7k New Comment=24k
Change Component Comment : Designator=R27_MOSFET_BANK_0 Old Comment=2.7k New Comment=24k
Change Component Comment : Designator=R27_MOSFET_BANK_1 Old Comment=2.7k New Comment=24k
Change Component Comment : Designator=R27_MOSFET_BANK_2 Old Comment=2.7k New Comment=24k
Change Component Comment : Designator=R27_MOSFET_BANK_3 Old Comment=2.7k New Comment=24k
Change Component Comment : Designator=C24 Old Comment=4.7u New Comment=100n
Change Component Comment : Designator=R5_12V_REG_0 Old Comment=10k New Comment=100k
Change Component Comment : Designator=R5_12V_REG_1 Old Comment=10k New Comment=100k
Change Component Comment : Designator=R5_12V_REG_2 Old Comment=10k New Comment=100k
Change Component Comment : Designator=R20_MOSFET_BANK_0 Old Comment=10k New Comment=100k
Change Component Comment : Designator=R20_MOSFET_BANK_1 Old Comment=10k New Comment=100k
Change Component Comment : Designator=R20_MOSFET_BANK_2 Old Comment=10k New Comment=100k
Change Component Comment : Designator=R20_MOSFET_BANK_3 Old Comment=10k New Comment=100k
Change Component Comment : Designator=R21_MOSFET_BANK_0 Old Comment=10k New Comment=100k
Change Component Comment : Designator=R21_MOSFET_BANK_1 Old Comment=10k New Comment=100k
Change Component Comment : Designator=R21_MOSFET_BANK_2 Old Comment=10k New Comment=100k
Change Component Comment : Designator=R21_MOSFET_BANK_3 Old Comment=10k New Comment=100k
Change Component Comment : Designator=R22_MOSFET_BANK_0 Old Comment=10k New Comment=100k
Change Component Comment : Designator=R22_MOSFET_BANK_1 Old Comment=10k New Comment=100k
Change Component Comment : Designator=R22_MOSFET_BANK_2 Old Comment=10k New Comment=100k
Change Component Comment : Designator=R22_MOSFET_BANK_3 Old Comment=10k New Comment=100k
Change Component Comment : Designator=R23_MOSFET_BANK_0 Old Comment=10k New Comment=100k
Change Component Comment : Designator=R23_MOSFET_BANK_1 Old Comment=10k New Comment=100k
Change Component Comment : Designator=R23_MOSFET_BANK_2 Old Comment=10k New Comment=100k
Change Component Comment : Designator=R23_MOSFET_BANK_3 Old Comment=10k New Comment=100k
Change Component Comment : Designator=F1 Old Comment=0679L9100-05 New Comment=0ZCH0075AF2E
Change Component Designator: OldDesignator=D8_BYPASS_0 NewDesignator=D7_BYPASS_0
Change Component Designator: OldDesignator=D8_BYPASS_1 NewDesignator=D7_BYPASS_1
Change Component Designator: OldDesignator=D8_BYPASS_2 NewDesignator=D7_BYPASS_2
Change Component Designator: OldDesignator=D8_BYPASS_3 NewDesignator=D7_BYPASS_3
Change Component Designator: OldDesignator=Q3 NewDesignator=Q2
Change Component Designator: OldDesignator=Q9_BYPASS_0 NewDesignator=Q8_BYPASS_0
Change Component Designator: OldDesignator=Q9_BYPASS_1 NewDesignator=Q8_BYPASS_1
Change Component Designator: OldDesignator=Q9_BYPASS_2 NewDesignator=Q8_BYPASS_2
Change Component Designator: OldDesignator=Q9_BYPASS_3 NewDesignator=Q8_BYPASS_3
Change Component Designator: OldDesignator=R2_MOSFET_BANK_0 NewDesignator=R3_MOSFET_BANK_0
Change Component Designator: OldDesignator=R2_MOSFET_BANK_1 NewDesignator=R3_MOSFET_BANK_1
Change Component Designator: OldDesignator=R2_MOSFET_BANK_2 NewDesignator=R3_MOSFET_BANK_2
Change Component Designator: OldDesignator=R2_MOSFET_BANK_3 NewDesignator=R3_MOSFET_BANK_3
Change Component Designator: OldDesignator=R3_MOSFET_BANK_0 NewDesignator=R2_MOSFET_BANK_0
Change Component Designator: OldDesignator=R3_MOSFET_BANK_1 NewDesignator=R2_MOSFET_BANK_1
Change Component Designator: OldDesignator=R3_MOSFET_BANK_2 NewDesignator=R2_MOSFET_BANK_2
Change Component Designator: OldDesignator=R3_MOSFET_BANK_3 NewDesignator=R2_MOSFET_BANK_3
Change Component Designator: OldDesignator=R5_12V_REG_0 NewDesignator=R47_12V_REG_0
Change Component Designator: OldDesignator=R5_12V_REG_1 NewDesignator=R47_12V_REG_1
Change Component Designator: OldDesignator=R5_12V_REG_2 NewDesignator=R47_12V_REG_2
Change Component Designator: OldDesignator=R6_MOSFET_BANK_0 NewDesignator=R5_MOSFET_BANK_0
Change Component Designator: OldDesignator=R6_MOSFET_BANK_1 NewDesignator=R5_MOSFET_BANK_1
Change Component Designator: OldDesignator=R6_MOSFET_BANK_2 NewDesignator=R5_MOSFET_BANK_2
Change Component Designator: OldDesignator=R6_MOSFET_BANK_3 NewDesignator=R5_MOSFET_BANK_3
Change Component Designator: OldDesignator=R7_12V_REG_0 NewDesignator=R49_12V_REG_0
Change Component Designator: OldDesignator=R7_12V_REG_1 NewDesignator=R49_12V_REG_1
Change Component Designator: OldDesignator=R7_12V_REG_2 NewDesignator=R49_12V_REG_2
Change Component Designator: OldDesignator=R8_MOSFET_BANK_0 NewDesignator=R6_MOSFET_BANK_0
Change Component Designator: OldDesignator=R8_MOSFET_BANK_1 NewDesignator=R6_MOSFET_BANK_1
Change Component Designator: OldDesignator=R8_MOSFET_BANK_2 NewDesignator=R6_MOSFET_BANK_2
Change Component Designator: OldDesignator=R8_MOSFET_BANK_3 NewDesignator=R6_MOSFET_BANK_3
Change Component Designator: OldDesignator=R11_MOSFET_BANK_0 NewDesignator=R7_MOSFET_BANK_0
Change Component Designator: OldDesignator=R11_MOSFET_BANK_1 NewDesignator=R7_MOSFET_BANK_1
Change Component Designator: OldDesignator=R11_MOSFET_BANK_2 NewDesignator=R7_MOSFET_BANK_2
Change Component Designator: OldDesignator=R11_MOSFET_BANK_3 NewDesignator=R7_MOSFET_BANK_3
Change Component Designator: OldDesignator=R12_MOSFET_BANK_0 NewDesignator=R8_MOSFET_BANK_0
Change Component Designator: OldDesignator=R12_MOSFET_BANK_1 NewDesignator=R8_MOSFET_BANK_1
Change Component Designator: OldDesignator=R12_MOSFET_BANK_2 NewDesignator=R8_MOSFET_BANK_2
Change Component Designator: OldDesignator=R12_MOSFET_BANK_3 NewDesignator=R8_MOSFET_BANK_3
Change Component Designator: OldDesignator=R13_MOSFET_BANK_0 NewDesignator=R11_MOSFET_BANK_0
Change Component Designator: OldDesignator=R13_MOSFET_BANK_1 NewDesignator=R11_MOSFET_BANK_1
Change Component Designator: OldDesignator=R13_MOSFET_BANK_2 NewDesignator=R11_MOSFET_BANK_2
Change Component Designator: OldDesignator=R13_MOSFET_BANK_3 NewDesignator=R11_MOSFET_BANK_3
Change Component Designator: OldDesignator=R14_MOSFET_BANK_0 NewDesignator=R12_MOSFET_BANK_0
Change Component Designator: OldDesignator=R14_MOSFET_BANK_1 NewDesignator=R12_MOSFET_BANK_1
Change Component Designator: OldDesignator=R14_MOSFET_BANK_2 NewDesignator=R12_MOSFET_BANK_2
Change Component Designator: OldDesignator=R14_MOSFET_BANK_3 NewDesignator=R12_MOSFET_BANK_3
Change Component Designator: OldDesignator=R15_MOSFET_BANK_0 NewDesignator=R13_MOSFET_BANK_0
Change Component Designator: OldDesignator=R15_MOSFET_BANK_1 NewDesignator=R13_MOSFET_BANK_1
Change Component Designator: OldDesignator=R15_MOSFET_BANK_2 NewDesignator=R13_MOSFET_BANK_2
Change Component Designator: OldDesignator=R15_MOSFET_BANK_3 NewDesignator=R13_MOSFET_BANK_3
Change Component Designator: OldDesignator=R16_MOSFET_BANK_0 NewDesignator=R14_MOSFET_BANK_0
Change Component Designator: OldDesignator=R16_MOSFET_BANK_1 NewDesignator=R14_MOSFET_BANK_1
Change Component Designator: OldDesignator=R16_MOSFET_BANK_2 NewDesignator=R14_MOSFET_BANK_2
Change Component Designator: OldDesignator=R16_MOSFET_BANK_3 NewDesignator=R14_MOSFET_BANK_3
Change Component Designator: OldDesignator=R17_MOSFET_BANK_0 NewDesignator=R15_MOSFET_BANK_0
Change Component Designator: OldDesignator=R17_MOSFET_BANK_1 NewDesignator=R15_MOSFET_BANK_1
Change Component Designator: OldDesignator=R17_MOSFET_BANK_2 NewDesignator=R15_MOSFET_BANK_2
Change Component Designator: OldDesignator=R17_MOSFET_BANK_3 NewDesignator=R15_MOSFET_BANK_3
Change Component Designator: OldDesignator=R18_MOSFET_BANK_0 NewDesignator=R16_MOSFET_BANK_0
Change Component Designator: OldDesignator=R18_MOSFET_BANK_1 NewDesignator=R16_MOSFET_BANK_1
Change Component Designator: OldDesignator=R18_MOSFET_BANK_2 NewDesignator=R16_MOSFET_BANK_2
Change Component Designator: OldDesignator=R18_MOSFET_BANK_3 NewDesignator=R16_MOSFET_BANK_3
Change Component Designator: OldDesignator=R19_MOSFET_BANK_0 NewDesignator=R17_MOSFET_BANK_0
Change Component Designator: OldDesignator=R19_MOSFET_BANK_1 NewDesignator=R17_MOSFET_BANK_1
Change Component Designator: OldDesignator=R19_MOSFET_BANK_2 NewDesignator=R17_MOSFET_BANK_2
Change Component Designator: OldDesignator=R19_MOSFET_BANK_3 NewDesignator=R17_MOSFET_BANK_3
Change Component Designator: OldDesignator=R20_MOSFET_BANK_0 NewDesignator=R18_MOSFET_BANK_0
Change Component Designator: OldDesignator=R20_MOSFET_BANK_1 NewDesignator=R18_MOSFET_BANK_1
Change Component Designator: OldDesignator=R20_MOSFET_BANK_2 NewDesignator=R18_MOSFET_BANK_2
Change Component Designator: OldDesignator=R20_MOSFET_BANK_3 NewDesignator=R18_MOSFET_BANK_3
Change Component Designator: OldDesignator=R21_MOSFET_BANK_0 NewDesignator=R19_MOSFET_BANK_0
Change Component Designator: OldDesignator=R21_MOSFET_BANK_1 NewDesignator=R19_MOSFET_BANK_1
Change Component Designator: OldDesignator=R21_MOSFET_BANK_2 NewDesignator=R19_MOSFET_BANK_2
Change Component Designator: OldDesignator=R21_MOSFET_BANK_3 NewDesignator=R19_MOSFET_BANK_3
Change Component Designator: OldDesignator=R22_MOSFET_BANK_0 NewDesignator=R20_MOSFET_BANK_0
Change Component Designator: OldDesignator=R22_MOSFET_BANK_1 NewDesignator=R20_MOSFET_BANK_1
Change Component Designator: OldDesignator=R22_MOSFET_BANK_2 NewDesignator=R20_MOSFET_BANK_2
Change Component Designator: OldDesignator=R22_MOSFET_BANK_3 NewDesignator=R20_MOSFET_BANK_3
Change Component Designator: OldDesignator=R23_MOSFET_BANK_0 NewDesignator=R21_MOSFET_BANK_0
Change Component Designator: OldDesignator=R23_MOSFET_BANK_1 NewDesignator=R21_MOSFET_BANK_1
Change Component Designator: OldDesignator=R23_MOSFET_BANK_2 NewDesignator=R21_MOSFET_BANK_2
Change Component Designator: OldDesignator=R23_MOSFET_BANK_3 NewDesignator=R21_MOSFET_BANK_3
Change Component Designator: OldDesignator=R24_MOSFET_BANK_0 NewDesignator=R22_MOSFET_BANK_0
Change Component Designator: OldDesignator=R24_MOSFET_BANK_1 NewDesignator=R22_MOSFET_BANK_1
Change Component Designator: OldDesignator=R24_MOSFET_BANK_2 NewDesignator=R22_MOSFET_BANK_2
Change Component Designator: OldDesignator=R24_MOSFET_BANK_3 NewDesignator=R22_MOSFET_BANK_3
Change Component Designator: OldDesignator=R25_MOSFET_BANK_0 NewDesignator=R23_MOSFET_BANK_0
Change Component Designator: OldDesignator=R25_MOSFET_BANK_1 NewDesignator=R23_MOSFET_BANK_1
Change Component Designator: OldDesignator=R25_MOSFET_BANK_2 NewDesignator=R23_MOSFET_BANK_2
Change Component Designator: OldDesignator=R25_MOSFET_BANK_3 NewDesignator=R23_MOSFET_BANK_3
Change Component Designator: OldDesignator=R26_MOSFET_BANK_0 NewDesignator=R24_MOSFET_BANK_0
Change Component Designator: OldDesignator=R26_MOSFET_BANK_1 NewDesignator=R24_MOSFET_BANK_1
Change Component Designator: OldDesignator=R26_MOSFET_BANK_2 NewDesignator=R24_MOSFET_BANK_2
Change Component Designator: OldDesignator=R26_MOSFET_BANK_3 NewDesignator=R24_MOSFET_BANK_3
Change Component Designator: OldDesignator=R27_MOSFET_BANK_0 NewDesignator=R25_MOSFET_BANK_0
Change Component Designator: OldDesignator=R27_MOSFET_BANK_1 NewDesignator=R25_MOSFET_BANK_1
Change Component Designator: OldDesignator=R27_MOSFET_BANK_2 NewDesignator=R25_MOSFET_BANK_2
Change Component Designator: OldDesignator=R27_MOSFET_BANK_3 NewDesignator=R25_MOSFET_BANK_3
Change Component Designator: OldDesignator=R30 NewDesignator=R31
Change Component Designator: OldDesignator=R31 NewDesignator=R28
Change Component Designator: OldDesignator=R32 NewDesignator=R30
Change Component Designator: OldDesignator=R33 NewDesignator=R32
Change Component Designator: OldDesignator=R34 NewDesignator=R33
Change Component Designator: OldDesignator=R35 NewDesignator=R34
Change Component Designator: OldDesignator=R36 NewDesignator=R35
Change Component Designator: OldDesignator=R37 NewDesignator=R36
Change Component Designator: OldDesignator=R38 NewDesignator=R37
Change Component Designator: OldDesignator=R41 NewDesignator=R38
Change Component Designator: OldDesignator=R42 NewDesignator=R39
Change Component Designator: OldDesignator=R43 NewDesignator=R40
Change Component Designator: OldDesignator=R44 NewDesignator=R41
Change Component Designator: OldDesignator=R45 NewDesignator=R42
Change Component Designator: OldDesignator=R46 NewDesignator=R43
Change Component Designator: OldDesignator=R47 NewDesignator=R44
Change Component Designator: OldDesignator=R48 NewDesignator=R45
Change Component Designator: OldDesignator=R49 NewDesignator=R46
Change Component Designator: OldDesignator=R50_12V_REG_0 NewDesignator=R48_12V_REG_0
Change Component Designator: OldDesignator=R50_12V_REG_1 NewDesignator=R48_12V_REG_1
Change Component Designator: OldDesignator=R50_12V_REG_2 NewDesignator=R48_12V_REG_2
Change Component Designator: OldDesignator=R51_12V_REG_0 NewDesignator=R50_12V_REG_0
Change Component Designator: OldDesignator=R51_12V_REG_1 NewDesignator=R50_12V_REG_1
Change Component Designator: OldDesignator=R51_12V_REG_2 NewDesignator=R50_12V_REG_2
Change Component Designator: OldDesignator=R52_12V_REG_0 NewDesignator=R51_12V_REG_0
Change Component Designator: OldDesignator=R52_12V_REG_1 NewDesignator=R51_12V_REG_1
Change Component Designator: OldDesignator=R52_12V_REG_2 NewDesignator=R51_12V_REG_2
Change Component Designator: OldDesignator=R56_BYPASS_0 NewDesignator=R54_BYPASS_0
Change Component Designator: OldDesignator=R56_BYPASS_1 NewDesignator=R54_BYPASS_1
Change Component Designator: OldDesignator=R56_BYPASS_2 NewDesignator=R54_BYPASS_2
Change Component Designator: OldDesignator=R56_BYPASS_3 NewDesignator=R54_BYPASS_3
Change Component Designator: OldDesignator=R57_BYPASS_0 NewDesignator=R55_BYPASS_0
Change Component Designator: OldDesignator=R57_BYPASS_1 NewDesignator=R55_BYPASS_1
Change Component Designator: OldDesignator=R57_BYPASS_2 NewDesignator=R55_BYPASS_2
Change Component Designator: OldDesignator=R57_BYPASS_3 NewDesignator=R55_BYPASS_3
Change Component Designator: OldDesignator=R58_BYPASS_0 NewDesignator=R56_BYPASS_0
Change Component Designator: OldDesignator=R58_BYPASS_1 NewDesignator=R56_BYPASS_1
Change Component Designator: OldDesignator=R58_BYPASS_2 NewDesignator=R56_BYPASS_2
Change Component Designator: OldDesignator=R58_BYPASS_3 NewDesignator=R56_BYPASS_3
Change Component Designator: OldDesignator=R60_BYPASS_0 NewDesignator=R58_BYPASS_0
Change Component Designator: OldDesignator=R60_BYPASS_1 NewDesignator=R58_BYPASS_1
Change Component Designator: OldDesignator=R60_BYPASS_2 NewDesignator=R58_BYPASS_2
Change Component Designator: OldDesignator=R60_BYPASS_3 NewDesignator=R58_BYPASS_3
Change Component Designator: OldDesignator=R61_BYPASS_0 NewDesignator=R59_BYPASS_0
Change Component Designator: OldDesignator=R61_BYPASS_1 NewDesignator=R59_BYPASS_1
Change Component Designator: OldDesignator=R61_BYPASS_2 NewDesignator=R59_BYPASS_2
Change Component Designator: OldDesignator=R61_BYPASS_3 NewDesignator=R59_BYPASS_3
Change Component Designator: OldDesignator=R62 NewDesignator=R60
Change Component Designator: OldDesignator=R63 NewDesignator=R61
Change Component Designator: OldDesignator=R64 NewDesignator=R62
Change Component Designator: OldDesignator=R65 NewDesignator=R63
Change Component Designator: OldDesignator=R66 NewDesignator=R64
Change Component Designator: OldDesignator=R67 NewDesignator=R65
Change Component Designator: OldDesignator=R68 NewDesignator=R66
Change Component Designator: OldDesignator=R69 NewDesignator=R67
Change Component Designator: OldDesignator=R70 NewDesignator=R68
Change Component Designator: OldDesignator=R71 NewDesignator=R69
Change Component Designator: OldDesignator=R72 NewDesignator=R70
Change Component Designator: OldDesignator=R73 NewDesignator=R71
Change Component Designator: OldDesignator=R74 NewDesignator=R72
Change Component Designator: OldDesignator=R75 NewDesignator=R73
Change Component Designator: OldDesignator=R76 NewDesignator=R74
Change Component Designator: OldDesignator=R77 NewDesignator=R75
Change Component Designator: OldDesignator=R78 NewDesignator=R76
Change Component Designator: OldDesignator=R79 NewDesignator=R77
Change Component Designator: OldDesignator=R80 NewDesignator=R78
Change Component Designator: OldDesignator=R81 NewDesignator=R79
Change Component Designator: OldDesignator=R82 NewDesignator=R80
Change Component Designator: OldDesignator=R83 NewDesignator=R81
Change Component Designator: OldDesignator=R84 NewDesignator=R82
Change Component Designator: OldDesignator=R85 NewDesignator=R83
Change Component Designator: OldDesignator=R86 NewDesignator=R84
Change Component Designator: OldDesignator=R87_12V_REG_0 NewDesignator=R52_12V_REG_0
Change Component Designator: OldDesignator=R87_12V_REG_1 NewDesignator=R52_12V_REG_1
Change Component Designator: OldDesignator=R87_12V_REG_2 NewDesignator=R52_12V_REG_2
Change Component Designator: OldDesignator=U2_MOSFET_BANK_0 NewDesignator=U3_MOSFET_BANK_0
Change Component Designator: OldDesignator=U2_MOSFET_BANK_1 NewDesignator=U3_MOSFET_BANK_1
Change Component Designator: OldDesignator=U2_MOSFET_BANK_2 NewDesignator=U3_MOSFET_BANK_2
Change Component Designator: OldDesignator=U2_MOSFET_BANK_3 NewDesignator=U3_MOSFET_BANK_3
Change Component Designator: OldDesignator=U3_MOSFET_BANK_0 NewDesignator=U2_MOSFET_BANK_0
Change Component Designator: OldDesignator=U3_MOSFET_BANK_1 NewDesignator=U2_MOSFET_BANK_1
Change Component Designator: OldDesignator=U3_MOSFET_BANK_2 NewDesignator=U2_MOSFET_BANK_2
Change Component Designator: OldDesignator=U3_MOSFET_BANK_3 NewDesignator=U2_MOSFET_BANK_3
Change Managed Component Library Link : Designator=C18 Old VaultGUID=275DD9A0-BDD9-47D7-8C38-F690E90B05B9 New VaultGUID=275DD9A0-BDD9-47D7-8C38-F690E90B05B9 Old ItemGUID=3c324fe4-7474-4847-a7be-a3b5549c88b7 New ItemGUID=43a49740-5c66-4506-9ea2-07741095c73f Old RevisionGUID=baaf2002-d6a3-4324-8ebc-f49e84a3a7d0 New RevisionGUID=687d763b-7f8a-412e-93a6-e138853d33ff
Change Managed Component Library Link : Designator=C19 Old VaultGUID=275DD9A0-BDD9-47D7-8C38-F690E90B05B9 New VaultGUID=275DD9A0-BDD9-47D7-8C38-F690E90B05B9 Old ItemGUID=3c324fe4-7474-4847-a7be-a3b5549c88b7 New ItemGUID=43a49740-5c66-4506-9ea2-07741095c73f Old RevisionGUID=baaf2002-d6a3-4324-8ebc-f49e84a3a7d0 New RevisionGUID=687d763b-7f8a-412e-93a6-e138853d33ff
Change Managed Component Library Link : Designator=C20 Old VaultGUID=275DD9A0-BDD9-47D7-8C38-F690E90B05B9 New VaultGUID=275DD9A0-BDD9-47D7-8C38-F690E90B05B9 Old ItemGUID=3c324fe4-7474-4847-a7be-a3b5549c88b7 New ItemGUID=43a49740-5c66-4506-9ea2-07741095c73f Old RevisionGUID=baaf2002-d6a3-4324-8ebc-f49e84a3a7d0 New RevisionGUID=687d763b-7f8a-412e-93a6-e138853d33ff
Change Managed Component Library Link : Designator=C21 Old VaultGUID=275DD9A0-BDD9-47D7-8C38-F690E90B05B9 New VaultGUID=275DD9A0-BDD9-47D7-8C38-F690E90B05B9 Old ItemGUID=3c324fe4-7474-4847-a7be-a3b5549c88b7 New ItemGUID=43a49740-5c66-4506-9ea2-07741095c73f Old RevisionGUID=baaf2002-d6a3-4324-8ebc-f49e84a3a7d0 New RevisionGUID=687d763b-7f8a-412e-93a6-e138853d33ff
Change Managed Component Library Link : Designator=C22 Old VaultGUID=275DD9A0-BDD9-47D7-8C38-F690E90B05B9 New VaultGUID=275DD9A0-BDD9-47D7-8C38-F690E90B05B9 Old ItemGUID=3c324fe4-7474-4847-a7be-a3b5549c88b7 New ItemGUID=43a49740-5c66-4506-9ea2-07741095c73f Old RevisionGUID=baaf2002-d6a3-4324-8ebc-f49e84a3a7d0 New RevisionGUID=687d763b-7f8a-412e-93a6-e138853d33ff
Change Managed Component Library Link : Designator=C23 Old VaultGUID=275DD9A0-BDD9-47D7-8C38-F690E90B05B9 New VaultGUID=275DD9A0-BDD9-47D7-8C38-F690E90B05B9 Old ItemGUID=3c324fe4-7474-4847-a7be-a3b5549c88b7 New ItemGUID=43a49740-5c66-4506-9ea2-07741095c73f Old RevisionGUID=baaf2002-d6a3-4324-8ebc-f49e84a3a7d0 New RevisionGUID=687d763b-7f8a-412e-93a6-e138853d33ff
Change Managed Component Library Link : Designator=C24 Old VaultGUID=275DD9A0-BDD9-47D7-8C38-F690E90B05B9 New VaultGUID=275DD9A0-BDD9-47D7-8C38-F690E90B05B9 Old ItemGUID=3c324fe4-7474-4847-a7be-a3b5549c88b7 New ItemGUID=43a49740-5c66-4506-9ea2-07741095c73f Old RevisionGUID=baaf2002-d6a3-4324-8ebc-f49e84a3a7d0 New RevisionGUID=687d763b-7f8a-412e-93a6-e138853d33ff
Change Managed Component Library Link : Designator=C25 Old VaultGUID=275DD9A0-BDD9-47D7-8C38-F690E90B05B9 New VaultGUID=275DD9A0-BDD9-47D7-8C38-F690E90B05B9 Old ItemGUID=3c324fe4-7474-4847-a7be-a3b5549c88b7 New ItemGUID=43a49740-5c66-4506-9ea2-07741095c73f Old RevisionGUID=baaf2002-d6a3-4324-8ebc-f49e84a3a7d0 New RevisionGUID=687d763b-7f8a-412e-93a6-e138853d33ff
Change Managed Component Library Link : Designator=C26 Old VaultGUID=275DD9A0-BDD9-47D7-8C38-F690E90B05B9 New VaultGUID=275DD9A0-BDD9-47D7-8C38-F690E90B05B9 Old ItemGUID=3c324fe4-7474-4847-a7be-a3b5549c88b7 New ItemGUID=43a49740-5c66-4506-9ea2-07741095c73f Old RevisionGUID=baaf2002-d6a3-4324-8ebc-f49e84a3a7d0 New RevisionGUID=687d763b-7f8a-412e-93a6-e138853d33ff
Change Managed Component Library Link : Designator=C27 Old VaultGUID=275DD9A0-BDD9-47D7-8C38-F690E90B05B9 New VaultGUID=275DD9A0-BDD9-47D7-8C38-F690E90B05B9 Old ItemGUID=3c324fe4-7474-4847-a7be-a3b5549c88b7 New ItemGUID=43a49740-5c66-4506-9ea2-07741095c73f Old RevisionGUID=baaf2002-d6a3-4324-8ebc-f49e84a3a7d0 New RevisionGUID=687d763b-7f8a-412e-93a6-e138853d33ff
Change Managed Component Library Link : Designator=C28 Old VaultGUID=275DD9A0-BDD9-47D7-8C38-F690E90B05B9 New VaultGUID=275DD9A0-BDD9-47D7-8C38-F690E90B05B9 Old ItemGUID=3c324fe4-7474-4847-a7be-a3b5549c88b7 New ItemGUID=43a49740-5c66-4506-9ea2-07741095c73f Old RevisionGUID=baaf2002-d6a3-4324-8ebc-f49e84a3a7d0 New RevisionGUID=687d763b-7f8a-412e-93a6-e138853d33ff
Change Managed Component Library Link : Designator=C29 Old VaultGUID=275DD9A0-BDD9-47D7-8C38-F690E90B05B9 New VaultGUID=275DD9A0-BDD9-47D7-8C38-F690E90B05B9 Old ItemGUID=3c324fe4-7474-4847-a7be-a3b5549c88b7 New ItemGUID=43a49740-5c66-4506-9ea2-07741095c73f Old RevisionGUID=baaf2002-d6a3-4324-8ebc-f49e84a3a7d0 New RevisionGUID=687d763b-7f8a-412e-93a6-e138853d33ff
Change Managed Component Library Link : Designator=C30 Old VaultGUID=275DD9A0-BDD9-47D7-8C38-F690E90B05B9 New VaultGUID=275DD9A0-BDD9-47D7-8C38-F690E90B05B9 Old ItemGUID=3c324fe4-7474-4847-a7be-a3b5549c88b7 New ItemGUID=43a49740-5c66-4506-9ea2-07741095c73f Old RevisionGUID=baaf2002-d6a3-4324-8ebc-f49e84a3a7d0 New RevisionGUID=687d763b-7f8a-412e-93a6-e138853d33ff
Change Managed Component Library Link : Designator=C31 Old VaultGUID=275DD9A0-BDD9-47D7-8C38-F690E90B05B9 New VaultGUID=275DD9A0-BDD9-47D7-8C38-F690E90B05B9 Old ItemGUID=3c324fe4-7474-4847-a7be-a3b5549c88b7 New ItemGUID=43a49740-5c66-4506-9ea2-07741095c73f Old RevisionGUID=baaf2002-d6a3-4324-8ebc-f49e84a3a7d0 New RevisionGUID=687d763b-7f8a-412e-93a6-e138853d33ff
Change Managed Component Library Link : Designator=C32 Old VaultGUID=275DD9A0-BDD9-47D7-8C38-F690E90B05B9 New VaultGUID=275DD9A0-BDD9-47D7-8C38-F690E90B05B9 Old ItemGUID=3c324fe4-7474-4847-a7be-a3b5549c88b7 New ItemGUID=43a49740-5c66-4506-9ea2-07741095c73f Old RevisionGUID=baaf2002-d6a3-4324-8ebc-f49e84a3a7d0 New RevisionGUID=687d763b-7f8a-412e-93a6-e138853d33ff
Change Managed Component Library Link : Designator=C33 Old VaultGUID=275DD9A0-BDD9-47D7-8C38-F690E90B05B9 New VaultGUID=275DD9A0-BDD9-47D7-8C38-F690E90B05B9 Old ItemGUID=3c324fe4-7474-4847-a7be-a3b5549c88b7 New ItemGUID=43a49740-5c66-4506-9ea2-07741095c73f Old RevisionGUID=baaf2002-d6a3-4324-8ebc-f49e84a3a7d0 New RevisionGUID=687d763b-7f8a-412e-93a6-e138853d33ff
Change Managed Component Library Link : Designator=C34 Old VaultGUID=275DD9A0-BDD9-47D7-8C38-F690E90B05B9 New VaultGUID=275DD9A0-BDD9-47D7-8C38-F690E90B05B9 Old ItemGUID=3c324fe4-7474-4847-a7be-a3b5549c88b7 New ItemGUID=43a49740-5c66-4506-9ea2-07741095c73f Old RevisionGUID=baaf2002-d6a3-4324-8ebc-f49e84a3a7d0 New RevisionGUID=687d763b-7f8a-412e-93a6-e138853d33ff
Change Managed Component Library Link : Designator=C35 Old VaultGUID=275DD9A0-BDD9-47D7-8C38-F690E90B05B9 New VaultGUID=275DD9A0-BDD9-47D7-8C38-F690E90B05B9 Old ItemGUID=3c324fe4-7474-4847-a7be-a3b5549c88b7 New ItemGUID=43a49740-5c66-4506-9ea2-07741095c73f Old RevisionGUID=baaf2002-d6a3-4324-8ebc-f49e84a3a7d0 New RevisionGUID=687d763b-7f8a-412e-93a6-e138853d33ff
Change Managed Component Library Link : Designator=C36 Old VaultGUID=275DD9A0-BDD9-47D7-8C38-F690E90B05B9 New VaultGUID=275DD9A0-BDD9-47D7-8C38-F690E90B05B9 Old ItemGUID=3c324fe4-7474-4847-a7be-a3b5549c88b7 New ItemGUID=43a49740-5c66-4506-9ea2-07741095c73f Old RevisionGUID=baaf2002-d6a3-4324-8ebc-f49e84a3a7d0 New RevisionGUID=687d763b-7f8a-412e-93a6-e138853d33ff
Change Managed Component Library Link : Designator=C37 Old VaultGUID=275DD9A0-BDD9-47D7-8C38-F690E90B05B9 New VaultGUID=275DD9A0-BDD9-47D7-8C38-F690E90B05B9 Old ItemGUID=3c324fe4-7474-4847-a7be-a3b5549c88b7 New ItemGUID=43a49740-5c66-4506-9ea2-07741095c73f Old RevisionGUID=baaf2002-d6a3-4324-8ebc-f49e84a3a7d0 New RevisionGUID=687d763b-7f8a-412e-93a6-e138853d33ff
Change Managed Component Library Link : Designator=C38 Old VaultGUID=275DD9A0-BDD9-47D7-8C38-F690E90B05B9 New VaultGUID=275DD9A0-BDD9-47D7-8C38-F690E90B05B9 Old ItemGUID=3c324fe4-7474-4847-a7be-a3b5549c88b7 New ItemGUID=43a49740-5c66-4506-9ea2-07741095c73f Old RevisionGUID=baaf2002-d6a3-4324-8ebc-f49e84a3a7d0 New RevisionGUID=687d763b-7f8a-412e-93a6-e138853d33ff
Change Managed Component Library Link : Designator=C39 Old VaultGUID=275DD9A0-BDD9-47D7-8C38-F690E90B05B9 New VaultGUID=275DD9A0-BDD9-47D7-8C38-F690E90B05B9 Old ItemGUID=3c324fe4-7474-4847-a7be-a3b5549c88b7 New ItemGUID=43a49740-5c66-4506-9ea2-07741095c73f Old RevisionGUID=baaf2002-d6a3-4324-8ebc-f49e84a3a7d0 New RevisionGUID=687d763b-7f8a-412e-93a6-e138853d33ff
Change Managed Component Library Link : Designator=F1 Old VaultGUID=B7D15EC3-160A-466F-A46C-7801FE6295A7 New VaultGUID=275DD9A0-BDD9-47D7-8C38-F690E90B05B9 Old ItemGUID=52DE151A-9421-46E7-A2BB-D0F44C30DEFE New ItemGUID=393260bc-f986-42b9-bf64-066a68c3cf63 Old RevisionGUID=1B2E66B1-C046-49CE-93DB-C2876F6A6E39 New RevisionGUID=1864bc6e-554b-4cb7-beee-f830b89e9bed
Change component parameters: Designator = "C18" ("C18"); Footprint = "C0402B"; UniqueID = "\BCWECZRG\WYFBSAVD" ("\BCWECZRG\WYFBSAVD")
Change component parameters (AddParameter): Name = "Capacitor Type"; Value = "Ceramic"; VariantName = "[No Variations]"
Change component parameters (AddParameter): Name = "Case/Package"; Value = "0402"; VariantName = "[No Variations]"
Change component parameters (AddParameter): Name = "Max Operating Temperature"; Value = "85°C"; VariantName = "[No Variations]"
Change component parameters (AddParameter): Name = "Min Operating Temperature"; Value = "-55°C"; VariantName = "[No Variations]"
Change component parameters (AddParameter): Name = "Mounting Technology"; Value = "Surface Mount"; VariantName = "[No Variations]"
Change component parameters (AddParameter): Name = "Pins"; Value = "2"; VariantName = "[No Variations]"
Change component parameters (AddParameter): Name = "RoHS Compliant"; Value = "Yes"; VariantName = "[No Variations]"
Change component parameters (AddParameter): Name = "Tolerance"; Value = ""; VariantName = "[No Variations]"
Change component parameters (AddParameter): Name = "Value"; Value = ""; VariantName = "[No Variations]"
Change component parameters (AddParameter): Name = "Voltage Rating"; Value = ""; VariantName = "[No Variations]"
Change component parameters: Designator = "C19" ("C19"); Footprint = "C0402B"; UniqueID = "\BCWECZRG\YTSRYZKN" ("\BCWECZRG\YTSRYZKN")
Change component parameters (AddParameter): Name = "Capacitor Type"; Value = "Ceramic"; VariantName = "[No Variations]"
Change component parameters (AddParameter): Name = "Case/Package"; Value = "0402"; VariantName = "[No Variations]"
Change component parameters (AddParameter): Name = "Max Operating Temperature"; Value = "85°C"; VariantName = "[No Variations]"
Change component parameters (AddParameter): Name = "Min Operating Temperature"; Value = "-55°C"; VariantName = "[No Variations]"
Change component parameters (AddParameter): Name = "Mounting Technology"; Value = "Surface Mount"; VariantName = "[No Variations]"
Change component parameters (AddParameter): Name = "Pins"; Value = "2"; VariantName = "[No Variations]"
Change component parameters (AddParameter): Name = "RoHS Compliant"; Value = "Yes"; VariantName = "[No Variations]"
Change component parameters (AddParameter): Name = "Tolerance"; Value = ""; VariantName = "[No Variations]"
Change component parameters (AddParameter): Name = "Value"; Value = ""; VariantName = "[No Variations]"
Change component parameters (AddParameter): Name = "Voltage Rating"; Value = ""; VariantName = "[No Variations]"
Change component parameters: Designator = "C20" ("C20"); Footprint = "C0402B"; UniqueID = "\BCWECZRG\WAVBTLHO" ("\BCWECZRG\WAVBTLHO")
Change component parameters (AddParameter): Name = "Capacitor Type"; Value = "Ceramic"; VariantName = "[No Variations]"
Change component parameters (AddParameter): Name = "Case/Package"; Value = "0402"; VariantName = "[No Variations]"
Change component parameters (AddParameter): Name = "Max Operating Temperature"; Value = "85°C"; VariantName = "[No Variations]"
Change component parameters (AddParameter): Name = "Min Operating Temperature"; Value = "-55°C"; VariantName = "[No Variations]"
Change component parameters (AddParameter): Name = "Mounting Technology"; Value = "Surface Mount"; VariantName = "[No Variations]"
Change component parameters (AddParameter): Name = "Pins"; Value = "2"; VariantName = "[No Variations]"
Change component parameters (AddParameter): Name = "RoHS Compliant"; Value = "Yes"; VariantName = "[No Variations]"
Change component parameters (AddParameter): Name = "Tolerance"; Value = ""; VariantName = "[No Variations]"
Change component parameters (AddParameter): Name = "Value"; Value = ""; VariantName = "[No Variations]"
Change component parameters (AddParameter): Name = "Voltage Rating"; Value = ""; VariantName = "[No Variations]"
Change component parameters: Designator = "C21" ("C21"); Footprint = "C0402B"; UniqueID = "\BCWECZRG\RMZJRFMZ" ("\BCWECZRG\RMZJRFMZ")
Change component parameters (AddParameter): Name = "Capacitor Type"; Value = "Ceramic"; VariantName = "[No Variations]"
Change component parameters (AddParameter): Name = "Case/Package"; Value = "0402"; VariantName = "[No Variations]"
Change component parameters (AddParameter): Name = "Max Operating Temperature"; Value = "85°C"; VariantName = "[No Variations]"
Change component parameters (AddParameter): Name = "Min Operating Temperature"; Value = "-55°C"; VariantName = "[No Variations]"
Change component parameters (AddParameter): Name = "Mounting Technology"; Value = "Surface Mount"; VariantName = "[No Variations]"
Change component parameters (AddParameter): Name = "Pins"; Value = "2"; VariantName = "[No Variations]"
Change component parameters (AddParameter): Name = "RoHS Compliant"; Value = "Yes"; VariantName = "[No Variations]"
Change component parameters (AddParameter): Name = "Tolerance"; Value = ""; VariantName = "[No Variations]"
Change component parameters (AddParameter): Name = "Value"; Value = ""; VariantName = "[No Variations]"
Change component parameters (AddParameter): Name = "Voltage Rating"; Value = ""; VariantName = "[No Variations]"
Change component parameters: Designator = "C22" ("C22"); Footprint = "C0402B"; UniqueID = "\BCWECZRG\ZXAOOHWI" ("\BCWECZRG\ZXAOOHWI")
Change component parameters (AddParameter): Name = "Capacitor Type"; Value = "Ceramic"; VariantName = "[No Variations]"
Change component parameters (AddParameter): Name = "Case/Package"; Value = "0402"; VariantName = "[No Variations]"
Change component parameters (AddParameter): Name = "Max Operating Temperature"; Value = "85°C"; VariantName = "[No Variations]"
Change component parameters (AddParameter): Name = "Min Operating Temperature"; Value = "-55°C"; VariantName = "[No Variations]"
Change component parameters (AddParameter): Name = "Mounting Technology"; Value = "Surface Mount"; VariantName = "[No Variations]"
Change component parameters (AddParameter): Name = "Pins"; Value = "2"; VariantName = "[No Variations]"
Change component parameters (AddParameter): Name = "RoHS Compliant"; Value = "Yes"; VariantName = "[No Variations]"
Change component parameters (AddParameter): Name = "Tolerance"; Value = ""; VariantName = "[No Variations]"
Change component parameters (AddParameter): Name = "Value"; Value = ""; VariantName = "[No Variations]"
Change component parameters (AddParameter): Name = "Voltage Rating"; Value = ""; VariantName = "[No Variations]"
Change component parameters: Designator = "C23" ("C23"); Footprint = "C0402B"; UniqueID = "\BCWECZRG\OVUSTINH" ("\BCWECZRG\OVUSTINH")
Change component parameters (AddParameter): Name = "Capacitor Type"; Value = "Ceramic"; VariantName = "[No Variations]"
Change component parameters (AddParameter): Name = "Case/Package"; Value = "0402"; VariantName = "[No Variations]"
Change component parameters (AddParameter): Name = "Max Operating Temperature"; Value = "85°C"; VariantName = "[No Variations]"
Change component parameters (AddParameter): Name = "Min Operating Temperature"; Value = "-55°C"; VariantName = "[No Variations]"
Change component parameters (AddParameter): Name = "Mounting Technology"; Value = "Surface Mount"; VariantName = "[No Variations]"
Change component parameters (AddParameter): Name = "Pins"; Value = "2"; VariantName = "[No Variations]"
Change component parameters (AddParameter): Name = "RoHS Compliant"; Value = "Yes"; VariantName = "[No Variations]"
Change component parameters (AddParameter): Name = "Tolerance"; Value = ""; VariantName = "[No Variations]"
Change component parameters (AddParameter): Name = "Value"; Value = ""; VariantName = "[No Variations]"
Change component parameters (AddParameter): Name = "Voltage Rating"; Value = ""; VariantName = "[No Variations]"
Change component parameters: Designator = "C24" ("C24"); Footprint = "C0402B"; UniqueID = "\BCWECZRG\KBZMRZYO" ("\BCWECZRG\KBZMRZYO")
Change component parameters (AddParameter): Name = "Capacitor Type"; Value = "Ceramic"; VariantName = "[No Variations]"
Change component parameters (AddParameter): Name = "Case/Package"; Value = "0402"; VariantName = "[No Variations]"
Change component parameters (AddParameter): Name = "Max Operating Temperature"; Value = "85°C"; VariantName = "[No Variations]"
Change component parameters (AddParameter): Name = "Min Operating Temperature"; Value = "-55°C"; VariantName = "[No Variations]"
Change component parameters (AddParameter): Name = "Mounting Technology"; Value = "Surface Mount"; VariantName = "[No Variations]"
Change component parameters (AddParameter): Name = "Pins"; Value = "2"; VariantName = "[No Variations]"
Change component parameters (AddParameter): Name = "RoHS Compliant"; Value = "Yes"; VariantName = "[No Variations]"
Change component parameters (AddParameter): Name = "Tolerance"; Value = ""; VariantName = "[No Variations]"
Change component parameters (AddParameter): Name = "Value"; Value = ""; VariantName = "[No Variations]"
Change component parameters (AddParameter): Name = "Voltage Rating"; Value = ""; VariantName = "[No Variations]"
Change component parameters: Designator = "C25" ("C25"); Footprint = "C0402B"; UniqueID = "\BCWECZRG\NTAJLJCK" ("\BCWECZRG\NTAJLJCK")
Change component parameters (AddParameter): Name = "Capacitor Type"; Value = "Ceramic"; VariantName = "[No Variations]"
Change component parameters (AddParameter): Name = "Case/Package"; Value = "0402"; VariantName = "[No Variations]"
Change component parameters (AddParameter): Name = "Max Operating Temperature"; Value = "85°C"; VariantName = "[No Variations]"
Change component parameters (AddParameter): Name = "Min Operating Temperature"; Value = "-55°C"; VariantName = "[No Variations]"
Change component parameters (AddParameter): Name = "Mounting Technology"; Value = "Surface Mount"; VariantName = "[No Variations]"
Change component parameters (AddParameter): Name = "Pins"; Value = "2"; VariantName = "[No Variations]"
Change component parameters (AddParameter): Name = "RoHS Compliant"; Value = "Yes"; VariantName = "[No Variations]"
Change component parameters (AddParameter): Name = "Tolerance"; Value = ""; VariantName = "[No Variations]"
Change component parameters (AddParameter): Name = "Value"; Value = ""; VariantName = "[No Variations]"
Change component parameters (AddParameter): Name = "Voltage Rating"; Value = ""; VariantName = "[No Variations]"
Change component parameters: Designator = "C26" ("C26"); Footprint = "C0402B"; UniqueID = "\BCWECZRG\KIYNCPGO" ("\BCWECZRG\KIYNCPGO")
Change component parameters (AddParameter): Name = "Capacitor Type"; Value = "Ceramic"; VariantName = "[No Variations]"
Change component parameters (AddParameter): Name = "Case/Package"; Value = "0402"; VariantName = "[No Variations]"
Change component parameters (AddParameter): Name = "Max Operating Temperature"; Value = "85°C"; VariantName = "[No Variations]"
Change component parameters (AddParameter): Name = "Min Operating Temperature"; Value = "-55°C"; VariantName = "[No Variations]"
Change component parameters (AddParameter): Name = "Mounting Technology"; Value = "Surface Mount"; VariantName = "[No Variations]"
Change component parameters (AddParameter): Name = "Pins"; Value = "2"; VariantName = "[No Variations]"
Change component parameters (AddParameter): Name = "RoHS Compliant"; Value = "Yes"; VariantName = "[No Variations]"
Change component parameters (AddParameter): Name = "Tolerance"; Value = ""; VariantName = "[No Variations]"
Change component parameters (AddParameter): Name = "Value"; Value = ""; VariantName = "[No Variations]"
Change component parameters (AddParameter): Name = "Voltage Rating"; Value = ""; VariantName = "[No Variations]"
Change component parameters: Designator = "C27" ("C27"); Footprint = "C0402B"; UniqueID = "\BCWECZRG\HBIZMPRW" ("\BCWECZRG\HBIZMPRW")
Change component parameters (AddParameter): Name = "Capacitor Type"; Value = "Ceramic"; VariantName = "[No Variations]"
Change component parameters (AddParameter): Name = "Case/Package"; Value = "0402"; VariantName = "[No Variations]"
Change component parameters (AddParameter): Name = "Max Operating Temperature"; Value = "85°C"; VariantName = "[No Variations]"
Change component parameters (AddParameter): Name = "Min Operating Temperature"; Value = "-55°C"; VariantName = "[No Variations]"
Change component parameters (AddParameter): Name = "Mounting Technology"; Value = "Surface Mount"; VariantName = "[No Variations]"
Change component parameters (AddParameter): Name = "Pins"; Value = "2"; VariantName = "[No Variations]"
Change component parameters (AddParameter): Name = "RoHS Compliant"; Value = "Yes"; VariantName = "[No Variations]"
Change component parameters (AddParameter): Name = "Tolerance"; Value = ""; VariantName = "[No Variations]"
Change component parameters (AddParameter): Name = "Value"; Value = ""; VariantName = "[No Variations]"
Change component parameters (AddParameter): Name = "Voltage Rating"; Value = ""; VariantName = "[No Variations]"
Change component parameters: Designator = "C28" ("C28"); Footprint = "C0402B"; UniqueID = "\BCWECZRG\QEWTZFMG" ("\BCWECZRG\QEWTZFMG")
Change component parameters (AddParameter): Name = "Capacitor Type"; Value = "Ceramic"; VariantName = "[No Variations]"
Change component parameters (AddParameter): Name = "Case/Package"; Value = "0402"; VariantName = "[No Variations]"
Change component parameters (AddParameter): Name = "Max Operating Temperature"; Value = "85°C"; VariantName = "[No Variations]"
Change component parameters (AddParameter): Name = "Min Operating Temperature"; Value = "-55°C"; VariantName = "[No Variations]"
Change component parameters (AddParameter): Name = "Mounting Technology"; Value = "Surface Mount"; VariantName = "[No Variations]"
Change component parameters (AddParameter): Name = "Pins"; Value = "2"; VariantName = "[No Variations]"
Change component parameters (AddParameter): Name = "RoHS Compliant"; Value = "Yes"; VariantName = "[No Variations]"
Change component parameters (AddParameter): Name = "Tolerance"; Value = ""; VariantName = "[No Variations]"
Change component parameters (AddParameter): Name = "Value"; Value = ""; VariantName = "[No Variations]"
Change component parameters (AddParameter): Name = "Voltage Rating"; Value = ""; VariantName = "[No Variations]"
Change component parameters: Designator = "C29" ("C29"); Footprint = "C0402B"; UniqueID = "\BCWECZRG\MKROUWOR" ("\BCWECZRG\MKROUWOR")
Change component parameters (AddParameter): Name = "Capacitor Type"; Value = "Ceramic"; VariantName = "[No Variations]"
Change component parameters (AddParameter): Name = "Case/Package"; Value = "0402"; VariantName = "[No Variations]"
Change component parameters (AddParameter): Name = "Max Operating Temperature"; Value = "85°C"; VariantName = "[No Variations]"
Change component parameters (AddParameter): Name = "Min Operating Temperature"; Value = "-55°C"; VariantName = "[No Variations]"
Change component parameters (AddParameter): Name = "Mounting Technology"; Value = "Surface Mount"; VariantName = "[No Variations]"
Change component parameters (AddParameter): Name = "Pins"; Value = "2"; VariantName = "[No Variations]"
Change component parameters (AddParameter): Name = "RoHS Compliant"; Value = "Yes"; VariantName = "[No Variations]"
Change component parameters (AddParameter): Name = "Tolerance"; Value = ""; VariantName = "[No Variations]"
Change component parameters (AddParameter): Name = "Value"; Value = ""; VariantName = "[No Variations]"
Change component parameters (AddParameter): Name = "Voltage Rating"; Value = ""; VariantName = "[No Variations]"
Change component parameters: Designator = "C30" ("C30"); Footprint = "C0402B"; UniqueID = "\BCWECZRG\MOHVWSNB" ("\BCWECZRG\MOHVWSNB")
Change component parameters (AddParameter): Name = "Capacitor Type"; Value = "Ceramic"; VariantName = "[No Variations]"
Change component parameters (AddParameter): Name = "Case/Package"; Value = "0402"; VariantName = "[No Variations]"
Change component parameters (AddParameter): Name = "Max Operating Temperature"; Value = "85°C"; VariantName = "[No Variations]"
Change component parameters (AddParameter): Name = "Min Operating Temperature"; Value = "-55°C"; VariantName = "[No Variations]"
Change component parameters (AddParameter): Name = "Mounting Technology"; Value = "Surface Mount"; VariantName = "[No Variations]"
Change component parameters (AddParameter): Name = "Pins"; Value = "2"; VariantName = "[No Variations]"
Change component parameters (AddParameter): Name = "RoHS Compliant"; Value = "Yes"; VariantName = "[No Variations]"
Change component parameters (AddParameter): Name = "Tolerance"; Value = ""; VariantName = "[No Variations]"
Change component parameters (AddParameter): Name = "Value"; Value = ""; VariantName = "[No Variations]"
Change component parameters (AddParameter): Name = "Voltage Rating"; Value = ""; VariantName = "[No Variations]"
Change component parameters: Designator = "C31" ("C31"); Footprint = "C0402B"; UniqueID = "\BCWECZRG\LMQKZYSN" ("\BCWECZRG\LMQKZYSN")
Change component parameters (AddParameter): Name = "Capacitor Type"; Value = "Ceramic"; VariantName = "[No Variations]"
Change component parameters (AddParameter): Name = "Case/Package"; Value = "0402"; VariantName = "[No Variations]"
Change component parameters (AddParameter): Name = "Max Operating Temperature"; Value = "85°C"; VariantName = "[No Variations]"
Change component parameters (AddParameter): Name = "Min Operating Temperature"; Value = "-55°C"; VariantName = "[No Variations]"
Change component parameters (AddParameter): Name = "Mounting Technology"; Value = "Surface Mount"; VariantName = "[No Variations]"
Change component parameters (AddParameter): Name = "Pins"; Value = "2"; VariantName = "[No Variations]"
Change component parameters (AddParameter): Name = "RoHS Compliant"; Value = "Yes"; VariantName = "[No Variations]"
Change component parameters (AddParameter): Name = "Tolerance"; Value = ""; VariantName = "[No Variations]"
Change component parameters (AddParameter): Name = "Value"; Value = ""; VariantName = "[No Variations]"
Change component parameters (AddParameter): Name = "Voltage Rating"; Value = ""; VariantName = "[No Variations]"
Change component parameters: Designator = "C32" ("C32"); Footprint = "C0402B"; UniqueID = "\BCWECZRG\FTYLBICI" ("\BCWECZRG\FTYLBICI")
Change component parameters (AddParameter): Name = "Capacitor Type"; Value = "Ceramic"; VariantName = "[No Variations]"
Change component parameters (AddParameter): Name = "Case/Package"; Value = "0402"; VariantName = "[No Variations]"
Change component parameters (AddParameter): Name = "Max Operating Temperature"; Value = "85°C"; VariantName = "[No Variations]"
Change component parameters (AddParameter): Name = "Min Operating Temperature"; Value = "-55°C"; VariantName = "[No Variations]"
Change component parameters (AddParameter): Name = "Mounting Technology"; Value = "Surface Mount"; VariantName = "[No Variations]"
Change component parameters (AddParameter): Name = "Pins"; Value = "2"; VariantName = "[No Variations]"
Change component parameters (AddParameter): Name = "RoHS Compliant"; Value = "Yes"; VariantName = "[No Variations]"
Change component parameters (AddParameter): Name = "Tolerance"; Value = ""; VariantName = "[No Variations]"
Change component parameters (AddParameter): Name = "Value"; Value = ""; VariantName = "[No Variations]"
Change component parameters (AddParameter): Name = "Voltage Rating"; Value = ""; VariantName = "[No Variations]"
Change component parameters: Designator = "C33" ("C33"); Footprint = "C0402B"; UniqueID = "\BCWECZRG\CRKGGLYH" ("\BCWECZRG\CRKGGLYH")
Change component parameters (AddParameter): Name = "Capacitor Type"; Value = "Ceramic"; VariantName = "[No Variations]"
Change component parameters (AddParameter): Name = "Case/Package"; Value = "0402"; VariantName = "[No Variations]"
Change component parameters (AddParameter): Name = "Max Operating Temperature"; Value = "85°C"; VariantName = "[No Variations]"
Change component parameters (AddParameter): Name = "Min Operating Temperature"; Value = "-55°C"; VariantName = "[No Variations]"
Change component parameters (AddParameter): Name = "Mounting Technology"; Value = "Surface Mount"; VariantName = "[No Variations]"
Change component parameters (AddParameter): Name = "Pins"; Value = "2"; VariantName = "[No Variations]"
Change component parameters (AddParameter): Name = "RoHS Compliant"; Value = "Yes"; VariantName = "[No Variations]"
Change component parameters (AddParameter): Name = "Tolerance"; Value = ""; VariantName = "[No Variations]"
Change component parameters (AddParameter): Name = "Value"; Value = ""; VariantName = "[No Variations]"
Change component parameters (AddParameter): Name = "Voltage Rating"; Value = ""; VariantName = "[No Variations]"
Change component parameters: Designator = "C34" ("C34"); Footprint = "C0402B"; UniqueID = "\BCWECZRG\UPRWFNTO" ("\BCWECZRG\UPRWFNTO")
Change component parameters (AddParameter): Name = "Capacitor Type"; Value = "Ceramic"; VariantName = "[No Variations]"
Change component parameters (AddParameter): Name = "Case/Package"; Value = "0402"; VariantName = "[No Variations]"
Change component parameters (AddParameter): Name = "Max Operating Temperature"; Value = "85°C"; VariantName = "[No Variations]"
Change component parameters (AddParameter): Name = "Min Operating Temperature"; Value = "-55°C"; VariantName = "[No Variations]"
Change component parameters (AddParameter): Name = "Mounting Technology"; Value = "Surface Mount"; VariantName = "[No Variations]"
Change component parameters (AddParameter): Name = "Pins"; Value = "2"; VariantName = "[No Variations]"
Change component parameters (AddParameter): Name = "RoHS Compliant"; Value = "Yes"; VariantName = "[No Variations]"
Change component parameters (AddParameter): Name = "Tolerance"; Value = ""; VariantName = "[No Variations]"
Change component parameters (AddParameter): Name = "Value"; Value = ""; VariantName = "[No Variations]"
Change component parameters (AddParameter): Name = "Voltage Rating"; Value = ""; VariantName = "[No Variations]"
Change component parameters: Designator = "C35" ("C35"); Footprint = "C0402B"; UniqueID = "\BCWECZRG\QXKRZHYK" ("\BCWECZRG\QXKRZHYK")
Change component parameters (AddParameter): Name = "Capacitor Type"; Value = "Ceramic"; VariantName = "[No Variations]"
Change component parameters (AddParameter): Name = "Case/Package"; Value = "0402"; VariantName = "[No Variations]"
Change component parameters (AddParameter): Name = "Max Operating Temperature"; Value = "85°C"; VariantName = "[No Variations]"
Change component parameters (AddParameter): Name = "Min Operating Temperature"; Value = "-55°C"; VariantName = "[No Variations]"
Change component parameters (AddParameter): Name = "Mounting Technology"; Value = "Surface Mount"; VariantName = "[No Variations]"
Change component parameters (AddParameter): Name = "Pins"; Value = "2"; VariantName = "[No Variations]"
Change component parameters (AddParameter): Name = "RoHS Compliant"; Value = "Yes"; VariantName = "[No Variations]"
Change component parameters (AddParameter): Name = "Tolerance"; Value = ""; VariantName = "[No Variations]"
Change component parameters (AddParameter): Name = "Value"; Value = ""; VariantName = "[No Variations]"
Change component parameters (AddParameter): Name = "Voltage Rating"; Value = ""; VariantName = "[No Variations]"
Change component parameters: Designator = "C36" ("C36"); Footprint = "C0402B"; UniqueID = "\BCWECZRG\RDCSGJVB" ("\BCWECZRG\RDCSGJVB")
Change component parameters (AddParameter): Name = "Capacitor Type"; Value = "Ceramic"; VariantName = "[No Variations]"
Change component parameters (AddParameter): Name = "Case/Package"; Value = "0402"; VariantName = "[No Variations]"
Change component parameters (AddParameter): Name = "Max Operating Temperature"; Value = "85°C"; VariantName = "[No Variations]"
Change component parameters (AddParameter): Name = "Min Operating Temperature"; Value = "-55°C"; VariantName = "[No Variations]"
Change component parameters (AddParameter): Name = "Mounting Technology"; Value = "Surface Mount"; VariantName = "[No Variations]"
Change component parameters (AddParameter): Name = "Pins"; Value = "2"; VariantName = "[No Variations]"
Change component parameters (AddParameter): Name = "RoHS Compliant"; Value = "Yes"; VariantName = "[No Variations]"
Change component parameters (AddParameter): Name = "Tolerance"; Value = ""; VariantName = "[No Variations]"
Change component parameters (AddParameter): Name = "Value"; Value = ""; VariantName = "[No Variations]"
Change component parameters (AddParameter): Name = "Voltage Rating"; Value = ""; VariantName = "[No Variations]"
Change component parameters: Designator = "C37" ("C37"); Footprint = "C0402B"; UniqueID = "\BCWECZRG\GIAITPIW" ("\BCWECZRG\GIAITPIW")
Change component parameters (AddParameter): Name = "Capacitor Type"; Value = "Ceramic"; VariantName = "[No Variations]"
Change component parameters (AddParameter): Name = "Case/Package"; Value = "0402"; VariantName = "[No Variations]"
Change component parameters (AddParameter): Name = "Max Operating Temperature"; Value = "85°C"; VariantName = "[No Variations]"
Change component parameters (AddParameter): Name = "Min Operating Temperature"; Value = "-55°C"; VariantName = "[No Variations]"
Change component parameters (AddParameter): Name = "Mounting Technology"; Value = "Surface Mount"; VariantName = "[No Variations]"
Change component parameters (AddParameter): Name = "Pins"; Value = "2"; VariantName = "[No Variations]"
Change component parameters (AddParameter): Name = "RoHS Compliant"; Value = "Yes"; VariantName = "[No Variations]"
Change component parameters (AddParameter): Name = "Tolerance"; Value = ""; VariantName = "[No Variations]"
Change component parameters (AddParameter): Name = "Value"; Value = ""; VariantName = "[No Variations]"
Change component parameters (AddParameter): Name = "Voltage Rating"; Value = ""; VariantName = "[No Variations]"
Change component parameters: Designator = "C38" ("C38"); Footprint = "C0402B"; UniqueID = "\BCWECZRG\VRUCJZVF" ("\BCWECZRG\VRUCJZVF")
Change component parameters (AddParameter): Name = "Capacitor Type"; Value = "Ceramic"; VariantName = "[No Variations]"
Change component parameters (AddParameter): Name = "Case/Package"; Value = "0402"; VariantName = "[No Variations]"
Change component parameters (AddParameter): Name = "Max Operating Temperature"; Value = "85°C"; VariantName = "[No Variations]"
Change component parameters (AddParameter): Name = "Min Operating Temperature"; Value = "-55°C"; VariantName = "[No Variations]"
Change component parameters (AddParameter): Name = "Mounting Technology"; Value = "Surface Mount"; VariantName = "[No Variations]"
Change component parameters (AddParameter): Name = "Pins"; Value = "2"; VariantName = "[No Variations]"
Change component parameters (AddParameter): Name = "RoHS Compliant"; Value = "Yes"; VariantName = "[No Variations]"
Change component parameters (AddParameter): Name = "Tolerance"; Value = ""; VariantName = "[No Variations]"
Change component parameters (AddParameter): Name = "Value"; Value = ""; VariantName = "[No Variations]"
Change component parameters (AddParameter): Name = "Voltage Rating"; Value = ""; VariantName = "[No Variations]"
Change component parameters: Designator = "C39" ("C39"); Footprint = "C0402B"; UniqueID = "\BCWECZRG\PJBEXFBL" ("\BCWECZRG\PJBEXFBL")
Change component parameters (AddParameter): Name = "Capacitor Type"; Value = "Ceramic"; VariantName = "[No Variations]"
Change component parameters (AddParameter): Name = "Case/Package"; Value = "0402"; VariantName = "[No Variations]"
Change component parameters (AddParameter): Name = "Max Operating Temperature"; Value = "85°C"; VariantName = "[No Variations]"
Change component parameters (AddParameter): Name = "Min Operating Temperature"; Value = "-55°C"; VariantName = "[No Variations]"
Change component parameters (AddParameter): Name = "Mounting Technology"; Value = "Surface Mount"; VariantName = "[No Variations]"
Change component parameters (AddParameter): Name = "Pins"; Value = "2"; VariantName = "[No Variations]"
Change component parameters (AddParameter): Name = "RoHS Compliant"; Value = "Yes"; VariantName = "[No Variations]"
Change component parameters (AddParameter): Name = "Tolerance"; Value = ""; VariantName = "[No Variations]"
Change component parameters (AddParameter): Name = "Value"; Value = ""; VariantName = "[No Variations]"
Change component parameters (AddParameter): Name = "Voltage Rating"; Value = ""; VariantName = "[No Variations]"
Change component parameters: Designator = "F1" ("F1"); Footprint = "FP-0679L-MFG"; UniqueID = "\DZOHOHFM" ("\DZOHOHFM")
Change component parameters (AddParameter): Name = "Case/Package"; Value = ""; VariantName = "[No Variations]"
Change component parameters (AddParameter): Name = "Current Rating"; Value = ""; VariantName = "[No Variations]"
Change component parameters (AddParameter): Name = "Max Operating Temperature"; Value = ""; VariantName = "[No Variations]"
Change component parameters (AddParameter): Name = "Min Operating Temperature"; Value = ""; VariantName = "[No Variations]"
Change component parameters (AddParameter): Name = "Mounting Technology"; Value = ""; VariantName = "[No Variations]"
Change component parameters (AddParameter): Name = "Pins"; Value = ""; VariantName = "[No Variations]"
Change component parameters (AddParameter): Name = "RoHS Compliant"; Value = "Yes"; VariantName = "[No Variations]"
Added Component: Designator=C52(FP-OS-CON-SMT-F12-MFG)
Add component (AddParameter): Name = "Capacitance"; Value = "68uF"; VariantName = "[No Variations]"
Add component (AddParameter): Name = "Case/Package"; Value = "Radial"; VariantName = "[No Variations]"
Add component (AddParameter): Name = "Construction"; Value = "Cylindrical"; VariantName = "[No Variations]"
Add component (AddParameter): Name = "Diameter"; Value = "10mm"; VariantName = "[No Variations]"
Add component (AddParameter): Name = "Dissipation Factor"; Value = "12%"; VariantName = "[No Variations]"
Add component (AddParameter): Name = "ESR (Equivalent Series Resistance)"; Value = "20mR"; VariantName = "[No Variations]"
Add component (AddParameter): Name = "Height"; Value = "12.6mm"; VariantName = "[No Variations]"
Add component (AddParameter): Name = "Height - Seated (Max)"; Value = "0.5inch"; VariantName = "[No Variations]"
Add component (AddParameter): Name = "Lead Free"; Value = "Lead Free"; VariantName = "[No Variations]"
Add component (AddParameter): Name = "Leakage Current"; Value = "680uA"; VariantName = "[No Variations]"
Add component (AddParameter): Name = "Length"; Value = "12.6mm"; VariantName = "[No Variations]"
Add component (AddParameter): Name = "Life (Hours)"; Value = "5000Hour"; VariantName = "[No Variations]"
Add component (AddParameter): Name = "Max Operating Temperature"; Value = "105°C"; VariantName = "[No Variations]"
Add component (AddParameter): Name = "Min Operating Temperature"; Value = "-55°C"; VariantName = "[No Variations]"
Add component (AddParameter): Name = "Mount"; Value = "Surface Mount"; VariantName = "[No Variations]"
Add component (AddParameter): Name = "Number of Pins"; Value = "12"; VariantName = "[No Variations]"
Add component (AddParameter): Name = "Package Quantity"; Value = "400"; VariantName = "[No Variations]"
Add component (AddParameter): Name = "Packaging"; Value = "Tape and Reel"; VariantName = "[No Variations]"
Add component (AddParameter): Name = "Polarity"; Value = "Polar"; VariantName = "[No Variations]"
Add component (AddParameter): Name = "REACH SVHC"; Value = "No SVHC"; VariantName = "[No Variations]"
Add component (AddParameter): Name = "Ripple Current"; Value = "4.3A"; VariantName = "[No Variations]"
Add component (AddParameter): Name = "Ripple Current (AC)"; Value = "4.3A"; VariantName = "[No Variations]"
Add component (AddParameter): Name = "RoHS Compliant"; Value = "Yes"; VariantName = "[No Variations]"
Add component (AddParameter): Name = "Series"; Value = "OS-CON™, SVPF"; VariantName = "[No Variations]"
Add component (AddParameter): Name = "Termination"; Value = "SMD/SMT"; VariantName = "[No Variations]"
Add component (AddParameter): Name = "Tolerance"; Value = "20%"; VariantName = "[No Variations]"
Add component (AddParameter): Name = "Voltage"; Value = "50V"; VariantName = "[No Variations]"
Add component (AddParameter): Name = "Voltage Rating"; Value = "50V"; VariantName = "[No Variations]"
Add component (AddParameter): Name = "Voltage Rating (DC)"; Value = "50V"; VariantName = "[No Variations]"
Added Component: Designator=C53(FP-OS-CON-SMT-F12-MFG)
Add component (AddParameter): Name = "Capacitance"; Value = "68uF"; VariantName = "[No Variations]"
Add component (AddParameter): Name = "Case/Package"; Value = "Radial"; VariantName = "[No Variations]"
Add component (AddParameter): Name = "Construction"; Value = "Cylindrical"; VariantName = "[No Variations]"
Add component (AddParameter): Name = "Diameter"; Value = "10mm"; VariantName = "[No Variations]"
Add component (AddParameter): Name = "Dissipation Factor"; Value = "12%"; VariantName = "[No Variations]"
Add component (AddParameter): Name = "ESR (Equivalent Series Resistance)"; Value = "20mR"; VariantName = "[No Variations]"
Add component (AddParameter): Name = "Height"; Value = "12.6mm"; VariantName = "[No Variations]"
Add component (AddParameter): Name = "Height - Seated (Max)"; Value = "0.5inch"; VariantName = "[No Variations]"
Add component (AddParameter): Name = "Lead Free"; Value = "Lead Free"; VariantName = "[No Variations]"
Add component (AddParameter): Name = "Leakage Current"; Value = "680uA"; VariantName = "[No Variations]"
Add component (AddParameter): Name = "Length"; Value = "12.6mm"; VariantName = "[No Variations]"
Add component (AddParameter): Name = "Life (Hours)"; Value = "5000Hour"; VariantName = "[No Variations]"
Add component (AddParameter): Name = "Max Operating Temperature"; Value = "105°C"; VariantName = "[No Variations]"
Add component (AddParameter): Name = "Min Operating Temperature"; Value = "-55°C"; VariantName = "[No Variations]"
Add component (AddParameter): Name = "Mount"; Value = "Surface Mount"; VariantName = "[No Variations]"
Add component (AddParameter): Name = "Number of Pins"; Value = "12"; VariantName = "[No Variations]"
Add component (AddParameter): Name = "Package Quantity"; Value = "400"; VariantName = "[No Variations]"
Add component (AddParameter): Name = "Packaging"; Value = "Tape and Reel"; VariantName = "[No Variations]"
Add component (AddParameter): Name = "Polarity"; Value = "Polar"; VariantName = "[No Variations]"
Add component (AddParameter): Name = "REACH SVHC"; Value = "No SVHC"; VariantName = "[No Variations]"
Add component (AddParameter): Name = "Ripple Current"; Value = "4.3A"; VariantName = "[No Variations]"
Add component (AddParameter): Name = "Ripple Current (AC)"; Value = "4.3A"; VariantName = "[No Variations]"
Add component (AddParameter): Name = "RoHS Compliant"; Value = "Yes"; VariantName = "[No Variations]"
Add component (AddParameter): Name = "Series"; Value = "OS-CON™, SVPF"; VariantName = "[No Variations]"
Add component (AddParameter): Name = "Termination"; Value = "SMD/SMT"; VariantName = "[No Variations]"
Add component (AddParameter): Name = "Tolerance"; Value = "20%"; VariantName = "[No Variations]"
Add component (AddParameter): Name = "Voltage"; Value = "50V"; VariantName = "[No Variations]"
Add component (AddParameter): Name = "Voltage Rating"; Value = "50V"; VariantName = "[No Variations]"
Add component (AddParameter): Name = "Voltage Rating (DC)"; Value = "50V"; VariantName = "[No Variations]"
Added Component: Designator=C54(FP-OS-CON-SMT-F12-MFG)
Add component (AddParameter): Name = "Capacitance"; Value = "68uF"; VariantName = "[No Variations]"
Add component (AddParameter): Name = "Case/Package"; Value = "Radial"; VariantName = "[No Variations]"
Add component (AddParameter): Name = "Construction"; Value = "Cylindrical"; VariantName = "[No Variations]"
Add component (AddParameter): Name = "Diameter"; Value = "10mm"; VariantName = "[No Variations]"
Add component (AddParameter): Name = "Dissipation Factor"; Value = "12%"; VariantName = "[No Variations]"
Add component (AddParameter): Name = "ESR (Equivalent Series Resistance)"; Value = "20mR"; VariantName = "[No Variations]"
Add component (AddParameter): Name = "Height"; Value = "12.6mm"; VariantName = "[No Variations]"
Add component (AddParameter): Name = "Height - Seated (Max)"; Value = "0.5inch"; VariantName = "[No Variations]"
Add component (AddParameter): Name = "Lead Free"; Value = "Lead Free"; VariantName = "[No Variations]"
Add component (AddParameter): Name = "Leakage Current"; Value = "680uA"; VariantName = "[No Variations]"
Add component (AddParameter): Name = "Length"; Value = "12.6mm"; VariantName = "[No Variations]"
Add component (AddParameter): Name = "Life (Hours)"; Value = "5000Hour"; VariantName = "[No Variations]"
Add component (AddParameter): Name = "Max Operating Temperature"; Value = "105°C"; VariantName = "[No Variations]"
Add component (AddParameter): Name = "Min Operating Temperature"; Value = "-55°C"; VariantName = "[No Variations]"
Add component (AddParameter): Name = "Mount"; Value = "Surface Mount"; VariantName = "[No Variations]"
Add component (AddParameter): Name = "Number of Pins"; Value = "12"; VariantName = "[No Variations]"
Add component (AddParameter): Name = "Package Quantity"; Value = "400"; VariantName = "[No Variations]"
Add component (AddParameter): Name = "Packaging"; Value = "Tape and Reel"; VariantName = "[No Variations]"
Add component (AddParameter): Name = "Polarity"; Value = "Polar"; VariantName = "[No Variations]"
Add component (AddParameter): Name = "REACH SVHC"; Value = "No SVHC"; VariantName = "[No Variations]"
Add component (AddParameter): Name = "Ripple Current"; Value = "4.3A"; VariantName = "[No Variations]"
Add component (AddParameter): Name = "Ripple Current (AC)"; Value = "4.3A"; VariantName = "[No Variations]"
Add component (AddParameter): Name = "RoHS Compliant"; Value = "Yes"; VariantName = "[No Variations]"
Add component (AddParameter): Name = "Series"; Value = "OS-CON™, SVPF"; VariantName = "[No Variations]"
Add component (AddParameter): Name = "Termination"; Value = "SMD/SMT"; VariantName = "[No Variations]"
Add component (AddParameter): Name = "Tolerance"; Value = "20%"; VariantName = "[No Variations]"
Add component (AddParameter): Name = "Voltage"; Value = "50V"; VariantName = "[No Variations]"
Add component (AddParameter): Name = "Voltage Rating"; Value = "50V"; VariantName = "[No Variations]"
Add component (AddParameter): Name = "Voltage Rating (DC)"; Value = "50V"; VariantName = "[No Variations]"
Added Component: Designator=C55(FP-OS-CON-SMT-F12-MFG)
Add component (AddParameter): Name = "Capacitance"; Value = "68uF"; VariantName = "[No Variations]"
Add component (AddParameter): Name = "Case/Package"; Value = "Radial"; VariantName = "[No Variations]"
Add component (AddParameter): Name = "Construction"; Value = "Cylindrical"; VariantName = "[No Variations]"
Add component (AddParameter): Name = "Diameter"; Value = "10mm"; VariantName = "[No Variations]"
Add component (AddParameter): Name = "Dissipation Factor"; Value = "12%"; VariantName = "[No Variations]"
Add component (AddParameter): Name = "ESR (Equivalent Series Resistance)"; Value = "20mR"; VariantName = "[No Variations]"
Add component (AddParameter): Name = "Height"; Value = "12.6mm"; VariantName = "[No Variations]"
Add component (AddParameter): Name = "Height - Seated (Max)"; Value = "0.5inch"; VariantName = "[No Variations]"
Add component (AddParameter): Name = "Lead Free"; Value = "Lead Free"; VariantName = "[No Variations]"
Add component (AddParameter): Name = "Leakage Current"; Value = "680uA"; VariantName = "[No Variations]"
Add component (AddParameter): Name = "Length"; Value = "12.6mm"; VariantName = "[No Variations]"
Add component (AddParameter): Name = "Life (Hours)"; Value = "5000Hour"; VariantName = "[No Variations]"
Add component (AddParameter): Name = "Max Operating Temperature"; Value = "105°C"; VariantName = "[No Variations]"
Add component (AddParameter): Name = "Min Operating Temperature"; Value = "-55°C"; VariantName = "[No Variations]"
Add component (AddParameter): Name = "Mount"; Value = "Surface Mount"; VariantName = "[No Variations]"
Add component (AddParameter): Name = "Number of Pins"; Value = "12"; VariantName = "[No Variations]"
Add component (AddParameter): Name = "Package Quantity"; Value = "400"; VariantName = "[No Variations]"
Add component (AddParameter): Name = "Packaging"; Value = "Tape and Reel"; VariantName = "[No Variations]"
Add component (AddParameter): Name = "Polarity"; Value = "Polar"; VariantName = "[No Variations]"
Add component (AddParameter): Name = "REACH SVHC"; Value = "No SVHC"; VariantName = "[No Variations]"
Add component (AddParameter): Name = "Ripple Current"; Value = "4.3A"; VariantName = "[No Variations]"
Add component (AddParameter): Name = "Ripple Current (AC)"; Value = "4.3A"; VariantName = "[No Variations]"
Add component (AddParameter): Name = "RoHS Compliant"; Value = "Yes"; VariantName = "[No Variations]"
Add component (AddParameter): Name = "Series"; Value = "OS-CON™, SVPF"; VariantName = "[No Variations]"
Add component (AddParameter): Name = "Termination"; Value = "SMD/SMT"; VariantName = "[No Variations]"
Add component (AddParameter): Name = "Tolerance"; Value = "20%"; VariantName = "[No Variations]"
Add component (AddParameter): Name = "Voltage"; Value = "50V"; VariantName = "[No Variations]"
Add component (AddParameter): Name = "Voltage Rating"; Value = "50V"; VariantName = "[No Variations]"
Add component (AddParameter): Name = "Voltage Rating (DC)"; Value = "50V"; VariantName = "[No Variations]"
Added Component: Designator=C56(FP-OS-CON-SMT-F12-MFG)
Add component (AddParameter): Name = "Capacitance"; Value = "68uF"; VariantName = "[No Variations]"
Add component (AddParameter): Name = "Case/Package"; Value = "Radial"; VariantName = "[No Variations]"
Add component (AddParameter): Name = "Construction"; Value = "Cylindrical"; VariantName = "[No Variations]"
Add component (AddParameter): Name = "Diameter"; Value = "10mm"; VariantName = "[No Variations]"
Add component (AddParameter): Name = "Dissipation Factor"; Value = "12%"; VariantName = "[No Variations]"
Add component (AddParameter): Name = "ESR (Equivalent Series Resistance)"; Value = "20mR"; VariantName = "[No Variations]"
Add component (AddParameter): Name = "Height"; Value = "12.6mm"; VariantName = "[No Variations]"
Add component (AddParameter): Name = "Height - Seated (Max)"; Value = "0.5inch"; VariantName = "[No Variations]"
Add component (AddParameter): Name = "Lead Free"; Value = "Lead Free"; VariantName = "[No Variations]"
Add component (AddParameter): Name = "Leakage Current"; Value = "680uA"; VariantName = "[No Variations]"
Add component (AddParameter): Name = "Length"; Value = "12.6mm"; VariantName = "[No Variations]"
Add component (AddParameter): Name = "Life (Hours)"; Value = "5000Hour"; VariantName = "[No Variations]"
Add component (AddParameter): Name = "Max Operating Temperature"; Value = "105°C"; VariantName = "[No Variations]"
Add component (AddParameter): Name = "Min Operating Temperature"; Value = "-55°C"; VariantName = "[No Variations]"
Add component (AddParameter): Name = "Mount"; Value = "Surface Mount"; VariantName = "[No Variations]"
Add component (AddParameter): Name = "Number of Pins"; Value = "12"; VariantName = "[No Variations]"
Add component (AddParameter): Name = "Package Quantity"; Value = "400"; VariantName = "[No Variations]"
Add component (AddParameter): Name = "Packaging"; Value = "Tape and Reel"; VariantName = "[No Variations]"
Add component (AddParameter): Name = "Polarity"; Value = "Polar"; VariantName = "[No Variations]"
Add component (AddParameter): Name = "REACH SVHC"; Value = "No SVHC"; VariantName = "[No Variations]"
Add component (AddParameter): Name = "Ripple Current"; Value = "4.3A"; VariantName = "[No Variations]"
Add component (AddParameter): Name = "Ripple Current (AC)"; Value = "4.3A"; VariantName = "[No Variations]"
Add component (AddParameter): Name = "RoHS Compliant"; Value = "Yes"; VariantName = "[No Variations]"
Add component (AddParameter): Name = "Series"; Value = "OS-CON™, SVPF"; VariantName = "[No Variations]"
Add component (AddParameter): Name = "Termination"; Value = "SMD/SMT"; VariantName = "[No Variations]"
Add component (AddParameter): Name = "Tolerance"; Value = "20%"; VariantName = "[No Variations]"
Add component (AddParameter): Name = "Voltage"; Value = "50V"; VariantName = "[No Variations]"
Add component (AddParameter): Name = "Voltage Rating"; Value = "50V"; VariantName = "[No Variations]"
Add component (AddParameter): Name = "Voltage Rating (DC)"; Value = "50V"; VariantName = "[No Variations]"
Added Component: Designator=C57(FP-OS-CON-SMT-F12-MFG)
Add component (AddParameter): Name = "Capacitance"; Value = "68uF"; VariantName = "[No Variations]"
Add component (AddParameter): Name = "Case/Package"; Value = "Radial"; VariantName = "[No Variations]"
Add component (AddParameter): Name = "Construction"; Value = "Cylindrical"; VariantName = "[No Variations]"
Add component (AddParameter): Name = "Diameter"; Value = "10mm"; VariantName = "[No Variations]"
Add component (AddParameter): Name = "Dissipation Factor"; Value = "12%"; VariantName = "[No Variations]"
Add component (AddParameter): Name = "ESR (Equivalent Series Resistance)"; Value = "20mR"; VariantName = "[No Variations]"
Add component (AddParameter): Name = "Height"; Value = "12.6mm"; VariantName = "[No Variations]"
Add component (AddParameter): Name = "Height - Seated (Max)"; Value = "0.5inch"; VariantName = "[No Variations]"
Add component (AddParameter): Name = "Lead Free"; Value = "Lead Free"; VariantName = "[No Variations]"
Add component (AddParameter): Name = "Leakage Current"; Value = "680uA"; VariantName = "[No Variations]"
Add component (AddParameter): Name = "Length"; Value = "12.6mm"; VariantName = "[No Variations]"
Add component (AddParameter): Name = "Life (Hours)"; Value = "5000Hour"; VariantName = "[No Variations]"
Add component (AddParameter): Name = "Max Operating Temperature"; Value = "105°C"; VariantName = "[No Variations]"
Add component (AddParameter): Name = "Min Operating Temperature"; Value = "-55°C"; VariantName = "[No Variations]"
Add component (AddParameter): Name = "Mount"; Value = "Surface Mount"; VariantName = "[No Variations]"
Add component (AddParameter): Name = "Number of Pins"; Value = "12"; VariantName = "[No Variations]"
Add component (AddParameter): Name = "Package Quantity"; Value = "400"; VariantName = "[No Variations]"
Add component (AddParameter): Name = "Packaging"; Value = "Tape and Reel"; VariantName = "[No Variations]"
Add component (AddParameter): Name = "Polarity"; Value = "Polar"; VariantName = "[No Variations]"
Add component (AddParameter): Name = "REACH SVHC"; Value = "No SVHC"; VariantName = "[No Variations]"
Add component (AddParameter): Name = "Ripple Current"; Value = "4.3A"; VariantName = "[No Variations]"
Add component (AddParameter): Name = "Ripple Current (AC)"; Value = "4.3A"; VariantName = "[No Variations]"
Add component (AddParameter): Name = "RoHS Compliant"; Value = "Yes"; VariantName = "[No Variations]"
Add component (AddParameter): Name = "Series"; Value = "OS-CON™, SVPF"; VariantName = "[No Variations]"
Add component (AddParameter): Name = "Termination"; Value = "SMD/SMT"; VariantName = "[No Variations]"
Add component (AddParameter): Name = "Tolerance"; Value = "20%"; VariantName = "[No Variations]"
Add component (AddParameter): Name = "Voltage"; Value = "50V"; VariantName = "[No Variations]"
Add component (AddParameter): Name = "Voltage Rating"; Value = "50V"; VariantName = "[No Variations]"
Add component (AddParameter): Name = "Voltage Rating (DC)"; Value = "50V"; VariantName = "[No Variations]"
Added Component: Designator=C58(FP-OS-CON-SMT-F12-MFG)
Add component (AddParameter): Name = "Capacitance"; Value = "68uF"; VariantName = "[No Variations]"
Add component (AddParameter): Name = "Case/Package"; Value = "Radial"; VariantName = "[No Variations]"
Add component (AddParameter): Name = "Construction"; Value = "Cylindrical"; VariantName = "[No Variations]"
Add component (AddParameter): Name = "Diameter"; Value = "10mm"; VariantName = "[No Variations]"
Add component (AddParameter): Name = "Dissipation Factor"; Value = "12%"; VariantName = "[No Variations]"
Add component (AddParameter): Name = "ESR (Equivalent Series Resistance)"; Value = "20mR"; VariantName = "[No Variations]"
Add component (AddParameter): Name = "Height"; Value = "12.6mm"; VariantName = "[No Variations]"
Add component (AddParameter): Name = "Height - Seated (Max)"; Value = "0.5inch"; VariantName = "[No Variations]"
Add component (AddParameter): Name = "Lead Free"; Value = "Lead Free"; VariantName = "[No Variations]"
Add component (AddParameter): Name = "Leakage Current"; Value = "680uA"; VariantName = "[No Variations]"
Add component (AddParameter): Name = "Length"; Value = "12.6mm"; VariantName = "[No Variations]"
Add component (AddParameter): Name = "Life (Hours)"; Value = "5000Hour"; VariantName = "[No Variations]"
Add component (AddParameter): Name = "Max Operating Temperature"; Value = "105°C"; VariantName = "[No Variations]"
Add component (AddParameter): Name = "Min Operating Temperature"; Value = "-55°C"; VariantName = "[No Variations]"
Add component (AddParameter): Name = "Mount"; Value = "Surface Mount"; VariantName = "[No Variations]"
Add component (AddParameter): Name = "Number of Pins"; Value = "12"; VariantName = "[No Variations]"
Add component (AddParameter): Name = "Package Quantity"; Value = "400"; VariantName = "[No Variations]"
Add component (AddParameter): Name = "Packaging"; Value = "Tape and Reel"; VariantName = "[No Variations]"
Add component (AddParameter): Name = "Polarity"; Value = "Polar"; VariantName = "[No Variations]"
Add component (AddParameter): Name = "REACH SVHC"; Value = "No SVHC"; VariantName = "[No Variations]"
Add component (AddParameter): Name = "Ripple Current"; Value = "4.3A"; VariantName = "[No Variations]"
Add component (AddParameter): Name = "Ripple Current (AC)"; Value = "4.3A"; VariantName = "[No Variations]"
Add component (AddParameter): Name = "RoHS Compliant"; Value = "Yes"; VariantName = "[No Variations]"
Add component (AddParameter): Name = "Series"; Value = "OS-CON™, SVPF"; VariantName = "[No Variations]"
Add component (AddParameter): Name = "Termination"; Value = "SMD/SMT"; VariantName = "[No Variations]"
Add component (AddParameter): Name = "Tolerance"; Value = "20%"; VariantName = "[No Variations]"
Add component (AddParameter): Name = "Voltage"; Value = "50V"; VariantName = "[No Variations]"
Add component (AddParameter): Name = "Voltage Rating"; Value = "50V"; VariantName = "[No Variations]"
Add component (AddParameter): Name = "Voltage Rating (DC)"; Value = "50V"; VariantName = "[No Variations]"
Added Component: Designator=C59(FP-GRM31-0_2-MFG)
Add component (AddParameter): Name = "Automotive"; Value = "No"; VariantName = "[No Variations]"
Add component (AddParameter): Name = "Capacitance"; Value = "10uF"; VariantName = "[No Variations]"
Add component (AddParameter): Name = "Category"; Value = "Cap"; VariantName = "[No Variations]"
Add component (AddParameter): Name = "ComponentLink2Description"; Value = "Datasheet"; VariantName = "[No Variations]"
Add component (AddParameter): Name = "ComponentLink2URL"; Value = "https://search.murata.co.jp/Ceramy/image/img/A01X/G101/ENG/GRM31CR61H106KA12-01A.pdf"; VariantName = "[No Variations]"
Add component (AddParameter): Name = "Device Class L1"; Value = "Passive Components"; VariantName = "[No Variations]"
Add component (AddParameter): Name = "Device Class L2"; Value = "Capacitors"; VariantName = "[No Variations]"
Add component (AddParameter): Name = "Device Class L3"; Value = "Ceramic Capacitors"; VariantName = "[No Variations]"
Add component (AddParameter): Name = "Digikey Description"; Value = "CAP CER 10UF 50V X5R 1206"; VariantName = "[No Variations]"
Add component (AddParameter): Name = "Height"; Value = "1.8mm"; VariantName = "[No Variations]"
Add component (AddParameter): Name = "Lead Free"; Value = "Yes"; VariantName = "[No Variations]"
Add component (AddParameter): Name = "Manufacturer"; Value = "Murata Electronics North America"; VariantName = "[No Variations]"
Add component (AddParameter): Name = "Manufacturer Part Number"; Value = "GRM31CR61H106KA12L"; VariantName = "[No Variations]"
Add component (AddParameter): Name = "Material"; Value = "Ceramic"; VariantName = "[No Variations]"
Add component (AddParameter): Name = "Mouser Description"; Value = "Multilayer Ceramic Capacitors MLCC - SMD/SMT 1206 10uF 50volt X5R +/-10%"; VariantName = "[No Variations]"
Add component (AddParameter): Name = "Octopart"; Value = "https://octopart.com/grm31cr61h106ka12l-murata-18903335"; VariantName = "[No Variations]"
Add component (AddParameter): Name = "Package"; Value = "GRM31-0.2"; VariantName = "[No Variations]"
Add component (AddParameter): Name = "RoHS"; Value = "TRUE"; VariantName = "[No Variations]"
Add component (AddParameter): Name = "Temperature"; Value = "-55°C to +85°C"; VariantName = "[No Variations]"
Add component (AddParameter): Name = "Temperature Characteristic"; Value = "X5R"; VariantName = "[No Variations]"
Add component (AddParameter): Name = "Temperature Coefficient"; Value = "15%"; VariantName = "[No Variations]"
Add component (AddParameter): Name = "Temperature Range High"; Value = "+85°C"; VariantName = "[No Variations]"
Add component (AddParameter): Name = "Temperature Range Low"; Value = "-55°C"; VariantName = "[No Variations]"
Add component (AddParameter): Name = "Tolerance"; Value = "10%"; VariantName = "[No Variations]"
Add component (AddParameter): Name = "Value"; Value = "10uF"; VariantName = "[No Variations]"
Add component (AddParameter): Name = "Voltage Rating"; Value = "50V"; VariantName = "[No Variations]"
Added Component: Designator=C60(FP-GRM31-0_2-MFG)
Add component (AddParameter): Name = "Automotive"; Value = "No"; VariantName = "[No Variations]"
Add component (AddParameter): Name = "Capacitance"; Value = "10uF"; VariantName = "[No Variations]"
Add component (AddParameter): Name = "Category"; Value = "Cap"; VariantName = "[No Variations]"
Add component (AddParameter): Name = "ComponentLink2Description"; Value = "Datasheet"; VariantName = "[No Variations]"
Add component (AddParameter): Name = "ComponentLink2URL"; Value = "https://search.murata.co.jp/Ceramy/image/img/A01X/G101/ENG/GRM31CR61H106KA12-01A.pdf"; VariantName = "[No Variations]"
Add component (AddParameter): Name = "Device Class L1"; Value = "Passive Components"; VariantName = "[No Variations]"
Add component (AddParameter): Name = "Device Class L2"; Value = "Capacitors"; VariantName = "[No Variations]"
Add component (AddParameter): Name = "Device Class L3"; Value = "Ceramic Capacitors"; VariantName = "[No Variations]"
Add component (AddParameter): Name = "Digikey Description"; Value = "CAP CER 10UF 50V X5R 1206"; VariantName = "[No Variations]"
Add component (AddParameter): Name = "Height"; Value = "1.8mm"; VariantName = "[No Variations]"
Add component (AddParameter): Name = "Lead Free"; Value = "Yes"; VariantName = "[No Variations]"
Add component (AddParameter): Name = "Manufacturer"; Value = "Murata Electronics North America"; VariantName = "[No Variations]"
Add component (AddParameter): Name = "Manufacturer Part Number"; Value = "GRM31CR61H106KA12L"; VariantName = "[No Variations]"
Add component (AddParameter): Name = "Material"; Value = "Ceramic"; VariantName = "[No Variations]"
Add component (AddParameter): Name = "Mouser Description"; Value = "Multilayer Ceramic Capacitors MLCC - SMD/SMT 1206 10uF 50volt X5R +/-10%"; VariantName = "[No Variations]"
Add component (AddParameter): Name = "Octopart"; Value = "https://octopart.com/grm31cr61h106ka12l-murata-18903335"; VariantName = "[No Variations]"
Add component (AddParameter): Name = "Package"; Value = "GRM31-0.2"; VariantName = "[No Variations]"
Add component (AddParameter): Name = "RoHS"; Value = "TRUE"; VariantName = "[No Variations]"
Add component (AddParameter): Name = "Temperature"; Value = "-55°C to +85°C"; VariantName = "[No Variations]"
Add component (AddParameter): Name = "Temperature Characteristic"; Value = "X5R"; VariantName = "[No Variations]"
Add component (AddParameter): Name = "Temperature Coefficient"; Value = "15%"; VariantName = "[No Variations]"
Add component (AddParameter): Name = "Temperature Range High"; Value = "+85°C"; VariantName = "[No Variations]"
Add component (AddParameter): Name = "Temperature Range Low"; Value = "-55°C"; VariantName = "[No Variations]"
Add component (AddParameter): Name = "Tolerance"; Value = "10%"; VariantName = "[No Variations]"
Add component (AddParameter): Name = "Value"; Value = "10uF"; VariantName = "[No Variations]"
Add component (AddParameter): Name = "Voltage Rating"; Value = "50V"; VariantName = "[No Variations]"
Added Component: Designator=C61(FP-GRM31-0_2-MFG)
Add component (AddParameter): Name = "Automotive"; Value = "No"; VariantName = "[No Variations]"
Add component (AddParameter): Name = "Capacitance"; Value = "10uF"; VariantName = "[No Variations]"
Add component (AddParameter): Name = "Category"; Value = "Cap"; VariantName = "[No Variations]"
Add component (AddParameter): Name = "ComponentLink2Description"; Value = "Datasheet"; VariantName = "[No Variations]"
Add component (AddParameter): Name = "ComponentLink2URL"; Value = "https://search.murata.co.jp/Ceramy/image/img/A01X/G101/ENG/GRM31CR61H106KA12-01A.pdf"; VariantName = "[No Variations]"
Add component (AddParameter): Name = "Device Class L1"; Value = "Passive Components"; VariantName = "[No Variations]"
Add component (AddParameter): Name = "Device Class L2"; Value = "Capacitors"; VariantName = "[No Variations]"
Add component (AddParameter): Name = "Device Class L3"; Value = "Ceramic Capacitors"; VariantName = "[No Variations]"
Add component (AddParameter): Name = "Digikey Description"; Value = "CAP CER 10UF 50V X5R 1206"; VariantName = "[No Variations]"
Add component (AddParameter): Name = "Height"; Value = "1.8mm"; VariantName = "[No Variations]"
Add component (AddParameter): Name = "Lead Free"; Value = "Yes"; VariantName = "[No Variations]"
Add component (AddParameter): Name = "Manufacturer"; Value = "Murata Electronics North America"; VariantName = "[No Variations]"
Add component (AddParameter): Name = "Manufacturer Part Number"; Value = "GRM31CR61H106KA12L"; VariantName = "[No Variations]"
Add component (AddParameter): Name = "Material"; Value = "Ceramic"; VariantName = "[No Variations]"
Add component (AddParameter): Name = "Mouser Description"; Value = "Multilayer Ceramic Capacitors MLCC - SMD/SMT 1206 10uF 50volt X5R +/-10%"; VariantName = "[No Variations]"
Add component (AddParameter): Name = "Octopart"; Value = "https://octopart.com/grm31cr61h106ka12l-murata-18903335"; VariantName = "[No Variations]"
Add component (AddParameter): Name = "Package"; Value = "GRM31-0.2"; VariantName = "[No Variations]"
Add component (AddParameter): Name = "RoHS"; Value = "TRUE"; VariantName = "[No Variations]"
Add component (AddParameter): Name = "Temperature"; Value = "-55°C to +85°C"; VariantName = "[No Variations]"
Add component (AddParameter): Name = "Temperature Characteristic"; Value = "X5R"; VariantName = "[No Variations]"
Add component (AddParameter): Name = "Temperature Coefficient"; Value = "15%"; VariantName = "[No Variations]"
Add component (AddParameter): Name = "Temperature Range High"; Value = "+85°C"; VariantName = "[No Variations]"
Add component (AddParameter): Name = "Temperature Range Low"; Value = "-55°C"; VariantName = "[No Variations]"
Add component (AddParameter): Name = "Tolerance"; Value = "10%"; VariantName = "[No Variations]"
Add component (AddParameter): Name = "Value"; Value = "10uF"; VariantName = "[No Variations]"
Add component (AddParameter): Name = "Voltage Rating"; Value = "50V"; VariantName = "[No Variations]"
Added Component: Designator=C62(FP-GRM31-0_2-MFG)
Add component (AddParameter): Name = "Automotive"; Value = "No"; VariantName = "[No Variations]"
Add component (AddParameter): Name = "Capacitance"; Value = "10uF"; VariantName = "[No Variations]"
Add component (AddParameter): Name = "Category"; Value = "Cap"; VariantName = "[No Variations]"
Add component (AddParameter): Name = "ComponentLink2Description"; Value = "Datasheet"; VariantName = "[No Variations]"
Add component (AddParameter): Name = "ComponentLink2URL"; Value = "https://search.murata.co.jp/Ceramy/image/img/A01X/G101/ENG/GRM31CR61H106KA12-01A.pdf"; VariantName = "[No Variations]"
Add component (AddParameter): Name = "Device Class L1"; Value = "Passive Components"; VariantName = "[No Variations]"
Add component (AddParameter): Name = "Device Class L2"; Value = "Capacitors"; VariantName = "[No Variations]"
Add component (AddParameter): Name = "Device Class L3"; Value = "Ceramic Capacitors"; VariantName = "[No Variations]"
Add component (AddParameter): Name = "Digikey Description"; Value = "CAP CER 10UF 50V X5R 1206"; VariantName = "[No Variations]"
Add component (AddParameter): Name = "Height"; Value = "1.8mm"; VariantName = "[No Variations]"
Add component (AddParameter): Name = "Lead Free"; Value = "Yes"; VariantName = "[No Variations]"
Add component (AddParameter): Name = "Manufacturer"; Value = "Murata Electronics North America"; VariantName = "[No Variations]"
Add component (AddParameter): Name = "Manufacturer Part Number"; Value = "GRM31CR61H106KA12L"; VariantName = "[No Variations]"
Add component (AddParameter): Name = "Material"; Value = "Ceramic"; VariantName = "[No Variations]"
Add component (AddParameter): Name = "Mouser Description"; Value = "Multilayer Ceramic Capacitors MLCC - SMD/SMT 1206 10uF 50volt X5R +/-10%"; VariantName = "[No Variations]"
Add component (AddParameter): Name = "Octopart"; Value = "https://octopart.com/grm31cr61h106ka12l-murata-18903335"; VariantName = "[No Variations]"
Add component (AddParameter): Name = "Package"; Value = "GRM31-0.2"; VariantName = "[No Variations]"
Add component (AddParameter): Name = "RoHS"; Value = "TRUE"; VariantName = "[No Variations]"
Add component (AddParameter): Name = "Temperature"; Value = "-55°C to +85°C"; VariantName = "[No Variations]"
Add component (AddParameter): Name = "Temperature Characteristic"; Value = "X5R"; VariantName = "[No Variations]"
Add component (AddParameter): Name = "Temperature Coefficient"; Value = "15%"; VariantName = "[No Variations]"
Add component (AddParameter): Name = "Temperature Range High"; Value = "+85°C"; VariantName = "[No Variations]"
Add component (AddParameter): Name = "Temperature Range Low"; Value = "-55°C"; VariantName = "[No Variations]"
Add component (AddParameter): Name = "Tolerance"; Value = "10%"; VariantName = "[No Variations]"
Add component (AddParameter): Name = "Value"; Value = "10uF"; VariantName = "[No Variations]"
Add component (AddParameter): Name = "Voltage Rating"; Value = "50V"; VariantName = "[No Variations]"
Added Component: Designator=C63(FP-GRM31-0_2-MFG)
Add component (AddParameter): Name = "Automotive"; Value = "No"; VariantName = "[No Variations]"
Add component (AddParameter): Name = "Capacitance"; Value = "10uF"; VariantName = "[No Variations]"
Add component (AddParameter): Name = "Category"; Value = "Cap"; VariantName = "[No Variations]"
Add component (AddParameter): Name = "ComponentLink2Description"; Value = "Datasheet"; VariantName = "[No Variations]"
Add component (AddParameter): Name = "ComponentLink2URL"; Value = "https://search.murata.co.jp/Ceramy/image/img/A01X/G101/ENG/GRM31CR61H106KA12-01A.pdf"; VariantName = "[No Variations]"
Add component (AddParameter): Name = "Device Class L1"; Value = "Passive Components"; VariantName = "[No Variations]"
Add component (AddParameter): Name = "Device Class L2"; Value = "Capacitors"; VariantName = "[No Variations]"
Add component (AddParameter): Name = "Device Class L3"; Value = "Ceramic Capacitors"; VariantName = "[No Variations]"
Add component (AddParameter): Name = "Digikey Description"; Value = "CAP CER 10UF 50V X5R 1206"; VariantName = "[No Variations]"
Add component (AddParameter): Name = "Height"; Value = "1.8mm"; VariantName = "[No Variations]"
Add component (AddParameter): Name = "Lead Free"; Value = "Yes"; VariantName = "[No Variations]"
Add component (AddParameter): Name = "Manufacturer"; Value = "Murata Electronics North America"; VariantName = "[No Variations]"
Add component (AddParameter): Name = "Manufacturer Part Number"; Value = "GRM31CR61H106KA12L"; VariantName = "[No Variations]"
Add component (AddParameter): Name = "Material"; Value = "Ceramic"; VariantName = "[No Variations]"
Add component (AddParameter): Name = "Mouser Description"; Value = "Multilayer Ceramic Capacitors MLCC - SMD/SMT 1206 10uF 50volt X5R +/-10%"; VariantName = "[No Variations]"
Add component (AddParameter): Name = "Octopart"; Value = "https://octopart.com/grm31cr61h106ka12l-murata-18903335"; VariantName = "[No Variations]"
Add component (AddParameter): Name = "Package"; Value = "GRM31-0.2"; VariantName = "[No Variations]"
Add component (AddParameter): Name = "RoHS"; Value = "TRUE"; VariantName = "[No Variations]"
Add component (AddParameter): Name = "Temperature"; Value = "-55°C to +85°C"; VariantName = "[No Variations]"
Add component (AddParameter): Name = "Temperature Characteristic"; Value = "X5R"; VariantName = "[No Variations]"
Add component (AddParameter): Name = "Temperature Coefficient"; Value = "15%"; VariantName = "[No Variations]"
Add component (AddParameter): Name = "Temperature Range High"; Value = "+85°C"; VariantName = "[No Variations]"
Add component (AddParameter): Name = "Temperature Range Low"; Value = "-55°C"; VariantName = "[No Variations]"
Add component (AddParameter): Name = "Tolerance"; Value = "10%"; VariantName = "[No Variations]"
Add component (AddParameter): Name = "Value"; Value = "10uF"; VariantName = "[No Variations]"
Add component (AddParameter): Name = "Voltage Rating"; Value = "50V"; VariantName = "[No Variations]"
Added Component: Designator=C64(FP-GRM31-0_2-MFG)
Add component (AddParameter): Name = "Automotive"; Value = "No"; VariantName = "[No Variations]"
Add component (AddParameter): Name = "Capacitance"; Value = "10uF"; VariantName = "[No Variations]"
Add component (AddParameter): Name = "Category"; Value = "Cap"; VariantName = "[No Variations]"
Add component (AddParameter): Name = "ComponentLink2Description"; Value = "Datasheet"; VariantName = "[No Variations]"
Add component (AddParameter): Name = "ComponentLink2URL"; Value = "https://search.murata.co.jp/Ceramy/image/img/A01X/G101/ENG/GRM31CR61H106KA12-01A.pdf"; VariantName = "[No Variations]"
Add component (AddParameter): Name = "Device Class L1"; Value = "Passive Components"; VariantName = "[No Variations]"
Add component (AddParameter): Name = "Device Class L2"; Value = "Capacitors"; VariantName = "[No Variations]"
Add component (AddParameter): Name = "Device Class L3"; Value = "Ceramic Capacitors"; VariantName = "[No Variations]"
Add component (AddParameter): Name = "Digikey Description"; Value = "CAP CER 10UF 50V X5R 1206"; VariantName = "[No Variations]"
Add component (AddParameter): Name = "Height"; Value = "1.8mm"; VariantName = "[No Variations]"
Add component (AddParameter): Name = "Lead Free"; Value = "Yes"; VariantName = "[No Variations]"
Add component (AddParameter): Name = "Manufacturer"; Value = "Murata Electronics North America"; VariantName = "[No Variations]"
Add component (AddParameter): Name = "Manufacturer Part Number"; Value = "GRM31CR61H106KA12L"; VariantName = "[No Variations]"
Add component (AddParameter): Name = "Material"; Value = "Ceramic"; VariantName = "[No Variations]"
Add component (AddParameter): Name = "Mouser Description"; Value = "Multilayer Ceramic Capacitors MLCC - SMD/SMT 1206 10uF 50volt X5R +/-10%"; VariantName = "[No Variations]"
Add component (AddParameter): Name = "Octopart"; Value = "https://octopart.com/grm31cr61h106ka12l-murata-18903335"; VariantName = "[No Variations]"
Add component (AddParameter): Name = "Package"; Value = "GRM31-0.2"; VariantName = "[No Variations]"
Add component (AddParameter): Name = "RoHS"; Value = "TRUE"; VariantName = "[No Variations]"
Add component (AddParameter): Name = "Temperature"; Value = "-55°C to +85°C"; VariantName = "[No Variations]"
Add component (AddParameter): Name = "Temperature Characteristic"; Value = "X5R"; VariantName = "[No Variations]"
Add component (AddParameter): Name = "Temperature Coefficient"; Value = "15%"; VariantName = "[No Variations]"
Add component (AddParameter): Name = "Temperature Range High"; Value = "+85°C"; VariantName = "[No Variations]"
Add component (AddParameter): Name = "Temperature Range Low"; Value = "-55°C"; VariantName = "[No Variations]"
Add component (AddParameter): Name = "Tolerance"; Value = "10%"; VariantName = "[No Variations]"
Add component (AddParameter): Name = "Value"; Value = "10uF"; VariantName = "[No Variations]"
Add component (AddParameter): Name = "Voltage Rating"; Value = "50V"; VariantName = "[No Variations]"
Added Component: Designator=C65(FP-GRM31-0_2-MFG)
Add component (AddParameter): Name = "Automotive"; Value = "No"; VariantName = "[No Variations]"
Add component (AddParameter): Name = "Capacitance"; Value = "10uF"; VariantName = "[No Variations]"
Add component (AddParameter): Name = "Category"; Value = "Cap"; VariantName = "[No Variations]"
Add component (AddParameter): Name = "ComponentLink2Description"; Value = "Datasheet"; VariantName = "[No Variations]"
Add component (AddParameter): Name = "ComponentLink2URL"; Value = "https://search.murata.co.jp/Ceramy/image/img/A01X/G101/ENG/GRM31CR61H106KA12-01A.pdf"; VariantName = "[No Variations]"
Add component (AddParameter): Name = "Device Class L1"; Value = "Passive Components"; VariantName = "[No Variations]"
Add component (AddParameter): Name = "Device Class L2"; Value = "Capacitors"; VariantName = "[No Variations]"
Add component (AddParameter): Name = "Device Class L3"; Value = "Ceramic Capacitors"; VariantName = "[No Variations]"
Add component (AddParameter): Name = "Digikey Description"; Value = "CAP CER 10UF 50V X5R 1206"; VariantName = "[No Variations]"
Add component (AddParameter): Name = "Height"; Value = "1.8mm"; VariantName = "[No Variations]"
Add component (AddParameter): Name = "Lead Free"; Value = "Yes"; VariantName = "[No Variations]"
Add component (AddParameter): Name = "Manufacturer"; Value = "Murata Electronics North America"; VariantName = "[No Variations]"
Add component (AddParameter): Name = "Manufacturer Part Number"; Value = "GRM31CR61H106KA12L"; VariantName = "[No Variations]"
Add component (AddParameter): Name = "Material"; Value = "Ceramic"; VariantName = "[No Variations]"
Add component (AddParameter): Name = "Mouser Description"; Value = "Multilayer Ceramic Capacitors MLCC - SMD/SMT 1206 10uF 50volt X5R +/-10%"; VariantName = "[No Variations]"
Add component (AddParameter): Name = "Octopart"; Value = "https://octopart.com/grm31cr61h106ka12l-murata-18903335"; VariantName = "[No Variations]"
Add component (AddParameter): Name = "Package"; Value = "GRM31-0.2"; VariantName = "[No Variations]"
Add component (AddParameter): Name = "RoHS"; Value = "TRUE"; VariantName = "[No Variations]"
Add component (AddParameter): Name = "Temperature"; Value = "-55°C to +85°C"; VariantName = "[No Variations]"
Add component (AddParameter): Name = "Temperature Characteristic"; Value = "X5R"; VariantName = "[No Variations]"
Add component (AddParameter): Name = "Temperature Coefficient"; Value = "15%"; VariantName = "[No Variations]"
Add component (AddParameter): Name = "Temperature Range High"; Value = "+85°C"; VariantName = "[No Variations]"
Add component (AddParameter): Name = "Temperature Range Low"; Value = "-55°C"; VariantName = "[No Variations]"
Add component (AddParameter): Name = "Tolerance"; Value = "10%"; VariantName = "[No Variations]"
Add component (AddParameter): Name = "Value"; Value = "10uF"; VariantName = "[No Variations]"
Add component (AddParameter): Name = "Voltage Rating"; Value = "50V"; VariantName = "[No Variations]"
Added Component: Designator=C66(FP-0402-L_1_0_0_05-W_0_5-IPC_A)
Add component (AddParameter): Name = "Capacitor Type"; Value = "Ceramic"; VariantName = "[No Variations]"
Add component (AddParameter): Name = "Case/Package"; Value = "0402"; VariantName = "[No Variations]"
Add component (AddParameter): Name = "Max Operating Temperature"; Value = "85°C"; VariantName = "[No Variations]"
Add component (AddParameter): Name = "Min Operating Temperature"; Value = "-55°C"; VariantName = "[No Variations]"
Add component (AddParameter): Name = "Mounting Technology"; Value = "Surface Mount"; VariantName = "[No Variations]"
Add component (AddParameter): Name = "Pins"; Value = "2"; VariantName = "[No Variations]"
Add component (AddParameter): Name = "RoHS Compliant"; Value = "Yes"; VariantName = "[No Variations]"
Add component (AddParameter): Name = "Tolerance"; Value = ""; VariantName = "[No Variations]"
Add component (AddParameter): Name = "Value"; Value = ""; VariantName = "[No Variations]"
Add component (AddParameter): Name = "Voltage Rating"; Value = ""; VariantName = "[No Variations]"
Added Component: Designator=C67(FP-0402-L_1_0_0_05-W_0_5-IPC_A)
Add component (AddParameter): Name = "Capacitor Type"; Value = "Ceramic"; VariantName = "[No Variations]"
Add component (AddParameter): Name = "Case/Package"; Value = "0402"; VariantName = "[No Variations]"
Add component (AddParameter): Name = "Max Operating Temperature"; Value = "85°C"; VariantName = "[No Variations]"
Add component (AddParameter): Name = "Min Operating Temperature"; Value = "-55°C"; VariantName = "[No Variations]"
Add component (AddParameter): Name = "Mounting Technology"; Value = "Surface Mount"; VariantName = "[No Variations]"
Add component (AddParameter): Name = "Pins"; Value = "2"; VariantName = "[No Variations]"
Add component (AddParameter): Name = "RoHS Compliant"; Value = "Yes"; VariantName = "[No Variations]"
Add component (AddParameter): Name = "Tolerance"; Value = ""; VariantName = "[No Variations]"
Add component (AddParameter): Name = "Value"; Value = ""; VariantName = "[No Variations]"
Add component (AddParameter): Name = "Voltage Rating"; Value = ""; VariantName = "[No Variations]"
Added Component: Designator=C68(CAPC3216X110X50LL20T25)
Add component (AddParameter): Name = "Brand"; Value = "Kemet"; VariantName = "[No Variations]"
Add component (AddParameter): Name = "Capacitance"; Value = "1uF"; VariantName = "[No Variations]"
Add component (AddParameter): Name = "Capacitance - nF"; Value = "1000nF"; VariantName = "[No Variations]"
Add component (AddParameter): Name = "Case Code - in"; Value = "1206"; VariantName = "[No Variations]"
Add component (AddParameter): Name = "Case Code - mm"; Value = "3216"; VariantName = "[No Variations]"
Add component (AddParameter): Name = "Case Height"; Value = "1mm"; VariantName = "[No Variations]"
Add component (AddParameter): Name = "Case Length"; Value = "3.2mm"; VariantName = "[No Variations]"
Add component (AddParameter): Name = "Case Width"; Value = "1.6mm"; VariantName = "[No Variations]"
Add component (AddParameter): Name = "Class"; Value = "Class1"; VariantName = "[No Variations]"
Add component (AddParameter): Name = "Datasheet URL"; Value = "http://www.kemet.com/docfinder?Partnumber=C1206C105K5RACTU"; VariantName = "[No Variations]"
Add component (AddParameter): Name = "Datasheet Version"; Value = "02/2016"; VariantName = "[No Variations]"
Add component (AddParameter): Name = "Dielectric"; Value = "X7R"; VariantName = "[No Variations]"
Add component (AddParameter): Name = "Dimensions"; Value = "1.6mmWx3.2mmLx1mmH"; VariantName = "[No Variations]"
Add component (AddParameter): Name = "Factory Pack Quantity"; Value = "2500"; VariantName = "[No Variations]"
Add component (AddParameter): Name = "Manufacturer"; Value = "Kemet"; VariantName = "[No Variations]"
Add component (AddParameter): Name = "Manufacturer URL"; Value = "http://www.kemet.com/"; VariantName = "[No Variations]"
Add component (AddParameter): Name = "Maximum Operating Temperature"; Value = "+125C"; VariantName = "[No Variations]"
Add component (AddParameter): Name = "Minimum Operating Temperature"; Value = "-55C"; VariantName = "[No Variations]"
Add component (AddParameter): Name = "Mounting Technology"; Value = "SurfaceMount"; VariantName = "[No Variations]"
Add component (AddParameter): Name = "Operating Temperature Range"; Value = "-55Cto+125C"; VariantName = "[No Variations]"
Add component (AddParameter): Name = "Package / Case"; Value = "1206(3216metric)"; VariantName = "[No Variations]"
Add component (AddParameter): Name = "Package Description"; Value = "2-Pin Surface Mount Device, Body 3.2 x 1.6 mm"; VariantName = "[No Variations]"
Add component (AddParameter): Name = "Package Reference"; Value = "1206"; VariantName = "[No Variations]"
Add component (AddParameter): Name = "Packaging"; Value = "Reel"; VariantName = "[No Variations]"
Add component (AddParameter): Name = "Product"; Value = "GeneralTypeMLCCs"; VariantName = "[No Variations]"
Add component (AddParameter): Name = "Product Category"; Value = "MultilayerCeramicCapacitorsMLCC-SMD/SMT"; VariantName = "[No Variations]"
Add component (AddParameter): Name = "RoHS"; Value = "Details"; VariantName = "[No Variations]"
Add component (AddParameter): Name = "Series"; Value = "C1206C"; VariantName = "[No Variations]"
Add component (AddParameter): Name = "Temperature Coefficient / Code"; Value = "+/-15%"; VariantName = "[No Variations]"
Add component (AddParameter): Name = "Termination Style"; Value = "SMD/SMT"; VariantName = "[No Variations]"
Add component (AddParameter): Name = "Tolerance"; Value = "10%"; VariantName = "[No Variations]"
Add component (AddParameter): Name = "Type"; Value = "SMDMLCCX7R6.3-250VDCCommericalGrade"; VariantName = "[No Variations]"
Add component (AddParameter): Name = "Voltage Rating"; Value = "50V"; VariantName = "[No Variations]"
Add component (AddParameter): Name = "Voltage Rating DC"; Value = "50V"; VariantName = "[No Variations]"
Added Component: Designator=C69(FP-CKG57N-MFG)
Add component (AddParameter): Name = "Capacitance"; Value = "22uF"; VariantName = "[No Variations]"
Add component (AddParameter): Name = "Case Code (Imperial)"; Value = "2220"; VariantName = "[No Variations]"
Add component (AddParameter): Name = "Case Code (Metric)"; Value = "5750"; VariantName = "[No Variations]"
Add component (AddParameter): Name = "Case/Package"; Value = "Ceramic"; VariantName = "[No Variations]"
Add component (AddParameter): Name = "Depth"; Value = "5mm"; VariantName = "[No Variations]"
Add component (AddParameter): Name = "Dielectric"; Value = "X5R"; VariantName = "[No Variations]"
Add component (AddParameter): Name = "Height"; Value = "5mm"; VariantName = "[No Variations]"
Add component (AddParameter): Name = "Lead Free"; Value = "Lead Free"; VariantName = "[No Variations]"
Add component (AddParameter): Name = "Lead/Base Style"; Value = "L-Lead"; VariantName = "[No Variations]"
Add component (AddParameter): Name = "Length"; Value = "6mm"; VariantName = "[No Variations]"
Add component (AddParameter): Name = "Max Operating Temperature"; Value = "85°C"; VariantName = "[No Variations]"
Add component (AddParameter): Name = "Min Operating Temperature"; Value = "-55°C"; VariantName = "[No Variations]"
Add component (AddParameter): Name = "Mount"; Value = "Surface Mount"; VariantName = "[No Variations]"
Add component (AddParameter): Name = "Number of Pins"; Value = "2"; VariantName = "[No Variations]"
Add component (AddParameter): Name = "Package Quantity"; Value = "1"; VariantName = "[No Variations]"
Add component (AddParameter): Name = "Packaging"; Value = "Tape and Reel"; VariantName = "[No Variations]"
Add component (AddParameter): Name = "Radiation Hardening"; Value = "No"; VariantName = "[No Variations]"
Add component (AddParameter): Name = "REACH SVHC"; Value = "No SVHC"; VariantName = "[No Variations]"
Add component (AddParameter): Name = "Resistor Type"; Value = "Ceramic"; VariantName = "[No Variations]"
Add component (AddParameter): Name = "RoHS Compliant"; Value = "Yes"; VariantName = "[No Variations]"
Add component (AddParameter): Name = "Series"; Value = "CKG"; VariantName = "[No Variations]"
Add component (AddParameter): Name = "Termination"; Value = "Metal"; VariantName = "[No Variations]"
Add component (AddParameter): Name = "Thickness"; Value = "0.217inch"; VariantName = "[No Variations]"
Add component (AddParameter): Name = "Tolerance"; Value = "20%"; VariantName = "[No Variations]"
Add component (AddParameter): Name = "Voltage"; Value = "50V"; VariantName = "[No Variations]"
Add component (AddParameter): Name = "Voltage Rating"; Value = "50V"; VariantName = "[No Variations]"
Add component (AddParameter): Name = "Voltage Rating (DC)"; Value = "50V"; VariantName = "[No Variations]"
Add component (AddParameter): Name = "Width"; Value = "5mm"; VariantName = "[No Variations]"
Added Component: Designator=C70(FP-CKG57N-MFG)
Add component (AddParameter): Name = "Capacitance"; Value = "22uF"; VariantName = "[No Variations]"
Add component (AddParameter): Name = "Case Code (Imperial)"; Value = "2220"; VariantName = "[No Variations]"
Add component (AddParameter): Name = "Case Code (Metric)"; Value = "5750"; VariantName = "[No Variations]"
Add component (AddParameter): Name = "Case/Package"; Value = "Ceramic"; VariantName = "[No Variations]"
Add component (AddParameter): Name = "Depth"; Value = "5mm"; VariantName = "[No Variations]"
Add component (AddParameter): Name = "Dielectric"; Value = "X5R"; VariantName = "[No Variations]"
Add component (AddParameter): Name = "Height"; Value = "5mm"; VariantName = "[No Variations]"
Add component (AddParameter): Name = "Lead Free"; Value = "Lead Free"; VariantName = "[No Variations]"
Add component (AddParameter): Name = "Lead/Base Style"; Value = "L-Lead"; VariantName = "[No Variations]"
Add component (AddParameter): Name = "Length"; Value = "6mm"; VariantName = "[No Variations]"
Add component (AddParameter): Name = "Max Operating Temperature"; Value = "85°C"; VariantName = "[No Variations]"
Add component (AddParameter): Name = "Min Operating Temperature"; Value = "-55°C"; VariantName = "[No Variations]"
Add component (AddParameter): Name = "Mount"; Value = "Surface Mount"; VariantName = "[No Variations]"
Add component (AddParameter): Name = "Number of Pins"; Value = "2"; VariantName = "[No Variations]"
Add component (AddParameter): Name = "Package Quantity"; Value = "1"; VariantName = "[No Variations]"
Add component (AddParameter): Name = "Packaging"; Value = "Tape and Reel"; VariantName = "[No Variations]"
Add component (AddParameter): Name = "Radiation Hardening"; Value = "No"; VariantName = "[No Variations]"
Add component (AddParameter): Name = "REACH SVHC"; Value = "No SVHC"; VariantName = "[No Variations]"
Add component (AddParameter): Name = "Resistor Type"; Value = "Ceramic"; VariantName = "[No Variations]"
Add component (AddParameter): Name = "RoHS Compliant"; Value = "Yes"; VariantName = "[No Variations]"
Add component (AddParameter): Name = "Series"; Value = "CKG"; VariantName = "[No Variations]"
Add component (AddParameter): Name = "Termination"; Value = "Metal"; VariantName = "[No Variations]"
Add component (AddParameter): Name = "Thickness"; Value = "0.217inch"; VariantName = "[No Variations]"
Add component (AddParameter): Name = "Tolerance"; Value = "20%"; VariantName = "[No Variations]"
Add component (AddParameter): Name = "Voltage"; Value = "50V"; VariantName = "[No Variations]"
Add component (AddParameter): Name = "Voltage Rating"; Value = "50V"; VariantName = "[No Variations]"
Add component (AddParameter): Name = "Voltage Rating (DC)"; Value = "50V"; VariantName = "[No Variations]"
Add component (AddParameter): Name = "Width"; Value = "5mm"; VariantName = "[No Variations]"
Added Component: Designator=C71(FP-0402-L_1_0_0_05-W_0_5-IPC_A)
Add component (AddParameter): Name = "Capacitor Type"; Value = "Ceramic"; VariantName = "[No Variations]"
Add component (AddParameter): Name = "Case/Package"; Value = "0402"; VariantName = "[No Variations]"
Add component (AddParameter): Name = "Max Operating Temperature"; Value = "85°C"; VariantName = "[No Variations]"
Add component (AddParameter): Name = "Min Operating Temperature"; Value = "-55°C"; VariantName = "[No Variations]"
Add component (AddParameter): Name = "Mounting Technology"; Value = "Surface Mount"; VariantName = "[No Variations]"
Add component (AddParameter): Name = "Pins"; Value = "2"; VariantName = "[No Variations]"
Add component (AddParameter): Name = "RoHS Compliant"; Value = "Yes"; VariantName = "[No Variations]"
Add component (AddParameter): Name = "Tolerance"; Value = ""; VariantName = "[No Variations]"
Add component (AddParameter): Name = "Value"; Value = ""; VariantName = "[No Variations]"
Add component (AddParameter): Name = "Voltage Rating"; Value = ""; VariantName = "[No Variations]"
Added Component: Designator=C72(FP-0402-L_1_0_0_05-W_0_5-IPC_A)
Add component (AddParameter): Name = "Capacitor Type"; Value = "Ceramic"; VariantName = "[No Variations]"
Add component (AddParameter): Name = "Case/Package"; Value = "0402"; VariantName = "[No Variations]"
Add component (AddParameter): Name = "Max Operating Temperature"; Value = "85°C"; VariantName = "[No Variations]"
Add component (AddParameter): Name = "Min Operating Temperature"; Value = "-55°C"; VariantName = "[No Variations]"
Add component (AddParameter): Name = "Mounting Technology"; Value = "Surface Mount"; VariantName = "[No Variations]"
Add component (AddParameter): Name = "Pins"; Value = "2"; VariantName = "[No Variations]"
Add component (AddParameter): Name = "RoHS Compliant"; Value = "Yes"; VariantName = "[No Variations]"
Add component (AddParameter): Name = "Tolerance"; Value = ""; VariantName = "[No Variations]"
Add component (AddParameter): Name = "Value"; Value = ""; VariantName = "[No Variations]"
Add component (AddParameter): Name = "Voltage Rating"; Value = ""; VariantName = "[No Variations]"
Added Component: Designator=C73(FP-0402-L_1_0_0_05-W_0_5-IPC_A)
Add component (AddParameter): Name = "Capacitor Type"; Value = "Ceramic"; VariantName = "[No Variations]"
Add component (AddParameter): Name = "Case/Package"; Value = "0402"; VariantName = "[No Variations]"
Add component (AddParameter): Name = "Max Operating Temperature"; Value = "85°C"; VariantName = "[No Variations]"
Add component (AddParameter): Name = "Min Operating Temperature"; Value = "-55°C"; VariantName = "[No Variations]"
Add component (AddParameter): Name = "Mounting Technology"; Value = "Surface Mount"; VariantName = "[No Variations]"
Add component (AddParameter): Name = "Pins"; Value = "2"; VariantName = "[No Variations]"
Add component (AddParameter): Name = "RoHS Compliant"; Value = "Yes"; VariantName = "[No Variations]"
Add component (AddParameter): Name = "Tolerance"; Value = ""; VariantName = "[No Variations]"
Add component (AddParameter): Name = "Value"; Value = ""; VariantName = "[No Variations]"
Add component (AddParameter): Name = "Voltage Rating"; Value = ""; VariantName = "[No Variations]"
Added Component: Designator=C74(FP-0402-L_1_0_0_05-W_0_5-IPC_A)
Add component (AddParameter): Name = "Capacitor Type"; Value = "Ceramic"; VariantName = "[No Variations]"
Add component (AddParameter): Name = "Case/Package"; Value = "0402"; VariantName = "[No Variations]"
Add component (AddParameter): Name = "Max Operating Temperature"; Value = "85°C"; VariantName = "[No Variations]"
Add component (AddParameter): Name = "Min Operating Temperature"; Value = "-55°C"; VariantName = "[No Variations]"
Add component (AddParameter): Name = "Mounting Technology"; Value = "Surface Mount"; VariantName = "[No Variations]"
Add component (AddParameter): Name = "Pins"; Value = "2"; VariantName = "[No Variations]"
Add component (AddParameter): Name = "RoHS Compliant"; Value = "Yes"; VariantName = "[No Variations]"
Add component (AddParameter): Name = "Tolerance"; Value = ""; VariantName = "[No Variations]"
Add component (AddParameter): Name = "Value"; Value = ""; VariantName = "[No Variations]"
Add component (AddParameter): Name = "Voltage Rating"; Value = ""; VariantName = "[No Variations]"
Added Component: Designator=C75(FP-0402-L_1_0_0_05-W_0_5-IPC_A)
Add component (AddParameter): Name = "Capacitor Type"; Value = "Ceramic"; VariantName = "[No Variations]"
Add component (AddParameter): Name = "Case/Package"; Value = "0402"; VariantName = "[No Variations]"
Add component (AddParameter): Name = "Max Operating Temperature"; Value = "85°C"; VariantName = "[No Variations]"
Add component (AddParameter): Name = "Min Operating Temperature"; Value = "-55°C"; VariantName = "[No Variations]"
Add component (AddParameter): Name = "Mounting Technology"; Value = "Surface Mount"; VariantName = "[No Variations]"
Add component (AddParameter): Name = "Pins"; Value = "2"; VariantName = "[No Variations]"
Add component (AddParameter): Name = "RoHS Compliant"; Value = "Yes"; VariantName = "[No Variations]"
Add component (AddParameter): Name = "Tolerance"; Value = ""; VariantName = "[No Variations]"
Add component (AddParameter): Name = "Value"; Value = ""; VariantName = "[No Variations]"
Add component (AddParameter): Name = "Voltage Rating"; Value = ""; VariantName = "[No Variations]"
Added Component: Designator=C76(FP-0402-L_1_0_0_05-W_0_5-IPC_A)
Add component (AddParameter): Name = "Capacitor Type"; Value = "Ceramic"; VariantName = "[No Variations]"
Add component (AddParameter): Name = "Case/Package"; Value = "0402"; VariantName = "[No Variations]"
Add component (AddParameter): Name = "Max Operating Temperature"; Value = "85°C"; VariantName = "[No Variations]"
Add component (AddParameter): Name = "Min Operating Temperature"; Value = "-55°C"; VariantName = "[No Variations]"
Add component (AddParameter): Name = "Mounting Technology"; Value = "Surface Mount"; VariantName = "[No Variations]"
Add component (AddParameter): Name = "Pins"; Value = "2"; VariantName = "[No Variations]"
Add component (AddParameter): Name = "RoHS Compliant"; Value = "Yes"; VariantName = "[No Variations]"
Add component (AddParameter): Name = "Tolerance"; Value = ""; VariantName = "[No Variations]"
Add component (AddParameter): Name = "Value"; Value = ""; VariantName = "[No Variations]"
Add component (AddParameter): Name = "Voltage Rating"; Value = ""; VariantName = "[No Variations]"
Added Component: Designator=D8(ONSC-SOD-523-2-502-01_V)
Add component (AddParameter): Name = "ComponentLink1Description"; Value = "Manufacturer URL"; VariantName = "[No Variations]"
Add component (AddParameter): Name = "ComponentLink1URL"; Value = "http://www.onsemi.com/"; VariantName = "[No Variations]"
Add component (AddParameter): Name = "ComponentLink2Description"; Value = "Datasheet"; VariantName = "[No Variations]"
Add component (AddParameter): Name = "ComponentLink2URL"; Value = "http://www.onsemi.cn/pub_link/Collateral/MM5Z2V4T1-D.PDF"; VariantName = "[No Variations]"
Add component (AddParameter): Name = "ComponentLink3Description"; Value = "Package Specification"; VariantName = "[No Variations]"
Add component (AddParameter): Name = "ComponentLink3URL"; Value = "http://www.onsemi.com/pub_link/Collateral/502-01.PDF"; VariantName = "[No Variations]"
Add component (AddParameter): Name = "DatasheetVersion"; Value = "Rev. 10"; VariantName = "[No Variations]"
Add component (AddParameter): Name = "Manufacturer"; Value = "On Semiconductor"; VariantName = "[No Variations]"
Add component (AddParameter): Name = "Mounting Technology"; Value = "Surface Mount"; VariantName = "[No Variations]"
Add component (AddParameter): Name = "P Max (W)"; Value = "0.5"; VariantName = "[No Variations]"
Add component (AddParameter): Name = "PackageDescription"; Value = "2-Pin SOD, Body 1.2 x 0.8 mm"; VariantName = "[No Variations]"
Add component (AddParameter): Name = "PackageReference"; Value = "SOD-523-2-502-01"; VariantName = "[No Variations]"
Add component (AddParameter): Name = "PackageVersion"; Value = "Rev. E, 09/2010"; VariantName = "[No Variations]"
Add component (AddParameter): Name = "Packing"; Value = "Tape and Reel"; VariantName = "[No Variations]"
Add component (AddParameter): Name = "PartNumber"; Value = "MM5Z3V3T1G"; VariantName = "[No Variations]"
Add component (AddParameter): Name = "RoHS"; Value = "Pb-Free"; VariantName = "[No Variations]"
Add component (AddParameter): Name = "VZ Typ (V)"; Value = "3.3"; VariantName = "[No Variations]"
Added Component: Designator=F6_BYPASS_0(FP-0466-MFG)
Add component (AddParameter): Name = "Automotive"; Value = "No"; VariantName = "[No Variations]"
Add component (AddParameter): Name = "Category"; Value = "Fuse"; VariantName = "[No Variations]"
Add component (AddParameter): Name = "ComponentLink2Description"; Value = "Datasheet"; VariantName = "[No Variations]"
Add component (AddParameter): Name = "ComponentLink2URL"; Value = "https://www.littelfuse.com/~/media/electronics/datasheets/fuses/littelfuse_fuse_466_datasheet.pdf.pdf"; VariantName = "[No Variations]"
Add component (AddParameter): Name = "Device Class L1"; Value = "Circuit Protection"; VariantName = "[No Variations]"
Add component (AddParameter): Name = "Device Class L2"; Value = "Fuses"; VariantName = "[No Variations]"
Add component (AddParameter): Name = "Device Class L3"; Value = "unset"; VariantName = "[No Variations]"
Add component (AddParameter): Name = "Digikey Description"; Value = "FUSE BOARD MNT 3A 32VAC/VDC 1206"; VariantName = "[No Variations]"
Add component (AddParameter): Name = "Fuse Blow Speed"; Value = "Fast"; VariantName = "[No Variations]"
Add component (AddParameter): Name = "Fuse Current"; Value = "3A"; VariantName = "[No Variations]"
Add component (AddParameter): Name = "Fuse I2T"; Value = "0.576A2Sec"; VariantName = "[No Variations]"
Add component (AddParameter): Name = "Fuse Interrupt Ac Current"; Value = "50A"; VariantName = "[No Variations]"
Add component (AddParameter): Name = "Fuse Interrupt Dc Current"; Value = "50A"; VariantName = "[No Variations]"
Add component (AddParameter): Name = "Fuse Voltage Drop"; Value = "75.99mV"; VariantName = "[No Variations]"
Add component (AddParameter): Name = "Height"; Value = "0.66mm"; VariantName = "[No Variations]"
Add component (AddParameter): Name = "Lead Free"; Value = "Yes"; VariantName = "[No Variations]"
Add component (AddParameter): Name = "Manufacturer"; Value = "Littelfuse"; VariantName = "[No Variations]"
Add component (AddParameter): Name = "Manufacturer Part Number"; Value = "0466003.NR"; VariantName = "[No Variations]"
Add component (AddParameter): Name = "Max Fuse Ac Voltage"; Value = "32V"; VariantName = "[No Variations]"
Add component (AddParameter): Name = "Max Fuse Dc Voltage"; Value = "32V"; VariantName = "[No Variations]"
Add component (AddParameter): Name = "Mouser Description"; Value = "Surface Mount Fuses 32V 3A VFA Slimline"; VariantName = "[No Variations]"
Add component (AddParameter): Name = "Octopart"; Value = "https://octopart.com/0466003.nr-littelfuse-565175"; VariantName = "[No Variations]"
Add component (AddParameter): Name = "Package"; Value = "0466"; VariantName = "[No Variations]"
Add component (AddParameter): Name = "Resistance"; Value = "0.019O"; VariantName = "[No Variations]"
Add component (AddParameter): Name = "RoHS"; Value = "TRUE"; VariantName = "[No Variations]"
Add component (AddParameter): Name = "Temperature"; Value = "-55°C to +90°C"; VariantName = "[No Variations]"
Add component (AddParameter): Name = "Temperature Range High"; Value = "+90°C"; VariantName = "[No Variations]"
Add component (AddParameter): Name = "Temperature Range Low"; Value = "-55°C"; VariantName = "[No Variations]"
Add component (AddParameter): Name = "Value"; Value = "0.019O"; VariantName = "[No Variations]"
Add component (AddParameter): Name = "Voltage Rating"; Value = "32V"; VariantName = "[No Variations]"
Added Component: Designator=F6_BYPASS_1(FP-0466-MFG)
Add component (AddParameter): Name = "Automotive"; Value = "No"; VariantName = "[No Variations]"
Add component (AddParameter): Name = "Category"; Value = "Fuse"; VariantName = "[No Variations]"
Add component (AddParameter): Name = "ComponentLink2Description"; Value = "Datasheet"; VariantName = "[No Variations]"
Add component (AddParameter): Name = "ComponentLink2URL"; Value = "https://www.littelfuse.com/~/media/electronics/datasheets/fuses/littelfuse_fuse_466_datasheet.pdf.pdf"; VariantName = "[No Variations]"
Add component (AddParameter): Name = "Device Class L1"; Value = "Circuit Protection"; VariantName = "[No Variations]"
Add component (AddParameter): Name = "Device Class L2"; Value = "Fuses"; VariantName = "[No Variations]"
Add component (AddParameter): Name = "Device Class L3"; Value = "unset"; VariantName = "[No Variations]"
Add component (AddParameter): Name = "Digikey Description"; Value = "FUSE BOARD MNT 3A 32VAC/VDC 1206"; VariantName = "[No Variations]"
Add component (AddParameter): Name = "Fuse Blow Speed"; Value = "Fast"; VariantName = "[No Variations]"
Add component (AddParameter): Name = "Fuse Current"; Value = "3A"; VariantName = "[No Variations]"
Add component (AddParameter): Name = "Fuse I2T"; Value = "0.576A2Sec"; VariantName = "[No Variations]"
Add component (AddParameter): Name = "Fuse Interrupt Ac Current"; Value = "50A"; VariantName = "[No Variations]"
Add component (AddParameter): Name = "Fuse Interrupt Dc Current"; Value = "50A"; VariantName = "[No Variations]"
Add component (AddParameter): Name = "Fuse Voltage Drop"; Value = "75.99mV"; VariantName = "[No Variations]"
Add component (AddParameter): Name = "Height"; Value = "0.66mm"; VariantName = "[No Variations]"
Add component (AddParameter): Name = "Lead Free"; Value = "Yes"; VariantName = "[No Variations]"
Add component (AddParameter): Name = "Manufacturer"; Value = "Littelfuse"; VariantName = "[No Variations]"
Add component (AddParameter): Name = "Manufacturer Part Number"; Value = "0466003.NR"; VariantName = "[No Variations]"
Add component (AddParameter): Name = "Max Fuse Ac Voltage"; Value = "32V"; VariantName = "[No Variations]"
Add component (AddParameter): Name = "Max Fuse Dc Voltage"; Value = "32V"; VariantName = "[No Variations]"
Add component (AddParameter): Name = "Mouser Description"; Value = "Surface Mount Fuses 32V 3A VFA Slimline"; VariantName = "[No Variations]"
Add component (AddParameter): Name = "Octopart"; Value = "https://octopart.com/0466003.nr-littelfuse-565175"; VariantName = "[No Variations]"
Add component (AddParameter): Name = "Package"; Value = "0466"; VariantName = "[No Variations]"
Add component (AddParameter): Name = "Resistance"; Value = "0.019O"; VariantName = "[No Variations]"
Add component (AddParameter): Name = "RoHS"; Value = "TRUE"; VariantName = "[No Variations]"
Add component (AddParameter): Name = "Temperature"; Value = "-55°C to +90°C"; VariantName = "[No Variations]"
Add component (AddParameter): Name = "Temperature Range High"; Value = "+90°C"; VariantName = "[No Variations]"
Add component (AddParameter): Name = "Temperature Range Low"; Value = "-55°C"; VariantName = "[No Variations]"
Add component (AddParameter): Name = "Value"; Value = "0.019O"; VariantName = "[No Variations]"
Add component (AddParameter): Name = "Voltage Rating"; Value = "32V"; VariantName = "[No Variations]"
Added Component: Designator=F6_BYPASS_2(FP-0466-MFG)
Add component (AddParameter): Name = "Automotive"; Value = "No"; VariantName = "[No Variations]"
Add component (AddParameter): Name = "Category"; Value = "Fuse"; VariantName = "[No Variations]"
Add component (AddParameter): Name = "ComponentLink2Description"; Value = "Datasheet"; VariantName = "[No Variations]"
Add component (AddParameter): Name = "ComponentLink2URL"; Value = "https://www.littelfuse.com/~/media/electronics/datasheets/fuses/littelfuse_fuse_466_datasheet.pdf.pdf"; VariantName = "[No Variations]"
Add component (AddParameter): Name = "Device Class L1"; Value = "Circuit Protection"; VariantName = "[No Variations]"
Add component (AddParameter): Name = "Device Class L2"; Value = "Fuses"; VariantName = "[No Variations]"
Add component (AddParameter): Name = "Device Class L3"; Value = "unset"; VariantName = "[No Variations]"
Add component (AddParameter): Name = "Digikey Description"; Value = "FUSE BOARD MNT 3A 32VAC/VDC 1206"; VariantName = "[No Variations]"
Add component (AddParameter): Name = "Fuse Blow Speed"; Value = "Fast"; VariantName = "[No Variations]"
Add component (AddParameter): Name = "Fuse Current"; Value = "3A"; VariantName = "[No Variations]"
Add component (AddParameter): Name = "Fuse I2T"; Value = "0.576A2Sec"; VariantName = "[No Variations]"
Add component (AddParameter): Name = "Fuse Interrupt Ac Current"; Value = "50A"; VariantName = "[No Variations]"
Add component (AddParameter): Name = "Fuse Interrupt Dc Current"; Value = "50A"; VariantName = "[No Variations]"
Add component (AddParameter): Name = "Fuse Voltage Drop"; Value = "75.99mV"; VariantName = "[No Variations]"
Add component (AddParameter): Name = "Height"; Value = "0.66mm"; VariantName = "[No Variations]"
Add component (AddParameter): Name = "Lead Free"; Value = "Yes"; VariantName = "[No Variations]"
Add component (AddParameter): Name = "Manufacturer"; Value = "Littelfuse"; VariantName = "[No Variations]"
Add component (AddParameter): Name = "Manufacturer Part Number"; Value = "0466003.NR"; VariantName = "[No Variations]"
Add component (AddParameter): Name = "Max Fuse Ac Voltage"; Value = "32V"; VariantName = "[No Variations]"
Add component (AddParameter): Name = "Max Fuse Dc Voltage"; Value = "32V"; VariantName = "[No Variations]"
Add component (AddParameter): Name = "Mouser Description"; Value = "Surface Mount Fuses 32V 3A VFA Slimline"; VariantName = "[No Variations]"
Add component (AddParameter): Name = "Octopart"; Value = "https://octopart.com/0466003.nr-littelfuse-565175"; VariantName = "[No Variations]"
Add component (AddParameter): Name = "Package"; Value = "0466"; VariantName = "[No Variations]"
Add component (AddParameter): Name = "Resistance"; Value = "0.019O"; VariantName = "[No Variations]"
Add component (AddParameter): Name = "RoHS"; Value = "TRUE"; VariantName = "[No Variations]"
Add component (AddParameter): Name = "Temperature"; Value = "-55°C to +90°C"; VariantName = "[No Variations]"
Add component (AddParameter): Name = "Temperature Range High"; Value = "+90°C"; VariantName = "[No Variations]"
Add component (AddParameter): Name = "Temperature Range Low"; Value = "-55°C"; VariantName = "[No Variations]"
Add component (AddParameter): Name = "Value"; Value = "0.019O"; VariantName = "[No Variations]"
Add component (AddParameter): Name = "Voltage Rating"; Value = "32V"; VariantName = "[No Variations]"
Added Component: Designator=F6_BYPASS_3(FP-0466-MFG)
Add component (AddParameter): Name = "Automotive"; Value = "No"; VariantName = "[No Variations]"
Add component (AddParameter): Name = "Category"; Value = "Fuse"; VariantName = "[No Variations]"
Add component (AddParameter): Name = "ComponentLink2Description"; Value = "Datasheet"; VariantName = "[No Variations]"
Add component (AddParameter): Name = "ComponentLink2URL"; Value = "https://www.littelfuse.com/~/media/electronics/datasheets/fuses/littelfuse_fuse_466_datasheet.pdf.pdf"; VariantName = "[No Variations]"
Add component (AddParameter): Name = "Device Class L1"; Value = "Circuit Protection"; VariantName = "[No Variations]"
Add component (AddParameter): Name = "Device Class L2"; Value = "Fuses"; VariantName = "[No Variations]"
Add component (AddParameter): Name = "Device Class L3"; Value = "unset"; VariantName = "[No Variations]"
Add component (AddParameter): Name = "Digikey Description"; Value = "FUSE BOARD MNT 3A 32VAC/VDC 1206"; VariantName = "[No Variations]"
Add component (AddParameter): Name = "Fuse Blow Speed"; Value = "Fast"; VariantName = "[No Variations]"
Add component (AddParameter): Name = "Fuse Current"; Value = "3A"; VariantName = "[No Variations]"
Add component (AddParameter): Name = "Fuse I2T"; Value = "0.576A2Sec"; VariantName = "[No Variations]"
Add component (AddParameter): Name = "Fuse Interrupt Ac Current"; Value = "50A"; VariantName = "[No Variations]"
Add component (AddParameter): Name = "Fuse Interrupt Dc Current"; Value = "50A"; VariantName = "[No Variations]"
Add component (AddParameter): Name = "Fuse Voltage Drop"; Value = "75.99mV"; VariantName = "[No Variations]"
Add component (AddParameter): Name = "Height"; Value = "0.66mm"; VariantName = "[No Variations]"
Add component (AddParameter): Name = "Lead Free"; Value = "Yes"; VariantName = "[No Variations]"
Add component (AddParameter): Name = "Manufacturer"; Value = "Littelfuse"; VariantName = "[No Variations]"
Add component (AddParameter): Name = "Manufacturer Part Number"; Value = "0466003.NR"; VariantName = "[No Variations]"
Add component (AddParameter): Name = "Max Fuse Ac Voltage"; Value = "32V"; VariantName = "[No Variations]"
Add component (AddParameter): Name = "Max Fuse Dc Voltage"; Value = "32V"; VariantName = "[No Variations]"
Add component (AddParameter): Name = "Mouser Description"; Value = "Surface Mount Fuses 32V 3A VFA Slimline"; VariantName = "[No Variations]"
Add component (AddParameter): Name = "Octopart"; Value = "https://octopart.com/0466003.nr-littelfuse-565175"; VariantName = "[No Variations]"
Add component (AddParameter): Name = "Package"; Value = "0466"; VariantName = "[No Variations]"
Add component (AddParameter): Name = "Resistance"; Value = "0.019O"; VariantName = "[No Variations]"
Add component (AddParameter): Name = "RoHS"; Value = "TRUE"; VariantName = "[No Variations]"
Add component (AddParameter): Name = "Temperature"; Value = "-55°C to +90°C"; VariantName = "[No Variations]"
Add component (AddParameter): Name = "Temperature Range High"; Value = "+90°C"; VariantName = "[No Variations]"
Add component (AddParameter): Name = "Temperature Range Low"; Value = "-55°C"; VariantName = "[No Variations]"
Add component (AddParameter): Name = "Value"; Value = "0.019O"; VariantName = "[No Variations]"
Add component (AddParameter): Name = "Voltage Rating"; Value = "32V"; VariantName = "[No Variations]"
Added Component: Designator=L3(WE-HCI_7040)
Add component (AddParameter): Name = "Ambient Temperature Range High"; Value = "100°C"; VariantName = "[No Variations]"
Add component (AddParameter): Name = "Ambient Temperature Range Low"; Value = "-40°C"; VariantName = "[No Variations]"
Add component (AddParameter): Name = "Case/Package"; Value = "Nonstandard"; VariantName = "[No Variations]"
Add component (AddParameter): Name = "Composition"; Value = "Wirewound"; VariantName = "[No Variations]"
Add component (AddParameter): Name = "Current Rating"; Value = "15A"; VariantName = "[No Variations]"
Add component (AddParameter): Name = "DC Resistance (DCR)"; Value = "4.6mO"; VariantName = "[No Variations]"
Add component (AddParameter): Name = "Height"; Value = "3.8mm"; VariantName = "[No Variations]"
Add component (AddParameter): Name = "Height - Seated (Max)"; Value = "3.9878mm"; VariantName = "[No Variations]"
Add component (AddParameter): Name = "Inductance"; Value = "1µH"; VariantName = "[No Variations]"
Add component (AddParameter): Name = "Inductance Tolerance"; Value = "20%"; VariantName = "[No Variations]"
Add component (AddParameter): Name = "Length"; Value = "7mm"; VariantName = "[No Variations]"
Add component (AddParameter): Name = "Max DC Current"; Value = "15A"; VariantName = "[No Variations]"
Add component (AddParameter): Name = "Max Operating Temperature"; Value = "150°C"; VariantName = "[No Variations]"
Add component (AddParameter): Name = "Min Operating Temperature"; Value = "-40°C"; VariantName = "[No Variations]"
Add component (AddParameter): Name = "Mount"; Value = "Surface Mount"; VariantName = "[No Variations]"
Add component (AddParameter): Name = "NexarPartId"; Value = "20056790"; VariantName = "[No Variations]"
Add component (AddParameter): Name = "Number of Pins"; Value = "2"; VariantName = "[No Variations]"
Add component (AddParameter): Name = "Packaging"; Value = "Digi-Reel®"; VariantName = "[No Variations]"
Add component (AddParameter): Name = "REACH SVHC"; Value = "Unknown"; VariantName = "[No Variations]"
Add component (AddParameter): Name = "RMS Current (Irms)"; Value = "15A"; VariantName = "[No Variations]"
Add component (AddParameter): Name = "RoHS"; Value = "Compliant"; VariantName = "[No Variations]"
Add component (AddParameter): Name = "Saturation Current"; Value = "19A"; VariantName = "[No Variations]"
Add component (AddParameter): Name = "Self Resonant Frequency"; Value = "85MHz"; VariantName = "[No Variations]"
Add component (AddParameter): Name = "Series Resistance"; Value = "4.6O"; VariantName = "[No Variations]"
Add component (AddParameter): Name = "Shielding"; Value = "Shielded"; VariantName = "[No Variations]"
Add component (AddParameter): Name = "Termination"; Value = "SMD/SMT"; VariantName = "[No Variations]"
Add component (AddParameter): Name = "Test Frequency"; Value = "100kHz"; VariantName = "[No Variations]"
Add component (AddParameter): Name = "Tolerance"; Value = "20%"; VariantName = "[No Variations]"
Add component (AddParameter): Name = "Width"; Value = "6.9mm"; VariantName = "[No Variations]"
Added Component: Designator=Q3(SISH615ADN-T1-GE3-Footprint-1)
Add component (AddParameter): Name = "Case/Package"; Value = ""; VariantName = "[No Variations]"
Add component (AddParameter): Name = "Component Type"; Value = "Standard"; VariantName = "[No Variations]"
Add component (AddParameter): Name = "Design Item ID"; Value = "CMP-013-00036-4"; VariantName = "[No Variations]"
Add component (AddParameter): Name = "Max Operating Temperature"; Value = ""; VariantName = "[No Variations]"
Add component (AddParameter): Name = "Min Operating Temperature"; Value = ""; VariantName = "[No Variations]"
Add component (AddParameter): Name = "Mounting Technology"; Value = ""; VariantName = "[No Variations]"
Add component (AddParameter): Name = "Pins"; Value = "5"; VariantName = "[No Variations]"
Add component (AddParameter): Name = "Power"; Value = ""; VariantName = "[No Variations]"
Add component (AddParameter): Name = "RoHS Compliant"; Value = ""; VariantName = "[No Variations]"
Add component (AddParameter): Name = "Source"; Value = "SISH615ADN-T1-GE3.SchLib"; VariantName = "[No Variations]"
Add component (AddParameter): Name = "Transistor Type"; Value = ""; VariantName = "[No Variations]"
Add component (AddParameter): Name = "Vgs (Max)"; Value = ""; VariantName = "[No Variations]"
Add component (AddParameter): Name = "Vgs(th) (Max) @ Id"; Value = ""; VariantName = "[No Variations]"
Added Component: Designator=Q9(FP-T16-0236-MFG)
Add component (AddParameter): Name = "Automotive"; Value = "No"; VariantName = "[No Variations]"
Add component (AddParameter): Name = "Category"; Value = "Trans"; VariantName = "[No Variations]"
Add component (AddParameter): Name = "ComponentLink2Description"; Value = "Datasheet"; VariantName = "[No Variations]"
Add component (AddParameter): Name = "ComponentLink2URL"; Value = "https://www.vishay.com/docs/76248/sud80460e.pdf"; VariantName = "[No Variations]"
Add component (AddParameter): Name = "Continuous Drain Current"; Value = "42A"; VariantName = "[No Variations]"
Add component (AddParameter): Name = "Depletion Mode"; Value = "False"; VariantName = "[No Variations]"
Add component (AddParameter): Name = "Device Class L1"; Value = "Discrete Semiconductors"; VariantName = "[No Variations]"
Add component (AddParameter): Name = "Device Class L2"; Value = "Transistors"; VariantName = "[No Variations]"
Add component (AddParameter): Name = "Device Class L3"; Value = "MOSFETs"; VariantName = "[No Variations]"
Add component (AddParameter): Name = "Digikey Description"; Value = "MOSFET N-CH 150V 42A TO252AA"; VariantName = "[No Variations]"
Add component (AddParameter): Name = "Drain To Source Breakdown Voltage"; Value = "150V"; VariantName = "[No Variations]"
Add component (AddParameter): Name = "Drain To Source Resistance"; Value = "0.0372O"; VariantName = "[No Variations]"
Add component (AddParameter): Name = "Drain To Source Voltage"; Value = "150V"; VariantName = "[No Variations]"
Add component (AddParameter): Name = "Footprint Url"; Value = "https://www.vishay.com/docs/71197/to252aa.pdf"; VariantName = "[No Variations]"
Add component (AddParameter): Name = "Gate Charge At Vgs"; Value = "10.5nC @ 10V"; VariantName = "[No Variations]"
Add component (AddParameter): Name = "Gate To Source Voltage"; Value = "20V"; VariantName = "[No Variations]"
Add component (AddParameter): Name = "Height"; Value = "2.507mm"; VariantName = "[No Variations]"
Add component (AddParameter): Name = "Input Capacitace At Vds"; Value = "560pF @ 50V"; VariantName = "[No Variations]"
Add component (AddParameter): Name = "Lead Free"; Value = "Yes"; VariantName = "[No Variations]"
Add component (AddParameter): Name = "Manufacturer"; Value = "Vishay"; VariantName = "[No Variations]"
Add component (AddParameter): Name = "Manufacturer Part Number"; Value = "SUD80460E-GE3"; VariantName = "[No Variations]"
Add component (AddParameter): Name = "Max Forward Diode Voltage"; Value = "1.5V"; VariantName = "[No Variations]"
Add component (AddParameter): Name = "Max Junction Temp"; Value = "+175°C"; VariantName = "[No Variations]"
Add component (AddParameter): Name = "Number Of Channels"; Value = "1"; VariantName = "[No Variations]"
Add component (AddParameter): Name = "Number Of N Channels"; Value = "1"; VariantName = "[No Variations]"
Add component (AddParameter): Name = "Octopart"; Value = "https://octopart.com/sud80460e-ge3-vishay-78440626"; VariantName = "[No Variations]"
Add component (AddParameter): Name = "Package"; Value = "T16-0236"; VariantName = "[No Variations]"
Add component (AddParameter): Name = "Power Dissipation"; Value = "65.2W"; VariantName = "[No Variations]"
Add component (AddParameter): Name = "Pulse Drain Current"; Value = "40A"; VariantName = "[No Variations]"
Add component (AddParameter): Name = "Reverse Recovery Charge"; Value = "210nC"; VariantName = "[No Variations]"
Add component (AddParameter): Name = "Reverse Recovery Time"; Value = "68ns"; VariantName = "[No Variations]"
Add component (AddParameter): Name = "RoHS"; Value = "TRUE"; VariantName = "[No Variations]"
Add component (AddParameter): Name = "Rthja Max"; Value = "50°C/W"; VariantName = "[No Variations]"
Add component (AddParameter): Name = "Temperature"; Value = "-55°C to +175°C"; VariantName = "[No Variations]"
Add component (AddParameter): Name = "Temperature Range High"; Value = "+175°C"; VariantName = "[No Variations]"
Add component (AddParameter): Name = "Temperature Range Low"; Value = "-55°C"; VariantName = "[No Variations]"
Add component (AddParameter): Name = "Threshold Vgs Max"; Value = "4V"; VariantName = "[No Variations]"
Add component (AddParameter): Name = "Threshold Vgs Min"; Value = "2V"; VariantName = "[No Variations]"
Add component (AddParameter): Name = "Transconductance"; Value = "11S"; VariantName = "[No Variations]"
Add component (AddParameter): Name = "Turn Off Delay Time"; Value = "15ns"; VariantName = "[No Variations]"
Add component (AddParameter): Name = "Turn On Delay Time"; Value = "8ns"; VariantName = "[No Variations]"
Add component (AddParameter): Name = "Typ Forward Diode Voltage"; Value = "0.85V"; VariantName = "[No Variations]"
Added Component: Designator=Q10(FP-T16-0236-MFG)
Add component (AddParameter): Name = "Automotive"; Value = "No"; VariantName = "[No Variations]"
Add component (AddParameter): Name = "Category"; Value = "Trans"; VariantName = "[No Variations]"
Add component (AddParameter): Name = "ComponentLink2Description"; Value = "Datasheet"; VariantName = "[No Variations]"
Add component (AddParameter): Name = "ComponentLink2URL"; Value = "https://www.vishay.com/docs/76248/sud80460e.pdf"; VariantName = "[No Variations]"
Add component (AddParameter): Name = "Continuous Drain Current"; Value = "42A"; VariantName = "[No Variations]"
Add component (AddParameter): Name = "Depletion Mode"; Value = "False"; VariantName = "[No Variations]"
Add component (AddParameter): Name = "Device Class L1"; Value = "Discrete Semiconductors"; VariantName = "[No Variations]"
Add component (AddParameter): Name = "Device Class L2"; Value = "Transistors"; VariantName = "[No Variations]"
Add component (AddParameter): Name = "Device Class L3"; Value = "MOSFETs"; VariantName = "[No Variations]"
Add component (AddParameter): Name = "Digikey Description"; Value = "MOSFET N-CH 150V 42A TO252AA"; VariantName = "[No Variations]"
Add component (AddParameter): Name = "Drain To Source Breakdown Voltage"; Value = "150V"; VariantName = "[No Variations]"
Add component (AddParameter): Name = "Drain To Source Resistance"; Value = "0.0372O"; VariantName = "[No Variations]"
Add component (AddParameter): Name = "Drain To Source Voltage"; Value = "150V"; VariantName = "[No Variations]"
Add component (AddParameter): Name = "Footprint Url"; Value = "https://www.vishay.com/docs/71197/to252aa.pdf"; VariantName = "[No Variations]"
Add component (AddParameter): Name = "Gate Charge At Vgs"; Value = "10.5nC @ 10V"; VariantName = "[No Variations]"
Add component (AddParameter): Name = "Gate To Source Voltage"; Value = "20V"; VariantName = "[No Variations]"
Add component (AddParameter): Name = "Height"; Value = "2.507mm"; VariantName = "[No Variations]"
Add component (AddParameter): Name = "Input Capacitace At Vds"; Value = "560pF @ 50V"; VariantName = "[No Variations]"
Add component (AddParameter): Name = "Lead Free"; Value = "Yes"; VariantName = "[No Variations]"
Add component (AddParameter): Name = "Manufacturer"; Value = "Vishay"; VariantName = "[No Variations]"
Add component (AddParameter): Name = "Manufacturer Part Number"; Value = "SUD80460E-GE3"; VariantName = "[No Variations]"
Add component (AddParameter): Name = "Max Forward Diode Voltage"; Value = "1.5V"; VariantName = "[No Variations]"
Add component (AddParameter): Name = "Max Junction Temp"; Value = "+175°C"; VariantName = "[No Variations]"
Add component (AddParameter): Name = "Number Of Channels"; Value = "1"; VariantName = "[No Variations]"
Add component (AddParameter): Name = "Number Of N Channels"; Value = "1"; VariantName = "[No Variations]"
Add component (AddParameter): Name = "Octopart"; Value = "https://octopart.com/sud80460e-ge3-vishay-78440626"; VariantName = "[No Variations]"
Add component (AddParameter): Name = "Package"; Value = "T16-0236"; VariantName = "[No Variations]"
Add component (AddParameter): Name = "Power Dissipation"; Value = "65.2W"; VariantName = "[No Variations]"
Add component (AddParameter): Name = "Pulse Drain Current"; Value = "40A"; VariantName = "[No Variations]"
Add component (AddParameter): Name = "Reverse Recovery Charge"; Value = "210nC"; VariantName = "[No Variations]"
Add component (AddParameter): Name = "Reverse Recovery Time"; Value = "68ns"; VariantName = "[No Variations]"
Add component (AddParameter): Name = "RoHS"; Value = "TRUE"; VariantName = "[No Variations]"
Add component (AddParameter): Name = "Rthja Max"; Value = "50°C/W"; VariantName = "[No Variations]"
Add component (AddParameter): Name = "Temperature"; Value = "-55°C to +175°C"; VariantName = "[No Variations]"
Add component (AddParameter): Name = "Temperature Range High"; Value = "+175°C"; VariantName = "[No Variations]"
Add component (AddParameter): Name = "Temperature Range Low"; Value = "-55°C"; VariantName = "[No Variations]"
Add component (AddParameter): Name = "Threshold Vgs Max"; Value = "4V"; VariantName = "[No Variations]"
Add component (AddParameter): Name = "Threshold Vgs Min"; Value = "2V"; VariantName = "[No Variations]"
Add component (AddParameter): Name = "Transconductance"; Value = "11S"; VariantName = "[No Variations]"
Add component (AddParameter): Name = "Turn Off Delay Time"; Value = "15ns"; VariantName = "[No Variations]"
Add component (AddParameter): Name = "Turn On Delay Time"; Value = "8ns"; VariantName = "[No Variations]"
Add component (AddParameter): Name = "Typ Forward Diode Voltage"; Value = "0.85V"; VariantName = "[No Variations]"
Added Component: Designator=R26(R0603B)
Add component (AddParameter): Name = "Contact Finish"; Value = ""; VariantName = "[No Variations]"
Add component (AddParameter): Name = "FIT"; Value = ""; VariantName = "[No Variations]"
Add component (AddParameter): Name = "Materials"; Value = ""; VariantName = "[No Variations]"
Add component (AddParameter): Name = "Max Operating Temperature"; Value = ""; VariantName = "[No Variations]"
Add component (AddParameter): Name = "MFR"; Value = ""; VariantName = "[No Variations]"
Add component (AddParameter): Name = "MFR PN"; Value = ""; VariantName = "[No Variations]"
Add component (AddParameter): Name = "Min Operating Temperature"; Value = ""; VariantName = "[No Variations]"
Add component (AddParameter): Name = "Mounting Technology"; Value = ""; VariantName = "[No Variations]"
Add component (AddParameter): Name = "Note"; Value = ""; VariantName = "[No Variations]"
Add component (AddParameter): Name = "Package"; Value = ""; VariantName = "[No Variations]"
Add component (AddParameter): Name = "Pins"; Value = ""; VariantName = "[No Variations]"
Add component (AddParameter): Name = "Power"; Value = ""; VariantName = "[No Variations]"
Add component (AddParameter): Name = "Rating"; Value = ""; VariantName = "[No Variations]"
Add component (AddParameter): Name = "RoHS Compliant"; Value = ""; VariantName = "[No Variations]"
Add component (AddParameter): Name = "Temperature Coefficient"; Value = ""; VariantName = "[No Variations]"
Add component (AddParameter): Name = "Tolerance"; Value = ""; VariantName = "[No Variations]"
Add component (AddParameter): Name = "Type"; Value = ""; VariantName = "[No Variations]"
Add component (AddParameter): Name = "Value"; Value = "100k"; VariantName = "[No Variations]"
Add component (AddParameter): Name = "Voltage Rating"; Value = ""; VariantName = "[No Variations]"
Add component (AddParameter): Name = "Weight"; Value = ""; VariantName = "[No Variations]"
Added Component: Designator=R27(R0603B)
Add component (AddParameter): Name = "Contact Finish"; Value = ""; VariantName = "[No Variations]"
Add component (AddParameter): Name = "FIT"; Value = ""; VariantName = "[No Variations]"
Add component (AddParameter): Name = "Materials"; Value = ""; VariantName = "[No Variations]"
Add component (AddParameter): Name = "Max Operating Temperature"; Value = ""; VariantName = "[No Variations]"
Add component (AddParameter): Name = "MFR"; Value = ""; VariantName = "[No Variations]"
Add component (AddParameter): Name = "MFR PN"; Value = ""; VariantName = "[No Variations]"
Add component (AddParameter): Name = "Min Operating Temperature"; Value = ""; VariantName = "[No Variations]"
Add component (AddParameter): Name = "Mounting Technology"; Value = ""; VariantName = "[No Variations]"
Add component (AddParameter): Name = "Note"; Value = ""; VariantName = "[No Variations]"
Add component (AddParameter): Name = "Package"; Value = ""; VariantName = "[No Variations]"
Add component (AddParameter): Name = "Pins"; Value = ""; VariantName = "[No Variations]"
Add component (AddParameter): Name = "Power"; Value = ""; VariantName = "[No Variations]"
Add component (AddParameter): Name = "Rating"; Value = ""; VariantName = "[No Variations]"
Add component (AddParameter): Name = "RoHS Compliant"; Value = ""; VariantName = "[No Variations]"
Add component (AddParameter): Name = "Temperature Coefficient"; Value = ""; VariantName = "[No Variations]"
Add component (AddParameter): Name = "Tolerance"; Value = ""; VariantName = "[No Variations]"
Add component (AddParameter): Name = "Type"; Value = ""; VariantName = "[No Variations]"
Add component (AddParameter): Name = "Value"; Value = "100k"; VariantName = "[No Variations]"
Add component (AddParameter): Name = "Voltage Rating"; Value = ""; VariantName = "[No Variations]"
Add component (AddParameter): Name = "Weight"; Value = ""; VariantName = "[No Variations]"
Added Component: Designator=R57_BYPASS_0(R0603B)
Add component (AddParameter): Name = "Contact Finish"; Value = ""; VariantName = "[No Variations]"
Add component (AddParameter): Name = "FIT"; Value = ""; VariantName = "[No Variations]"
Add component (AddParameter): Name = "Materials"; Value = ""; VariantName = "[No Variations]"
Add component (AddParameter): Name = "Max Operating Temperature"; Value = ""; VariantName = "[No Variations]"
Add component (AddParameter): Name = "MFR"; Value = ""; VariantName = "[No Variations]"
Add component (AddParameter): Name = "MFR PN"; Value = ""; VariantName = "[No Variations]"
Add component (AddParameter): Name = "Min Operating Temperature"; Value = ""; VariantName = "[No Variations]"
Add component (AddParameter): Name = "Mounting Technology"; Value = ""; VariantName = "[No Variations]"
Add component (AddParameter): Name = "Note"; Value = ""; VariantName = "[No Variations]"
Add component (AddParameter): Name = "Package"; Value = ""; VariantName = "[No Variations]"
Add component (AddParameter): Name = "Pins"; Value = ""; VariantName = "[No Variations]"
Add component (AddParameter): Name = "Power"; Value = ""; VariantName = "[No Variations]"
Add component (AddParameter): Name = "Rating"; Value = ""; VariantName = "[No Variations]"
Add component (AddParameter): Name = "RoHS Compliant"; Value = ""; VariantName = "[No Variations]"
Add component (AddParameter): Name = "Temperature Coefficient"; Value = ""; VariantName = "[No Variations]"
Add component (AddParameter): Name = "Tolerance"; Value = ""; VariantName = "[No Variations]"
Add component (AddParameter): Name = "Type"; Value = ""; VariantName = "[No Variations]"
Add component (AddParameter): Name = "Value"; Value = "100k"; VariantName = "[No Variations]"
Add component (AddParameter): Name = "Voltage Rating"; Value = ""; VariantName = "[No Variations]"
Add component (AddParameter): Name = "Weight"; Value = ""; VariantName = "[No Variations]"
Added Component: Designator=R57_BYPASS_1(R0603B)
Add component (AddParameter): Name = "Contact Finish"; Value = ""; VariantName = "[No Variations]"
Add component (AddParameter): Name = "FIT"; Value = ""; VariantName = "[No Variations]"
Add component (AddParameter): Name = "Materials"; Value = ""; VariantName = "[No Variations]"
Add component (AddParameter): Name = "Max Operating Temperature"; Value = ""; VariantName = "[No Variations]"
Add component (AddParameter): Name = "MFR"; Value = ""; VariantName = "[No Variations]"
Add component (AddParameter): Name = "MFR PN"; Value = ""; VariantName = "[No Variations]"
Add component (AddParameter): Name = "Min Operating Temperature"; Value = ""; VariantName = "[No Variations]"
Add component (AddParameter): Name = "Mounting Technology"; Value = ""; VariantName = "[No Variations]"
Add component (AddParameter): Name = "Note"; Value = ""; VariantName = "[No Variations]"
Add component (AddParameter): Name = "Package"; Value = ""; VariantName = "[No Variations]"
Add component (AddParameter): Name = "Pins"; Value = ""; VariantName = "[No Variations]"
Add component (AddParameter): Name = "Power"; Value = ""; VariantName = "[No Variations]"
Add component (AddParameter): Name = "Rating"; Value = ""; VariantName = "[No Variations]"
Add component (AddParameter): Name = "RoHS Compliant"; Value = ""; VariantName = "[No Variations]"
Add component (AddParameter): Name = "Temperature Coefficient"; Value = ""; VariantName = "[No Variations]"
Add component (AddParameter): Name = "Tolerance"; Value = ""; VariantName = "[No Variations]"
Add component (AddParameter): Name = "Type"; Value = ""; VariantName = "[No Variations]"
Add component (AddParameter): Name = "Value"; Value = "100k"; VariantName = "[No Variations]"
Add component (AddParameter): Name = "Voltage Rating"; Value = ""; VariantName = "[No Variations]"
Add component (AddParameter): Name = "Weight"; Value = ""; VariantName = "[No Variations]"
Added Component: Designator=R57_BYPASS_2(R0603B)
Add component (AddParameter): Name = "Contact Finish"; Value = ""; VariantName = "[No Variations]"
Add component (AddParameter): Name = "FIT"; Value = ""; VariantName = "[No Variations]"
Add component (AddParameter): Name = "Materials"; Value = ""; VariantName = "[No Variations]"
Add component (AddParameter): Name = "Max Operating Temperature"; Value = ""; VariantName = "[No Variations]"
Add component (AddParameter): Name = "MFR"; Value = ""; VariantName = "[No Variations]"
Add component (AddParameter): Name = "MFR PN"; Value = ""; VariantName = "[No Variations]"
Add component (AddParameter): Name = "Min Operating Temperature"; Value = ""; VariantName = "[No Variations]"
Add component (AddParameter): Name = "Mounting Technology"; Value = ""; VariantName = "[No Variations]"
Add component (AddParameter): Name = "Note"; Value = ""; VariantName = "[No Variations]"
Add component (AddParameter): Name = "Package"; Value = ""; VariantName = "[No Variations]"
Add component (AddParameter): Name = "Pins"; Value = ""; VariantName = "[No Variations]"
Add component (AddParameter): Name = "Power"; Value = ""; VariantName = "[No Variations]"
Add component (AddParameter): Name = "Rating"; Value = ""; VariantName = "[No Variations]"
Add component (AddParameter): Name = "RoHS Compliant"; Value = ""; VariantName = "[No Variations]"
Add component (AddParameter): Name = "Temperature Coefficient"; Value = ""; VariantName = "[No Variations]"
Add component (AddParameter): Name = "Tolerance"; Value = ""; VariantName = "[No Variations]"
Add component (AddParameter): Name = "Type"; Value = ""; VariantName = "[No Variations]"
Add component (AddParameter): Name = "Value"; Value = "100k"; VariantName = "[No Variations]"
Add component (AddParameter): Name = "Voltage Rating"; Value = ""; VariantName = "[No Variations]"
Add component (AddParameter): Name = "Weight"; Value = ""; VariantName = "[No Variations]"
Added Component: Designator=R57_BYPASS_3(R0603B)
Add component (AddParameter): Name = "Contact Finish"; Value = ""; VariantName = "[No Variations]"
Add component (AddParameter): Name = "FIT"; Value = ""; VariantName = "[No Variations]"
Add component (AddParameter): Name = "Materials"; Value = ""; VariantName = "[No Variations]"
Add component (AddParameter): Name = "Max Operating Temperature"; Value = ""; VariantName = "[No Variations]"
Add component (AddParameter): Name = "MFR"; Value = ""; VariantName = "[No Variations]"
Add component (AddParameter): Name = "MFR PN"; Value = ""; VariantName = "[No Variations]"
Add component (AddParameter): Name = "Min Operating Temperature"; Value = ""; VariantName = "[No Variations]"
Add component (AddParameter): Name = "Mounting Technology"; Value = ""; VariantName = "[No Variations]"
Add component (AddParameter): Name = "Note"; Value = ""; VariantName = "[No Variations]"
Add component (AddParameter): Name = "Package"; Value = ""; VariantName = "[No Variations]"
Add component (AddParameter): Name = "Pins"; Value = ""; VariantName = "[No Variations]"
Add component (AddParameter): Name = "Power"; Value = ""; VariantName = "[No Variations]"
Add component (AddParameter): Name = "Rating"; Value = ""; VariantName = "[No Variations]"
Add component (AddParameter): Name = "RoHS Compliant"; Value = ""; VariantName = "[No Variations]"
Add component (AddParameter): Name = "Temperature Coefficient"; Value = ""; VariantName = "[No Variations]"
Add component (AddParameter): Name = "Tolerance"; Value = ""; VariantName = "[No Variations]"
Add component (AddParameter): Name = "Type"; Value = ""; VariantName = "[No Variations]"
Add component (AddParameter): Name = "Value"; Value = "100k"; VariantName = "[No Variations]"
Add component (AddParameter): Name = "Voltage Rating"; Value = ""; VariantName = "[No Variations]"
Add component (AddParameter): Name = "Weight"; Value = ""; VariantName = "[No Variations]"
Added Component: Designator=R85(FP-FCSL90-R001-MFG)
Add component (AddParameter): Name = "Case Code (Imperial)"; Value = "3518"; VariantName = "[No Variations]"
Add component (AddParameter): Name = "Case Code (Metric)"; Value = "9045"; VariantName = "[No Variations]"
Add component (AddParameter): Name = "Case/Package"; Value = "9045"; VariantName = "[No Variations]"
Add component (AddParameter): Name = "Depth"; Value = "4.5mm"; VariantName = "[No Variations]"
Add component (AddParameter): Name = "Features"; Value = "Moisture Resistant"; VariantName = "[No Variations]"
Add component (AddParameter): Name = "Height"; Value = "0.028inch"; VariantName = "[No Variations]"
Add component (AddParameter): Name = "Length"; Value = "0.177inch"; VariantName = "[No Variations]"
Add component (AddParameter): Name = "Max Operating Temperature"; Value = "155°C"; VariantName = "[No Variations]"
Add component (AddParameter): Name = "Max Power Dissipation"; Value = "4W"; VariantName = "[No Variations]"
Add component (AddParameter): Name = "Min Operating Temperature"; Value = "-55°C"; VariantName = "[No Variations]"
Add component (AddParameter): Name = "Mount"; Value = "Surface Mount"; VariantName = "[No Variations]"
Add component (AddParameter): Name = "Number of Pins"; Value = "2"; VariantName = "[No Variations]"
Add component (AddParameter): Name = "Number of Terminations"; Value = "2"; VariantName = "[No Variations]"
Add component (AddParameter): Name = "Package Quantity"; Value = "1"; VariantName = "[No Variations]"
Add component (AddParameter): Name = "Packaging"; Value = "Tape and Reel"; VariantName = "[No Variations]"
Add component (AddParameter): Name = "Power Rating"; Value = "4W"; VariantName = "[No Variations]"
Add component (AddParameter): Name = "Resistance"; Value = "1mR"; VariantName = "[No Variations]"
Add component (AddParameter): Name = "Resistance Tolerance"; Value = "5%"; VariantName = "[No Variations]"
Add component (AddParameter): Name = "Resistor Type"; Value = "Metal Foil"; VariantName = "[No Variations]"
Add component (AddParameter): Name = "RoHS Compliant"; Value = "Yes"; VariantName = "[No Variations]"
Add component (AddParameter): Name = "Series"; Value = "FCSL"; VariantName = "[No Variations]"
Add component (AddParameter): Name = "Technology"; Value = "METAL FOIL"; VariantName = "[No Variations]"
Add component (AddParameter): Name = "Temperature Coefficient"; Value = "150ppm/°C"; VariantName = "[No Variations]"
Add component (AddParameter): Name = "Termination"; Value = "SMD/SMT"; VariantName = "[No Variations]"
Add component (AddParameter): Name = "Tolerance"; Value = "5%"; VariantName = "[No Variations]"
Add component (AddParameter): Name = "Width"; Value = "8.9mm"; VariantName = "[No Variations]"
Added Component: Designator=R86(R0603B)
Add component (AddParameter): Name = "Contact Finish"; Value = ""; VariantName = "[No Variations]"
Add component (AddParameter): Name = "FIT"; Value = ""; VariantName = "[No Variations]"
Add component (AddParameter): Name = "Materials"; Value = ""; VariantName = "[No Variations]"
Add component (AddParameter): Name = "Max Operating Temperature"; Value = ""; VariantName = "[No Variations]"
Add component (AddParameter): Name = "MFR"; Value = ""; VariantName = "[No Variations]"
Add component (AddParameter): Name = "MFR PN"; Value = ""; VariantName = "[No Variations]"
Add component (AddParameter): Name = "Min Operating Temperature"; Value = ""; VariantName = "[No Variations]"
Add component (AddParameter): Name = "Mounting Technology"; Value = ""; VariantName = "[No Variations]"
Add component (AddParameter): Name = "Note"; Value = ""; VariantName = "[No Variations]"
Add component (AddParameter): Name = "Package"; Value = ""; VariantName = "[No Variations]"
Add component (AddParameter): Name = "Pins"; Value = ""; VariantName = "[No Variations]"
Add component (AddParameter): Name = "Power"; Value = ""; VariantName = "[No Variations]"
Add component (AddParameter): Name = "Rating"; Value = ""; VariantName = "[No Variations]"
Add component (AddParameter): Name = "RoHS Compliant"; Value = ""; VariantName = "[No Variations]"
Add component (AddParameter): Name = "Temperature Coefficient"; Value = ""; VariantName = "[No Variations]"
Add component (AddParameter): Name = "Tolerance"; Value = ""; VariantName = "[No Variations]"
Add component (AddParameter): Name = "Type"; Value = ""; VariantName = "[No Variations]"
Add component (AddParameter): Name = "Value"; Value = "330"; VariantName = "[No Variations]"
Add component (AddParameter): Name = "Voltage Rating"; Value = ""; VariantName = "[No Variations]"
Add component (AddParameter): Name = "Weight"; Value = ""; VariantName = "[No Variations]"
Added Component: Designator=R87(R0603B)
Add component (AddParameter): Name = "Contact Finish"; Value = ""; VariantName = "[No Variations]"
Add component (AddParameter): Name = "FIT"; Value = ""; VariantName = "[No Variations]"
Add component (AddParameter): Name = "Materials"; Value = ""; VariantName = "[No Variations]"
Add component (AddParameter): Name = "Max Operating Temperature"; Value = ""; VariantName = "[No Variations]"
Add component (AddParameter): Name = "MFR"; Value = ""; VariantName = "[No Variations]"
Add component (AddParameter): Name = "MFR PN"; Value = ""; VariantName = "[No Variations]"
Add component (AddParameter): Name = "Min Operating Temperature"; Value = ""; VariantName = "[No Variations]"
Add component (AddParameter): Name = "Mounting Technology"; Value = ""; VariantName = "[No Variations]"
Add component (AddParameter): Name = "Note"; Value = ""; VariantName = "[No Variations]"
Add component (AddParameter): Name = "Package"; Value = ""; VariantName = "[No Variations]"
Add component (AddParameter): Name = "Pins"; Value = ""; VariantName = "[No Variations]"
Add component (AddParameter): Name = "Power"; Value = ""; VariantName = "[No Variations]"
Add component (AddParameter): Name = "Rating"; Value = ""; VariantName = "[No Variations]"
Add component (AddParameter): Name = "RoHS Compliant"; Value = ""; VariantName = "[No Variations]"
Add component (AddParameter): Name = "Temperature Coefficient"; Value = ""; VariantName = "[No Variations]"
Add component (AddParameter): Name = "Tolerance"; Value = ""; VariantName = "[No Variations]"
Add component (AddParameter): Name = "Type"; Value = ""; VariantName = "[No Variations]"
Add component (AddParameter): Name = "Value"; Value = "330"; VariantName = "[No Variations]"
Add component (AddParameter): Name = "Voltage Rating"; Value = ""; VariantName = "[No Variations]"
Add component (AddParameter): Name = "Weight"; Value = ""; VariantName = "[No Variations]"
Added Component: Designator=R88(R0603B)
Add component (AddParameter): Name = "Contact Finish"; Value = ""; VariantName = "[No Variations]"
Add component (AddParameter): Name = "FIT"; Value = ""; VariantName = "[No Variations]"
Add component (AddParameter): Name = "Materials"; Value = ""; VariantName = "[No Variations]"
Add component (AddParameter): Name = "Max Operating Temperature"; Value = ""; VariantName = "[No Variations]"
Add component (AddParameter): Name = "MFR"; Value = ""; VariantName = "[No Variations]"
Add component (AddParameter): Name = "MFR PN"; Value = ""; VariantName = "[No Variations]"
Add component (AddParameter): Name = "Min Operating Temperature"; Value = ""; VariantName = "[No Variations]"
Add component (AddParameter): Name = "Mounting Technology"; Value = ""; VariantName = "[No Variations]"
Add component (AddParameter): Name = "Note"; Value = ""; VariantName = "[No Variations]"
Add component (AddParameter): Name = "Package"; Value = ""; VariantName = "[No Variations]"
Add component (AddParameter): Name = "Pins"; Value = ""; VariantName = "[No Variations]"
Add component (AddParameter): Name = "Power"; Value = ""; VariantName = "[No Variations]"
Add component (AddParameter): Name = "Rating"; Value = ""; VariantName = "[No Variations]"
Add component (AddParameter): Name = "RoHS Compliant"; Value = ""; VariantName = "[No Variations]"
Add component (AddParameter): Name = "Temperature Coefficient"; Value = ""; VariantName = "[No Variations]"
Add component (AddParameter): Name = "Tolerance"; Value = ""; VariantName = "[No Variations]"
Add component (AddParameter): Name = "Type"; Value = ""; VariantName = "[No Variations]"
Add component (AddParameter): Name = "Value"; Value = "330"; VariantName = "[No Variations]"
Add component (AddParameter): Name = "Voltage Rating"; Value = ""; VariantName = "[No Variations]"
Add component (AddParameter): Name = "Weight"; Value = ""; VariantName = "[No Variations]"
Added Component: Designator=R89(R0603B)
Add component (AddParameter): Name = "Contact Finish"; Value = ""; VariantName = "[No Variations]"
Add component (AddParameter): Name = "FIT"; Value = ""; VariantName = "[No Variations]"
Add component (AddParameter): Name = "Materials"; Value = ""; VariantName = "[No Variations]"
Add component (AddParameter): Name = "Max Operating Temperature"; Value = ""; VariantName = "[No Variations]"
Add component (AddParameter): Name = "MFR"; Value = ""; VariantName = "[No Variations]"
Add component (AddParameter): Name = "MFR PN"; Value = ""; VariantName = "[No Variations]"
Add component (AddParameter): Name = "Min Operating Temperature"; Value = ""; VariantName = "[No Variations]"
Add component (AddParameter): Name = "Mounting Technology"; Value = ""; VariantName = "[No Variations]"
Add component (AddParameter): Name = "Note"; Value = ""; VariantName = "[No Variations]"
Add component (AddParameter): Name = "Package"; Value = ""; VariantName = "[No Variations]"
Add component (AddParameter): Name = "Pins"; Value = ""; VariantName = "[No Variations]"
Add component (AddParameter): Name = "Power"; Value = ""; VariantName = "[No Variations]"
Add component (AddParameter): Name = "Rating"; Value = ""; VariantName = "[No Variations]"
Add component (AddParameter): Name = "RoHS Compliant"; Value = ""; VariantName = "[No Variations]"
Add component (AddParameter): Name = "Temperature Coefficient"; Value = ""; VariantName = "[No Variations]"
Add component (AddParameter): Name = "Tolerance"; Value = ""; VariantName = "[No Variations]"
Add component (AddParameter): Name = "Type"; Value = ""; VariantName = "[No Variations]"
Add component (AddParameter): Name = "Value"; Value = "330"; VariantName = "[No Variations]"
Add component (AddParameter): Name = "Voltage Rating"; Value = ""; VariantName = "[No Variations]"
Add component (AddParameter): Name = "Weight"; Value = ""; VariantName = "[No Variations]"
Added Component: Designator=R90(R0603B)
Add component (AddParameter): Name = "Contact Finish"; Value = ""; VariantName = "[No Variations]"
Add component (AddParameter): Name = "FIT"; Value = ""; VariantName = "[No Variations]"
Add component (AddParameter): Name = "Materials"; Value = ""; VariantName = "[No Variations]"
Add component (AddParameter): Name = "Max Operating Temperature"; Value = ""; VariantName = "[No Variations]"
Add component (AddParameter): Name = "MFR"; Value = ""; VariantName = "[No Variations]"
Add component (AddParameter): Name = "MFR PN"; Value = ""; VariantName = "[No Variations]"
Add component (AddParameter): Name = "Min Operating Temperature"; Value = ""; VariantName = "[No Variations]"
Add component (AddParameter): Name = "Mounting Technology"; Value = ""; VariantName = "[No Variations]"
Add component (AddParameter): Name = "Note"; Value = ""; VariantName = "[No Variations]"
Add component (AddParameter): Name = "Package"; Value = ""; VariantName = "[No Variations]"
Add component (AddParameter): Name = "Pins"; Value = ""; VariantName = "[No Variations]"
Add component (AddParameter): Name = "Power"; Value = ""; VariantName = "[No Variations]"
Add component (AddParameter): Name = "Rating"; Value = ""; VariantName = "[No Variations]"
Add component (AddParameter): Name = "RoHS Compliant"; Value = ""; VariantName = "[No Variations]"
Add component (AddParameter): Name = "Temperature Coefficient"; Value = ""; VariantName = "[No Variations]"
Add component (AddParameter): Name = "Tolerance"; Value = ""; VariantName = "[No Variations]"
Add component (AddParameter): Name = "Type"; Value = ""; VariantName = "[No Variations]"
Add component (AddParameter): Name = "Value"; Value = "330"; VariantName = "[No Variations]"
Add component (AddParameter): Name = "Voltage Rating"; Value = ""; VariantName = "[No Variations]"
Add component (AddParameter): Name = "Weight"; Value = ""; VariantName = "[No Variations]"
Added Component: Designator=R91(R0603B)
Add component (AddParameter): Name = "Contact Finish"; Value = ""; VariantName = "[No Variations]"
Add component (AddParameter): Name = "FIT"; Value = ""; VariantName = "[No Variations]"
Add component (AddParameter): Name = "Materials"; Value = ""; VariantName = "[No Variations]"
Add component (AddParameter): Name = "Max Operating Temperature"; Value = ""; VariantName = "[No Variations]"
Add component (AddParameter): Name = "MFR"; Value = ""; VariantName = "[No Variations]"
Add component (AddParameter): Name = "MFR PN"; Value = ""; VariantName = "[No Variations]"
Add component (AddParameter): Name = "Min Operating Temperature"; Value = ""; VariantName = "[No Variations]"
Add component (AddParameter): Name = "Mounting Technology"; Value = ""; VariantName = "[No Variations]"
Add component (AddParameter): Name = "Note"; Value = ""; VariantName = "[No Variations]"
Add component (AddParameter): Name = "Package"; Value = ""; VariantName = "[No Variations]"
Add component (AddParameter): Name = "Pins"; Value = ""; VariantName = "[No Variations]"
Add component (AddParameter): Name = "Power"; Value = ""; VariantName = "[No Variations]"
Add component (AddParameter): Name = "Rating"; Value = ""; VariantName = "[No Variations]"
Add component (AddParameter): Name = "RoHS Compliant"; Value = ""; VariantName = "[No Variations]"
Add component (AddParameter): Name = "Temperature Coefficient"; Value = ""; VariantName = "[No Variations]"
Add component (AddParameter): Name = "Tolerance"; Value = ""; VariantName = "[No Variations]"
Add component (AddParameter): Name = "Type"; Value = ""; VariantName = "[No Variations]"
Add component (AddParameter): Name = "Value"; Value = "330"; VariantName = "[No Variations]"
Add component (AddParameter): Name = "Voltage Rating"; Value = ""; VariantName = "[No Variations]"
Add component (AddParameter): Name = "Weight"; Value = ""; VariantName = "[No Variations]"
Added Component: Designator=R92(R0603B)
Add component (AddParameter): Name = "Contact Finish"; Value = ""; VariantName = "[No Variations]"
Add component (AddParameter): Name = "FIT"; Value = ""; VariantName = "[No Variations]"
Add component (AddParameter): Name = "Materials"; Value = ""; VariantName = "[No Variations]"
Add component (AddParameter): Name = "Max Operating Temperature"; Value = ""; VariantName = "[No Variations]"
Add component (AddParameter): Name = "MFR"; Value = ""; VariantName = "[No Variations]"
Add component (AddParameter): Name = "MFR PN"; Value = ""; VariantName = "[No Variations]"
Add component (AddParameter): Name = "Min Operating Temperature"; Value = ""; VariantName = "[No Variations]"
Add component (AddParameter): Name = "Mounting Technology"; Value = ""; VariantName = "[No Variations]"
Add component (AddParameter): Name = "Note"; Value = ""; VariantName = "[No Variations]"
Add component (AddParameter): Name = "Package"; Value = ""; VariantName = "[No Variations]"
Add component (AddParameter): Name = "Pins"; Value = ""; VariantName = "[No Variations]"
Add component (AddParameter): Name = "Power"; Value = ""; VariantName = "[No Variations]"
Add component (AddParameter): Name = "Rating"; Value = ""; VariantName = "[No Variations]"
Add component (AddParameter): Name = "RoHS Compliant"; Value = ""; VariantName = "[No Variations]"
Add component (AddParameter): Name = "Temperature Coefficient"; Value = ""; VariantName = "[No Variations]"
Add component (AddParameter): Name = "Tolerance"; Value = ""; VariantName = "[No Variations]"
Add component (AddParameter): Name = "Type"; Value = ""; VariantName = "[No Variations]"
Add component (AddParameter): Name = "Value"; Value = "330"; VariantName = "[No Variations]"
Add component (AddParameter): Name = "Voltage Rating"; Value = ""; VariantName = "[No Variations]"
Add component (AddParameter): Name = "Weight"; Value = ""; VariantName = "[No Variations]"
Added Component: Designator=R93(R0603B)
Add component (AddParameter): Name = "Contact Finish"; Value = ""; VariantName = "[No Variations]"
Add component (AddParameter): Name = "FIT"; Value = ""; VariantName = "[No Variations]"
Add component (AddParameter): Name = "Materials"; Value = ""; VariantName = "[No Variations]"
Add component (AddParameter): Name = "Max Operating Temperature"; Value = ""; VariantName = "[No Variations]"
Add component (AddParameter): Name = "MFR"; Value = ""; VariantName = "[No Variations]"
Add component (AddParameter): Name = "MFR PN"; Value = ""; VariantName = "[No Variations]"
Add component (AddParameter): Name = "Min Operating Temperature"; Value = ""; VariantName = "[No Variations]"
Add component (AddParameter): Name = "Mounting Technology"; Value = ""; VariantName = "[No Variations]"
Add component (AddParameter): Name = "Note"; Value = ""; VariantName = "[No Variations]"
Add component (AddParameter): Name = "Package"; Value = ""; VariantName = "[No Variations]"
Add component (AddParameter): Name = "Pins"; Value = ""; VariantName = "[No Variations]"
Add component (AddParameter): Name = "Power"; Value = ""; VariantName = "[No Variations]"
Add component (AddParameter): Name = "Rating"; Value = ""; VariantName = "[No Variations]"
Add component (AddParameter): Name = "RoHS Compliant"; Value = ""; VariantName = "[No Variations]"
Add component (AddParameter): Name = "Temperature Coefficient"; Value = ""; VariantName = "[No Variations]"
Add component (AddParameter): Name = "Tolerance"; Value = ""; VariantName = "[No Variations]"
Add component (AddParameter): Name = "Type"; Value = ""; VariantName = "[No Variations]"
Add component (AddParameter): Name = "Value"; Value = "330"; VariantName = "[No Variations]"
Add component (AddParameter): Name = "Voltage Rating"; Value = ""; VariantName = "[No Variations]"
Add component (AddParameter): Name = "Weight"; Value = ""; VariantName = "[No Variations]"
Added Component: Designator=R94(R0603B)
Add component (AddParameter): Name = "Contact Finish"; Value = ""; VariantName = "[No Variations]"
Add component (AddParameter): Name = "FIT"; Value = ""; VariantName = "[No Variations]"
Add component (AddParameter): Name = "Materials"; Value = ""; VariantName = "[No Variations]"
Add component (AddParameter): Name = "Max Operating Temperature"; Value = ""; VariantName = "[No Variations]"
Add component (AddParameter): Name = "MFR"; Value = ""; VariantName = "[No Variations]"
Add component (AddParameter): Name = "MFR PN"; Value = ""; VariantName = "[No Variations]"
Add component (AddParameter): Name = "Min Operating Temperature"; Value = ""; VariantName = "[No Variations]"
Add component (AddParameter): Name = "Mounting Technology"; Value = ""; VariantName = "[No Variations]"
Add component (AddParameter): Name = "Note"; Value = ""; VariantName = "[No Variations]"
Add component (AddParameter): Name = "Package"; Value = ""; VariantName = "[No Variations]"
Add component (AddParameter): Name = "Pins"; Value = ""; VariantName = "[No Variations]"
Add component (AddParameter): Name = "Power"; Value = ""; VariantName = "[No Variations]"
Add component (AddParameter): Name = "Rating"; Value = ""; VariantName = "[No Variations]"
Add component (AddParameter): Name = "RoHS Compliant"; Value = ""; VariantName = "[No Variations]"
Add component (AddParameter): Name = "Temperature Coefficient"; Value = ""; VariantName = "[No Variations]"
Add component (AddParameter): Name = "Tolerance"; Value = ""; VariantName = "[No Variations]"
Add component (AddParameter): Name = "Type"; Value = ""; VariantName = "[No Variations]"
Add component (AddParameter): Name = "Value"; Value = "330"; VariantName = "[No Variations]"
Add component (AddParameter): Name = "Voltage Rating"; Value = ""; VariantName = "[No Variations]"
Add component (AddParameter): Name = "Weight"; Value = ""; VariantName = "[No Variations]"
Added Component: Designator=U14(QFN50P350X350X100_HS-21N)
Add component (AddParameter): Name = "Case/Package"; Value = ""; VariantName = "[No Variations]"
Add component (AddParameter): Name = "Max Operating Temperature"; Value = ""; VariantName = "[No Variations]"
Add component (AddParameter): Name = "Max Power Dissipation"; Value = ""; VariantName = "[No Variations]"
Add component (AddParameter): Name = "Max Supply Voltage"; Value = ""; VariantName = "[No Variations]"
Add component (AddParameter): Name = "Min Operating Temperature"; Value = ""; VariantName = "[No Variations]"
Add component (AddParameter): Name = "Min Supply Voltage"; Value = ""; VariantName = "[No Variations]"
Add component (AddParameter): Name = "Mounting Technology"; Value = ""; VariantName = "[No Variations]"
Add component (AddParameter): Name = "Output Voltage"; Value = ""; VariantName = "[No Variations]"
Add component (AddParameter): Name = "Pins"; Value = ""; VariantName = "[No Variations]"
Add component (AddParameter): Name = "RoHS Compliant"; Value = ""; VariantName = "[No Variations]"
Added Component: Designator=U15(FP-LC-8-IPC_C)
Add component (AddParameter): Name = "-3db Bandwidth"; Value = "100kHz"; VariantName = "[No Variations]"
Add component (AddParameter): Name = "Accuracy"; Value = "5%"; VariantName = "[No Variations]"
Add component (AddParameter): Name = "Bandwidth"; Value = "100kHz"; VariantName = "[No Variations]"
Add component (AddParameter): Name = "Case/Package"; Value = "SOIC"; VariantName = "[No Variations]"
Add component (AddParameter): Name = "Current Sensing"; Value = "12.5A"; VariantName = "[No Variations]"
Add component (AddParameter): Name = "Frequency"; Value = "100kHz"; VariantName = "[No Variations]"
Add component (AddParameter): Name = "Height"; Value = "1.5mm"; VariantName = "[No Variations]"
Add component (AddParameter): Name = "Length"; Value = "4.9mm"; VariantName = "[No Variations]"
Add component (AddParameter): Name = "Linearity"; Value = "1%"; VariantName = "[No Variations]"
Add component (AddParameter): Name = "Max Operating Temperature"; Value = "125°C"; VariantName = "[No Variations]"
Add component (AddParameter): Name = "Max Supply Current"; Value = "5.5mA"; VariantName = "[No Variations]"
Add component (AddParameter): Name = "Max Supply Voltage"; Value = "5.5V"; VariantName = "[No Variations]"
Add component (AddParameter): Name = "Min Operating Temperature"; Value = "-40°C"; VariantName = "[No Variations]"
Add component (AddParameter): Name = "Min Supply Voltage"; Value = "3V"; VariantName = "[No Variations]"
Add component (AddParameter): Name = "Number of Channels"; Value = "1"; VariantName = "[No Variations]"
Add component (AddParameter): Name = "Number of Pins"; Value = "8"; VariantName = "[No Variations]"
Add component (AddParameter): Name = "Operating Supply Voltage"; Value = "3.3V"; VariantName = "[No Variations]"
Add component (AddParameter): Name = "Package Quantity"; Value = "1"; VariantName = "[No Variations]"
Add component (AddParameter): Name = "Packaging"; Value = "Tape and Reel"; VariantName = "[No Variations]"
Add component (AddParameter): Name = "Polarity"; Value = "Bidirectional"; VariantName = "[No Variations]"
Add component (AddParameter): Name = "Quiescent Current"; Value = "4mA"; VariantName = "[No Variations]"
Add component (AddParameter): Name = "REACH SVHC"; Value = "No SVHC"; VariantName = "[No Variations]"
Add component (AddParameter): Name = "Response Time"; Value = "4.6us"; VariantName = "[No Variations]"
Add component (AddParameter): Name = "RoHS Compliant"; Value = "Yes"; VariantName = "[No Variations]"
Add component (AddParameter): Name = "Sensitivity"; Value = "110mV/A"; VariantName = "[No Variations]"
Add component (AddParameter): Name = "Series"; Value = "-"; VariantName = "[No Variations]"
Add component (AddParameter): Name = "Width"; Value = "3.9mm"; VariantName = "[No Variations]"
Added Component: Designator=XF1(KSTN-3557-2)
Add component (AddParameter): Name = "Category"; Value = "CircuitProtection"; VariantName = "[No Variations]"
Add component (AddParameter): Name = "Contact Finish"; Value = "TinNickel"; VariantName = "[No Variations]"
Add component (AddParameter): Name = "Contact Material"; Value = "Brass"; VariantName = "[No Variations]"
Add component (AddParameter): Name = "Current Rating"; Value = "30A"; VariantName = "[No Variations]"
Add component (AddParameter): Name = "Datasheet URL"; Value = "http://datasheet.octopart.com/3557-2-Keystone-datasheet-15715937.pdf"; VariantName = "[No Variations]"
Add component (AddParameter): Name = "Datasheet Version"; Value = "Apr-13"; VariantName = "[No Variations]"
Add component (AddParameter): Name = "Family"; Value = "Fuseholders"; VariantName = "[No Variations]"
Add component (AddParameter): Name = "For Use With/Related Products"; Value = "ATC,ATO257,MINI897"; VariantName = "[No Variations]"
Add component (AddParameter): Name = "Fuse Size"; Value = "0.43"Lx0.15"Wx0.64"H(10.92mmx3.81mmx16.25mm)"; VariantName = "[No Variations]"
Add component (AddParameter): Name = "Fuse Type"; Value = "Blade"; VariantName = "[No Variations]"
Add component (AddParameter): Name = "Fuseholder Type"; Value = "Block"; VariantName = "[No Variations]"
Add component (AddParameter): Name = "Manufacturer"; Value = "Keystone-Electronics"; VariantName = "[No Variations]"
Add component (AddParameter): Name = "Manufacturer URL"; Value = "http://www.keyelco.com/"; VariantName = "[No Variations]"
Add component (AddParameter): Name = "Mounting Type"; Value = "PCB"; VariantName = "[No Variations]"
Add component (AddParameter): Name = "Number of Circuits"; Value = "1"; VariantName = "[No Variations]"
Add component (AddParameter): Name = "Orientation"; Value = "Vertical"; VariantName = "[No Variations]"
Add component (AddParameter): Name = "Series"; Value = "-"; VariantName = "[No Variations]"
Add component (AddParameter): Name = "Termination Style"; Value = "PCPin"; VariantName = "[No Variations]"
Add component (AddParameter): Name = "Voltage"; Value = "500V"; VariantName = "[No Variations]"
Added Component: Designator=XF2(KSTN-3557-2)
Add component (AddParameter): Name = "Category"; Value = "CircuitProtection"; VariantName = "[No Variations]"
Add component (AddParameter): Name = "Contact Finish"; Value = "TinNickel"; VariantName = "[No Variations]"
Add component (AddParameter): Name = "Contact Material"; Value = "Brass"; VariantName = "[No Variations]"
Add component (AddParameter): Name = "Current Rating"; Value = "30A"; VariantName = "[No Variations]"
Add component (AddParameter): Name = "Datasheet URL"; Value = "http://datasheet.octopart.com/3557-2-Keystone-datasheet-15715937.pdf"; VariantName = "[No Variations]"
Add component (AddParameter): Name = "Datasheet Version"; Value = "Apr-13"; VariantName = "[No Variations]"
Add component (AddParameter): Name = "Family"; Value = "Fuseholders"; VariantName = "[No Variations]"
Add component (AddParameter): Name = "For Use With/Related Products"; Value = "ATC,ATO257,MINI897"; VariantName = "[No Variations]"
Add component (AddParameter): Name = "Fuse Size"; Value = "0.43"Lx0.15"Wx0.64"H(10.92mmx3.81mmx16.25mm)"; VariantName = "[No Variations]"
Add component (AddParameter): Name = "Fuse Type"; Value = "Blade"; VariantName = "[No Variations]"
Add component (AddParameter): Name = "Fuseholder Type"; Value = "Block"; VariantName = "[No Variations]"
Add component (AddParameter): Name = "Manufacturer"; Value = "Keystone-Electronics"; VariantName = "[No Variations]"
Add component (AddParameter): Name = "Manufacturer URL"; Value = "http://www.keyelco.com/"; VariantName = "[No Variations]"
Add component (AddParameter): Name = "Mounting Type"; Value = "PCB"; VariantName = "[No Variations]"
Add component (AddParameter): Name = "Number of Circuits"; Value = "1"; VariantName = "[No Variations]"
Add component (AddParameter): Name = "Orientation"; Value = "Vertical"; VariantName = "[No Variations]"
Add component (AddParameter): Name = "Series"; Value = "-"; VariantName = "[No Variations]"
Add component (AddParameter): Name = "Termination Style"; Value = "PCPin"; VariantName = "[No Variations]"
Add component (AddParameter): Name = "Voltage"; Value = "500V"; VariantName = "[No Variations]"
Added Component: Designator=XF3(KSTN-3557-2)
Add component (AddParameter): Name = "Category"; Value = "CircuitProtection"; VariantName = "[No Variations]"
Add component (AddParameter): Name = "Contact Finish"; Value = "TinNickel"; VariantName = "[No Variations]"
Add component (AddParameter): Name = "Contact Material"; Value = "Brass"; VariantName = "[No Variations]"
Add component (AddParameter): Name = "Current Rating"; Value = "30A"; VariantName = "[No Variations]"
Add component (AddParameter): Name = "Datasheet URL"; Value = "http://datasheet.octopart.com/3557-2-Keystone-datasheet-15715937.pdf"; VariantName = "[No Variations]"
Add component (AddParameter): Name = "Datasheet Version"; Value = "Apr-13"; VariantName = "[No Variations]"
Add component (AddParameter): Name = "Family"; Value = "Fuseholders"; VariantName = "[No Variations]"
Add component (AddParameter): Name = "For Use With/Related Products"; Value = "ATC,ATO257,MINI897"; VariantName = "[No Variations]"
Add component (AddParameter): Name = "Fuse Size"; Value = "0.43"Lx0.15"Wx0.64"H(10.92mmx3.81mmx16.25mm)"; VariantName = "[No Variations]"
Add component (AddParameter): Name = "Fuse Type"; Value = "Blade"; VariantName = "[No Variations]"
Add component (AddParameter): Name = "Fuseholder Type"; Value = "Block"; VariantName = "[No Variations]"
Add component (AddParameter): Name = "Manufacturer"; Value = "Keystone-Electronics"; VariantName = "[No Variations]"
Add component (AddParameter): Name = "Manufacturer URL"; Value = "http://www.keyelco.com/"; VariantName = "[No Variations]"
Add component (AddParameter): Name = "Mounting Type"; Value = "PCB"; VariantName = "[No Variations]"
Add component (AddParameter): Name = "Number of Circuits"; Value = "1"; VariantName = "[No Variations]"
Add component (AddParameter): Name = "Orientation"; Value = "Vertical"; VariantName = "[No Variations]"
Add component (AddParameter): Name = "Series"; Value = "-"; VariantName = "[No Variations]"
Add component (AddParameter): Name = "Termination Style"; Value = "PCPin"; VariantName = "[No Variations]"
Add component (AddParameter): Name = "Voltage"; Value = "500V"; VariantName = "[No Variations]"
Added Component: Designator=XF4(KSTN-3557-2)
Add component (AddParameter): Name = "Category"; Value = "CircuitProtection"; VariantName = "[No Variations]"
Add component (AddParameter): Name = "Contact Finish"; Value = "TinNickel"; VariantName = "[No Variations]"
Add component (AddParameter): Name = "Contact Material"; Value = "Brass"; VariantName = "[No Variations]"
Add component (AddParameter): Name = "Current Rating"; Value = "30A"; VariantName = "[No Variations]"
Add component (AddParameter): Name = "Datasheet URL"; Value = "http://datasheet.octopart.com/3557-2-Keystone-datasheet-15715937.pdf"; VariantName = "[No Variations]"
Add component (AddParameter): Name = "Datasheet Version"; Value = "Apr-13"; VariantName = "[No Variations]"
Add component (AddParameter): Name = "Family"; Value = "Fuseholders"; VariantName = "[No Variations]"
Add component (AddParameter): Name = "For Use With/Related Products"; Value = "ATC,ATO257,MINI897"; VariantName = "[No Variations]"
Add component (AddParameter): Name = "Fuse Size"; Value = "0.43"Lx0.15"Wx0.64"H(10.92mmx3.81mmx16.25mm)"; VariantName = "[No Variations]"
Add component (AddParameter): Name = "Fuse Type"; Value = "Blade"; VariantName = "[No Variations]"
Add component (AddParameter): Name = "Fuseholder Type"; Value = "Block"; VariantName = "[No Variations]"
Add component (AddParameter): Name = "Manufacturer"; Value = "Keystone-Electronics"; VariantName = "[No Variations]"
Add component (AddParameter): Name = "Manufacturer URL"; Value = "http://www.keyelco.com/"; VariantName = "[No Variations]"
Add component (AddParameter): Name = "Mounting Type"; Value = "PCB"; VariantName = "[No Variations]"
Add component (AddParameter): Name = "Number of Circuits"; Value = "1"; VariantName = "[No Variations]"
Add component (AddParameter): Name = "Orientation"; Value = "Vertical"; VariantName = "[No Variations]"
Add component (AddParameter): Name = "Series"; Value = "-"; VariantName = "[No Variations]"
Add component (AddParameter): Name = "Termination Style"; Value = "PCPin"; VariantName = "[No Variations]"
Add component (AddParameter): Name = "Voltage"; Value = "500V"; VariantName = "[No Variations]"
Added Component: Designator=XF5(KSTN-3557-2)
Add component (AddParameter): Name = "Category"; Value = "CircuitProtection"; VariantName = "[No Variations]"
Add component (AddParameter): Name = "Contact Finish"; Value = "TinNickel"; VariantName = "[No Variations]"
Add component (AddParameter): Name = "Contact Material"; Value = "Brass"; VariantName = "[No Variations]"
Add component (AddParameter): Name = "Current Rating"; Value = "30A"; VariantName = "[No Variations]"
Add component (AddParameter): Name = "Datasheet URL"; Value = "http://datasheet.octopart.com/3557-2-Keystone-datasheet-15715937.pdf"; VariantName = "[No Variations]"
Add component (AddParameter): Name = "Datasheet Version"; Value = "Apr-13"; VariantName = "[No Variations]"
Add component (AddParameter): Name = "Family"; Value = "Fuseholders"; VariantName = "[No Variations]"
Add component (AddParameter): Name = "For Use With/Related Products"; Value = "ATC,ATO257,MINI897"; VariantName = "[No Variations]"
Add component (AddParameter): Name = "Fuse Size"; Value = "0.43"Lx0.15"Wx0.64"H(10.92mmx3.81mmx16.25mm)"; VariantName = "[No Variations]"
Add component (AddParameter): Name = "Fuse Type"; Value = "Blade"; VariantName = "[No Variations]"
Add component (AddParameter): Name = "Fuseholder Type"; Value = "Block"; VariantName = "[No Variations]"
Add component (AddParameter): Name = "Manufacturer"; Value = "Keystone-Electronics"; VariantName = "[No Variations]"
Add component (AddParameter): Name = "Manufacturer URL"; Value = "http://www.keyelco.com/"; VariantName = "[No Variations]"
Add component (AddParameter): Name = "Mounting Type"; Value = "PCB"; VariantName = "[No Variations]"
Add component (AddParameter): Name = "Number of Circuits"; Value = "1"; VariantName = "[No Variations]"
Add component (AddParameter): Name = "Orientation"; Value = "Vertical"; VariantName = "[No Variations]"
Add component (AddParameter): Name = "Series"; Value = "-"; VariantName = "[No Variations]"
Add component (AddParameter): Name = "Termination Style"; Value = "PCPin"; VariantName = "[No Variations]"
Add component (AddParameter): Name = "Voltage"; Value = "500V"; VariantName = "[No Variations]"
Added Component: Designator=XF6(KSTN-3557-2)
Add component (AddParameter): Name = "Category"; Value = "CircuitProtection"; VariantName = "[No Variations]"
Add component (AddParameter): Name = "Contact Finish"; Value = "TinNickel"; VariantName = "[No Variations]"
Add component (AddParameter): Name = "Contact Material"; Value = "Brass"; VariantName = "[No Variations]"
Add component (AddParameter): Name = "Current Rating"; Value = "30A"; VariantName = "[No Variations]"
Add component (AddParameter): Name = "Datasheet URL"; Value = "http://datasheet.octopart.com/3557-2-Keystone-datasheet-15715937.pdf"; VariantName = "[No Variations]"
Add component (AddParameter): Name = "Datasheet Version"; Value = "Apr-13"; VariantName = "[No Variations]"
Add component (AddParameter): Name = "Family"; Value = "Fuseholders"; VariantName = "[No Variations]"
Add component (AddParameter): Name = "For Use With/Related Products"; Value = "ATC,ATO257,MINI897"; VariantName = "[No Variations]"
Add component (AddParameter): Name = "Fuse Size"; Value = "0.43"Lx0.15"Wx0.64"H(10.92mmx3.81mmx16.25mm)"; VariantName = "[No Variations]"
Add component (AddParameter): Name = "Fuse Type"; Value = "Blade"; VariantName = "[No Variations]"
Add component (AddParameter): Name = "Fuseholder Type"; Value = "Block"; VariantName = "[No Variations]"
Add component (AddParameter): Name = "Manufacturer"; Value = "Keystone-Electronics"; VariantName = "[No Variations]"
Add component (AddParameter): Name = "Manufacturer URL"; Value = "http://www.keyelco.com/"; VariantName = "[No Variations]"
Add component (AddParameter): Name = "Mounting Type"; Value = "PCB"; VariantName = "[No Variations]"
Add component (AddParameter): Name = "Number of Circuits"; Value = "1"; VariantName = "[No Variations]"
Add component (AddParameter): Name = "Orientation"; Value = "Vertical"; VariantName = "[No Variations]"
Add component (AddParameter): Name = "Series"; Value = "-"; VariantName = "[No Variations]"
Add component (AddParameter): Name = "Termination Style"; Value = "PCPin"; VariantName = "[No Variations]"
Add component (AddParameter): Name = "Voltage"; Value = "500V"; VariantName = "[No Variations]"
Added Pin To Net: NetName=X_N Pin=C18-1
Added Pin To Net: NetName=GND Pin=C18-2
Added Pin To Net: NetName=X_P Pin=C19-1
Added Pin To Net: NetName=GND Pin=C19-2
Added Pin To Net: NetName=X32_P Pin=C20-1
Added Pin To Net: NetName=GND Pin=C20-2
Added Pin To Net: NetName=X32_N Pin=C21-1
Added Pin To Net: NetName=GND Pin=C21-2
Added Pin To Net: NetName=BOOT Pin=C22-1
Added Pin To Net: NetName=3V3 Pin=C22-2
Added Pin To Net: NetName=RESETN Pin=C23-1
Added Pin To Net: NetName=GND Pin=C23-2
Added Pin To Net: NetName=3V3 Pin=C24-1
Added Pin To Net: NetName=GND Pin=C24-2
Added Pin To Net: NetName=3V3 Pin=C25-1
Added Pin To Net: NetName=GND Pin=C25-2
Added Pin To Net: NetName=3V3 Pin=C26-1
Added Pin To Net: NetName=GND Pin=C26-2
Added Pin To Net: NetName=3V3 Pin=C27-1
Added Pin To Net: NetName=GND Pin=C27-2
Added Pin To Net: NetName=3V3 Pin=C28-1
Added Pin To Net: NetName=GND Pin=C28-2
Added Pin To Net: NetName=3V3 Pin=C29-1
Added Pin To Net: NetName=GND Pin=C29-2
Added Pin To Net: NetName=VDDA Pin=C30-1
Added Pin To Net: NetName=GND Pin=C30-2
Added Pin To Net: NetName=VDDA Pin=C31-1
Added Pin To Net: NetName=GND Pin=C31-2
Added Pin To Net: NetName=GND Pin=C32-2
Added Pin To Net: NetName=GND Pin=C33-2
Added Pin To Net: NetName=GND Pin=C34-2
Added Pin To Net: NetName=GND Pin=C35-2
Added Pin To Net: NetName=3V3 Pin=C36-1
Added Pin To Net: NetName=GND Pin=C36-2
Added Pin To Net: NetName=3V3 Pin=C37-1
Added Pin To Net: NetName=GND Pin=C37-2
Added Pin To Net: NetName=VDDA Pin=C38-1
Added Pin To Net: NetName=GND Pin=C38-2
Added Pin To Net: NetName=VDDA Pin=C39-1
Added Pin To Net: NetName=GND Pin=C39-2
Added Pin To Net: NetName=GND Pin=C52-1
Added Pin To Net: NetName=GND Pin=C53-1
Added Pin To Net: NetName=GND Pin=C54-1
Added Pin To Net: NetName=GND Pin=C55-1
Added Pin To Net: NetName=GND Pin=C56-1
Added Pin To Net: NetName=GND Pin=C57-1
Added Pin To Net: NetName=GND Pin=C58-1
Added Pin To Net: NetName=GND Pin=C59-2
Added Pin To Net: NetName=GND Pin=C60-2
Added Pin To Net: NetName=GND Pin=C61-2
Added Pin To Net: NetName=GND Pin=C62-2
Added Pin To Net: NetName=GND Pin=C63-2
Added Pin To Net: NetName=GND Pin=C64-2
Added Pin To Net: NetName=GND Pin=C65-2
Added Pin To Net: NetName=GND Pin=C67-2
Added Pin To Net: NetName=GND Pin=C68-1
Added Pin To Net: NetName=GND Pin=C69-2
Added Pin To Net: NetName=GND Pin=C70-2
Added Pin To Net: NetName=3V3 Pin=C71-1
Added Pin To Net: NetName=GND Pin=C71-2
Added Pin To Net: NetName=GND Pin=C72-2
Added Pin To Net: NetName=GND Pin=C73-2
Added Pin To Net: NetName=GND Pin=C74-2
Added Pin To Net: NetName=GND Pin=C75-2
Added Pin To Net: NetName=GND Pin=C76-2
Added Pin To Net: NetName=PRE_VCC Pin=D2-2
Added Pin To Net: NetName=GND Pin=D8-2
Added Pin To Net: NetName=EXT_IN_0 Pin=F6_BYPASS_0-1
Added Pin To Net: NetName=EXT_IN_1 Pin=F6_BYPASS_1-1
Added Pin To Net: NetName=EXT_IN_2 Pin=F6_BYPASS_2-1
Added Pin To Net: NetName=EXT_IN_3 Pin=F6_BYPASS_3-1
Added Pin To Net: NetName=PRE_VCC Pin=Q3-1
Added Pin To Net: NetName=PRE_VCC Pin=Q3-2
Added Pin To Net: NetName=PRE_VCC Pin=Q3-3
Added Pin To Net: NetName=RP_MOS_LINK Pin=Q3-4
Added Pin To Net: NetName=NetD8_BYPASS_0_1 Pin=Q7_BYPASS_0-1
Added Pin To Net: NetName=NetD8_BYPASS_0_1 Pin=Q7_BYPASS_0-2
Added Pin To Net: NetName=NetD8_BYPASS_0_1 Pin=Q7_BYPASS_0-3
Added Pin To Net: NetName=NetD8_BYPASS_1_1 Pin=Q7_BYPASS_1-1
Added Pin To Net: NetName=NetD8_BYPASS_1_1 Pin=Q7_BYPASS_1-2
Added Pin To Net: NetName=NetD8_BYPASS_1_1 Pin=Q7_BYPASS_1-3
Added Pin To Net: NetName=NetD8_BYPASS_2_1 Pin=Q7_BYPASS_2-1
Added Pin To Net: NetName=NetD8_BYPASS_2_1 Pin=Q7_BYPASS_2-2
Added Pin To Net: NetName=NetD8_BYPASS_2_1 Pin=Q7_BYPASS_2-3
Added Pin To Net: NetName=NetD8_BYPASS_3_1 Pin=Q7_BYPASS_3-1
Added Pin To Net: NetName=NetD8_BYPASS_3_1 Pin=Q7_BYPASS_3-2
Added Pin To Net: NetName=NetD8_BYPASS_3_1 Pin=Q7_BYPASS_3-3
Added Pin To Net: NetName=GND Pin=Q10-3
Added Pin To Net: NetName=I_nFAULT Pin=R26-1
Added Pin To Net: NetName=3V3 Pin=R26-2
Added Pin To Net: NetName=GND Pin=R27-1
Added Pin To Net: NetName=RP_MOS_LINK Pin=R27-2
Added Pin To Net: NetName=CAN_INH Pin=R30-1
Added Pin To Net: NetName=GATE_BYPASS_0 Pin=R57_BYPASS_0-1
Added Pin To Net: NetName=GND Pin=R57_BYPASS_0-2
Added Pin To Net: NetName=GATE_BYPASS_1 Pin=R57_BYPASS_1-1
Added Pin To Net: NetName=GND Pin=R57_BYPASS_1-2
Added Pin To Net: NetName=GATE_BYPASS_2 Pin=R57_BYPASS_2-1
Added Pin To Net: NetName=GND Pin=R57_BYPASS_2-2
Added Pin To Net: NetName=GATE_BYPASS_3 Pin=R57_BYPASS_3-1
Added Pin To Net: NetName=GND Pin=R57_BYPASS_3-2
Added Pin To Net: NetName=3V3 Pin=R87-1
Added Pin To Net: NetName=3V3 Pin=R89-2
Added Pin To Net: NetName=GND Pin=R91-2
Added Pin To Net: NetName=GND Pin=R92-2
Added Pin To Net: NetName=GND Pin=R94-2
Added Pin To Net: NetName=GND Pin=U14-10
Added Pin To Net: NetName=GND Pin=U14-14
Added Pin To Net: NetName=GND Pin=U14-19
Added Pin To Net: NetName=GND Pin=U14-21
Added Pin To Net: NetName=GND Pin=U15-5
Added Pin To Net: NetName=3V3 Pin=U15-8
Added Pin To Net: NetName=PWR_IN Pin=XF1-1
Added Pin To Net: NetName=PWR_IN Pin=XF1-2
Added Pin To Net: NetName=PWR_IN_12V_REG_0 Pin=XF6-3
Added Pin To Net: NetName=PWR_IN_12V_REG_0 Pin=XF6-4
Change Net Name : Old Net Name=5V New Net Name=TCAN1146_5V
Change Net Name : Old Net Name=M3_I_SENSE New Net Name=VCC_I_SENSE
Change Net Name : Old Net Name=NetD8_BYPASS_0_1 New Net Name=NetD7_BYPASS_0_1
Change Net Name : Old Net Name=NetD8_BYPASS_1_1 New Net Name=NetD7_BYPASS_1_1
Change Net Name : Old Net Name=NetD8_BYPASS_2_1 New Net Name=NetD7_BYPASS_2_1
Change Net Name : Old Net Name=NetD8_BYPASS_3_1 New Net Name=NetD7_BYPASS_3_1
Change Net Name : Old Net Name=NetQ9_BYPASS_0_2 New Net Name=NetQ8_BYPASS_0_2
Change Net Name : Old Net Name=NetQ9_BYPASS_0_3 New Net Name=NetQ8_BYPASS_0_3
Change Net Name : Old Net Name=NetQ9_BYPASS_0_5 New Net Name=NetQ8_BYPASS_0_5
Change Net Name : Old Net Name=NetQ9_BYPASS_1_2 New Net Name=NetQ8_BYPASS_1_2
Change Net Name : Old Net Name=NetQ9_BYPASS_1_3 New Net Name=NetQ8_BYPASS_1_3
Change Net Name : Old Net Name=NetQ9_BYPASS_1_5 New Net Name=NetQ8_BYPASS_1_5
Change Net Name : Old Net Name=NetQ9_BYPASS_2_2 New Net Name=NetQ8_BYPASS_2_2
Change Net Name : Old Net Name=NetQ9_BYPASS_2_3 New Net Name=NetQ8_BYPASS_2_3
Change Net Name : Old Net Name=NetQ9_BYPASS_2_5 New Net Name=NetQ8_BYPASS_2_5
Change Net Name : Old Net Name=NetQ9_BYPASS_3_2 New Net Name=NetQ8_BYPASS_3_2
Change Net Name : Old Net Name=NetQ9_BYPASS_3_3 New Net Name=NetQ8_BYPASS_3_3
Change Net Name : Old Net Name=NetQ9_BYPASS_3_5 New Net Name=NetQ8_BYPASS_3_5
Change Net Name : Old Net Name=NetR2_MOSFET_BANK_0_1 New Net Name=NetR3_MOSFET_BANK_0_1
Change Net Name : Old Net Name=NetR2_MOSFET_BANK_1_1 New Net Name=NetR3_MOSFET_BANK_1_1
Change Net Name : Old Net Name=NetR2_MOSFET_BANK_2_1 New Net Name=NetR3_MOSFET_BANK_2_1
Change Net Name : Old Net Name=NetR2_MOSFET_BANK_3_1 New Net Name=NetR3_MOSFET_BANK_3_1
Change Net Name : Old Net Name=NetR3_MOSFET_BANK_0_1 New Net Name=NetR2_MOSFET_BANK_0_1
Change Net Name : Old Net Name=NetR3_MOSFET_BANK_1_1 New Net Name=NetR2_MOSFET_BANK_1_1
Change Net Name : Old Net Name=NetR3_MOSFET_BANK_2_1 New Net Name=NetR2_MOSFET_BANK_2_1
Change Net Name : Old Net Name=NetR3_MOSFET_BANK_3_1 New Net Name=NetR2_MOSFET_BANK_3_1
Change Net Name : Old Net Name=NetR6_MOSFET_BANK_0_1 New Net Name=NetR5_MOSFET_BANK_0_1
Change Net Name : Old Net Name=NetR6_MOSFET_BANK_1_1 New Net Name=NetR5_MOSFET_BANK_1_1
Change Net Name : Old Net Name=NetR6_MOSFET_BANK_2_1 New Net Name=NetR5_MOSFET_BANK_2_1
Change Net Name : Old Net Name=NetR6_MOSFET_BANK_3_1 New Net Name=NetR5_MOSFET_BANK_3_1
Change Net Name : Old Net Name=NetR8_MOSFET_BANK_0_1 New Net Name=NetR6_MOSFET_BANK_0_1
Change Net Name : Old Net Name=NetR8_MOSFET_BANK_1_1 New Net Name=NetR6_MOSFET_BANK_1_1
Change Net Name : Old Net Name=NetR8_MOSFET_BANK_2_1 New Net Name=NetR6_MOSFET_BANK_2_1
Change Net Name : Old Net Name=NetR8_MOSFET_BANK_3_1 New Net Name=NetR6_MOSFET_BANK_3_1
Change Net Name : Old Net Name=NetR15_MOSFET_BANK_0_1 New Net Name=NetR13_MOSFET_BANK_0_1
Change Net Name : Old Net Name=NetR15_MOSFET_BANK_1_1 New Net Name=NetR13_MOSFET_BANK_1_1
Change Net Name : Old Net Name=NetR15_MOSFET_BANK_2_1 New Net Name=NetR13_MOSFET_BANK_2_1
Change Net Name : Old Net Name=NetR15_MOSFET_BANK_3_1 New Net Name=NetR13_MOSFET_BANK_3_1
Change Net Name : Old Net Name=NetR16_MOSFET_BANK_0_1 New Net Name=NetR14_MOSFET_BANK_0_1
Change Net Name : Old Net Name=NetR16_MOSFET_BANK_1_1 New Net Name=NetR14_MOSFET_BANK_1_1
Change Net Name : Old Net Name=NetR16_MOSFET_BANK_2_1 New Net Name=NetR14_MOSFET_BANK_2_1
Change Net Name : Old Net Name=NetR16_MOSFET_BANK_3_1 New Net Name=NetR14_MOSFET_BANK_3_1
Change Net Name : Old Net Name=NetR17_MOSFET_BANK_0_1 New Net Name=NetR15_MOSFET_BANK_0_1
Change Net Name : Old Net Name=NetR17_MOSFET_BANK_1_1 New Net Name=NetR15_MOSFET_BANK_1_1
Change Net Name : Old Net Name=NetR17_MOSFET_BANK_2_1 New Net Name=NetR15_MOSFET_BANK_2_1
Change Net Name : Old Net Name=NetR17_MOSFET_BANK_3_1 New Net Name=NetR15_MOSFET_BANK_3_1
Change Net Name : Old Net Name=NetR19_MOSFET_BANK_0_1 New Net Name=NetR17_MOSFET_BANK_0_1
Change Net Name : Old Net Name=NetR19_MOSFET_BANK_1_1 New Net Name=NetR17_MOSFET_BANK_1_1
Change Net Name : Old Net Name=NetR19_MOSFET_BANK_2_1 New Net Name=NetR17_MOSFET_BANK_2_1
Change Net Name : Old Net Name=NetR19_MOSFET_BANK_3_1 New Net Name=NetR17_MOSFET_BANK_3_1
Change Net Name : Old Net Name=NetR35_1 New Net Name=NetR34_1
Change Net Name : Old Net Name=NetR42_2 New Net Name=NetR39_2
Change Net Name : Old Net Name=NetR43_2 New Net Name=NetR40_2
Change Net Name : Old Net Name=NetR50_12V_REG_0_1 New Net Name=NetR48_12V_REG_0_1
Change Net Name : Old Net Name=NetR50_12V_REG_1_1 New Net Name=NetR48_12V_REG_1_1
Change Net Name : Old Net Name=NetR50_12V_REG_2_1 New Net Name=NetR48_12V_REG_2_1
Change Net Name : Old Net Name=NetR87_12V_REG_0_2 New Net Name=NetR52_12V_REG_0_2
Change Net Name : Old Net Name=NetR87_12V_REG_1_2 New Net Name=NetR52_12V_REG_1_2
Change Net Name : Old Net Name=NetR87_12V_REG_2_2 New Net Name=NetR52_12V_REG_2_2
Change Net Name : Old Net Name=PWR_IN_12V_REG_0 New Net Name=BCM_VCC
Change Net Color : Old Net Color=Lime New Net Color=Fuchsia
Added Pin To Net: NetName=AMP_36V Pin=R93-1
Added Pin To Net: NetName=AMP_36V Pin=U15-3
Added Pin To Net: NetName=AMP_36V Pin=U15-4
Added Net: Name=AMP_36V
Added Pin To Net: NetName=AMP_VCC Pin=C67-1
Added Pin To Net: NetName=AMP_VCC Pin=C68-2
Added Pin To Net: NetName=AMP_VCC Pin=C69-1
Added Pin To Net: NetName=AMP_VCC Pin=C70-1
Added Pin To Net: NetName=AMP_VCC Pin=R85-1
Added Pin To Net: NetName=AMP_VCC Pin=U14-1
Added Pin To Net: NetName=AMP_VCC Pin=U14-8
Added Pin To Net: NetName=AMP_VCC Pin=XF2-3
Added Pin To Net: NetName=AMP_VCC Pin=XF2-4
Added Net: Name=AMP_VCC
Added Pin To Net: NetName=BST_REG_OUT Pin=C52-2
Added Pin To Net: NetName=BST_REG_OUT Pin=C53-2
Added Pin To Net: NetName=BST_REG_OUT Pin=C54-2
Added Pin To Net: NetName=BST_REG_OUT Pin=C55-2
Added Pin To Net: NetName=BST_REG_OUT Pin=C56-2
Added Pin To Net: NetName=BST_REG_OUT Pin=C57-2
Added Pin To Net: NetName=BST_REG_OUT Pin=C58-2
Added Pin To Net: NetName=BST_REG_OUT Pin=C59-1
Added Pin To Net: NetName=BST_REG_OUT Pin=C60-1
Added Pin To Net: NetName=BST_REG_OUT Pin=C61-1
Added Pin To Net: NetName=BST_REG_OUT Pin=C62-1
Added Pin To Net: NetName=BST_REG_OUT Pin=C63-1
Added Pin To Net: NetName=BST_REG_OUT Pin=C64-1
Added Pin To Net: NetName=BST_REG_OUT Pin=C65-1
Added Pin To Net: NetName=BST_REG_OUT Pin=Q9-3
Added Pin To Net: NetName=BST_REG_OUT Pin=U14-3
Added Pin To Net: NetName=BST_REG_OUT Pin=U15-1
Added Pin To Net: NetName=BST_REG_OUT Pin=U15-2
Added Net: Name=BST_REG_OUT
Added Pin To Net: NetName=INT_VCC Pin=F1-2
Added Net: Name=INT_VCC
Added Pin To Net: NetName=NetC32_1 Pin=C32-1
Added Pin To Net: NetName=NetC32_1 Pin=C33-1
Added Pin To Net: NetName=NetC32_1 Pin=U10-48
Added Net: Name=NetC32_1
Added Pin To Net: NetName=NetC34_1 Pin=C34-1
Added Pin To Net: NetName=NetC34_1 Pin=C35-1
Added Pin To Net: NetName=NetC34_1 Pin=U10-73
Added Net: Name=NetC34_1
Added Pin To Net: NetName=NetC66_1 Pin=C66-1
Added Pin To Net: NetName=NetC66_1 Pin=L3-2
Added Pin To Net: NetName=NetC66_1 Pin=Q9-4
Added Pin To Net: NetName=NetC66_1 Pin=Q10-4
Added Pin To Net: NetName=NetC66_1 Pin=U14-6
Added Net: Name=NetC66_1
Added Pin To Net: NetName=NetC66_2 Pin=C66-2
Added Pin To Net: NetName=NetC66_2 Pin=U14-7
Added Net: Name=NetC66_2
Added Pin To Net: NetName=NetC72_1 Pin=C72-1
Added Pin To Net: NetName=NetC72_1 Pin=U14-9
Added Pin To Net: NetName=NetC72_1 Pin=U14-12
Added Net: Name=NetC72_1
Added Pin To Net: NetName=NetC73_1 Pin=C73-1
Added Pin To Net: NetName=NetC73_1 Pin=U14-17
Added Net: Name=NetC73_1
Added Pin To Net: NetName=NetC74_1 Pin=C74-1
Added Pin To Net: NetName=NetC74_1 Pin=R88-1
Added Pin To Net: NetName=NetC74_1 Pin=U14-20
Added Net: Name=NetC74_1
Added Pin To Net: NetName=NetC75_1 Pin=C75-1
Added Pin To Net: NetName=NetC75_1 Pin=R88-2
Added Net: Name=NetC75_1
Added Pin To Net: NetName=NetC76_1 Pin=C76-1
Added Pin To Net: NetName=NetC76_1 Pin=R90-1
Added Pin To Net: NetName=NetC76_1 Pin=U14-16
Added Net: Name=NetC76_1
Added Pin To Net: NetName=NetD7_BYPASS_0_2 Pin=D7_BYPASS_0-2
Added Pin To Net: NetName=NetD7_BYPASS_0_2 Pin=F6_BYPASS_0-2
Added Net: Name=NetD7_BYPASS_0_2
Added Pin To Net: NetName=NetD7_BYPASS_1_2 Pin=D7_BYPASS_1-2
Added Pin To Net: NetName=NetD7_BYPASS_1_2 Pin=F6_BYPASS_1-2
Added Net: Name=NetD7_BYPASS_1_2
Added Pin To Net: NetName=NetD7_BYPASS_2_2 Pin=D7_BYPASS_2-2
Added Pin To Net: NetName=NetD7_BYPASS_2_2 Pin=F6_BYPASS_2-2
Added Net: Name=NetD7_BYPASS_2_2
Added Pin To Net: NetName=NetD7_BYPASS_3_2 Pin=D7_BYPASS_3-2
Added Pin To Net: NetName=NetD7_BYPASS_3_2 Pin=F6_BYPASS_3-2
Added Net: Name=NetD7_BYPASS_3_2
Added Pin To Net: NetName=NetD8_1 Pin=D8-1
Added Pin To Net: NetName=NetD8_1 Pin=R93-2
Added Pin To Net: NetName=NetD8_1 Pin=R94-1
Added Net: Name=NetD8_1
Added Pin To Net: NetName=NetL3_1 Pin=L3-1
Added Pin To Net: NetName=NetL3_1 Pin=R85-2
Added Pin To Net: NetName=NetL3_1 Pin=U14-2
Added Net: Name=NetL3_1
Added Pin To Net: NetName=NetQ1_5-6-7-8 Pin=Q1-5-6-7-8
Added Pin To Net: NetName=NetQ1_5-6-7-8 Pin=Q3-5-6-7-8
Added Pin To Net: NetName=NetQ1_5-6-7-8 Pin=XF1-3
Added Pin To Net: NetName=NetQ1_5-6-7-8 Pin=XF1-4
Added Net: Name=NetQ1_5-6-7-8
Added Pin To Net: NetName=NetQ9_1 Pin=Q9-1
Added Pin To Net: NetName=NetQ9_1 Pin=U14-5
Added Net: Name=NetQ9_1
Added Pin To Net: NetName=NetQ10_1 Pin=Q10-1
Added Pin To Net: NetName=NetQ10_1 Pin=U14-11
Added Net: Name=NetQ10_1
Added Pin To Net: NetName=NetR86_1 Pin=R86-1
Added Pin To Net: NetName=NetR86_1 Pin=U14-13
Added Net: Name=NetR86_1
Added Pin To Net: NetName=NetR86_2 Pin=R86-2
Added Net: Name=NetR86_2
Added Pin To Net: NetName=NetR87_2 Pin=R87-2
Added Pin To Net: NetName=NetR87_2 Pin=U15-6
Added Net: Name=NetR87_2
Added Pin To Net: NetName=NetR89_1 Pin=R89-1
Added Pin To Net: NetName=NetR89_1 Pin=U14-4
Added Net: Name=NetR89_1
Added Pin To Net: NetName=NetR90_2 Pin=R90-2
Added Pin To Net: NetName=NetR90_2 Pin=R92-1
Added Pin To Net: NetName=NetR90_2 Pin=U14-18
Added Net: Name=NetR90_2
Added Pin To Net: NetName=NetR91_1 Pin=R91-1
Added Pin To Net: NetName=NetR91_1 Pin=U14-15
Added Net: Name=NetR91_1
Added Pin To Net: NetName=NetU15_7 Pin=U15-7
Added Net: Name=NetU15_7
Added Pin To Net: NetName=PWR_OUT Pin=C16-1
Added Pin To Net: NetName=PWR_OUT Pin=F1-1
Added Pin To Net: NetName=PWR_OUT Pin=U7-3
Added Pin To Net: NetName=PWR_OUT Pin=U7-4
Added Pin To Net: NetName=PWR_OUT Pin=U9-3
Added Pin To Net: NetName=PWR_OUT Pin=XF2-1
Added Pin To Net: NetName=PWR_OUT Pin=XF2-2
Added Pin To Net: NetName=PWR_OUT Pin=XF3-1
Added Pin To Net: NetName=PWR_OUT Pin=XF3-2
Added Pin To Net: NetName=PWR_OUT Pin=XF4-1
Added Pin To Net: NetName=PWR_OUT Pin=XF4-2
Added Pin To Net: NetName=PWR_OUT Pin=XF5-1
Added Pin To Net: NetName=PWR_OUT Pin=XF5-2
Added Pin To Net: NetName=PWR_OUT Pin=XF6-1
Added Pin To Net: NetName=PWR_OUT Pin=XF6-2
Added Net: Name=PWR_OUT
Added Pin To Net: NetName=REG_PWR_IN_12V_REG_0 Pin=C40_12V_REG_0-2
Added Pin To Net: NetName=REG_PWR_IN_12V_REG_0 Pin=C41_12V_REG_0-2
Added Pin To Net: NetName=REG_PWR_IN_12V_REG_0 Pin=C42_12V_REG_0-2
Added Pin To Net: NetName=REG_PWR_IN_12V_REG_0 Pin=U11_12V_REG_0-2
Added Pin To Net: NetName=REG_PWR_IN_12V_REG_0 Pin=XF3-3
Added Pin To Net: NetName=REG_PWR_IN_12V_REG_0 Pin=XF3-4
Added Net: Name=REG_PWR_IN_12V_REG_0
Added Pin To Net: NetName=REG_PWR_IN_12V_REG_1 Pin=C40_12V_REG_1-2
Added Pin To Net: NetName=REG_PWR_IN_12V_REG_1 Pin=C41_12V_REG_1-2
Added Pin To Net: NetName=REG_PWR_IN_12V_REG_1 Pin=C42_12V_REG_1-2
Added Pin To Net: NetName=REG_PWR_IN_12V_REG_1 Pin=U11_12V_REG_1-2
Added Pin To Net: NetName=REG_PWR_IN_12V_REG_1 Pin=XF4-3
Added Pin To Net: NetName=REG_PWR_IN_12V_REG_1 Pin=XF4-4
Added Net: Name=REG_PWR_IN_12V_REG_1
Added Pin To Net: NetName=REG_PWR_IN_12V_REG_2 Pin=C40_12V_REG_2-2
Added Pin To Net: NetName=REG_PWR_IN_12V_REG_2 Pin=C41_12V_REG_2-2
Added Pin To Net: NetName=REG_PWR_IN_12V_REG_2 Pin=C42_12V_REG_2-2
Added Pin To Net: NetName=REG_PWR_IN_12V_REG_2 Pin=U11_12V_REG_2-2
Added Pin To Net: NetName=REG_PWR_IN_12V_REG_2 Pin=XF5-3
Added Pin To Net: NetName=REG_PWR_IN_12V_REG_2 Pin=XF5-4
Added Net: Name=REG_PWR_IN_12V_REG_2
Added Pin To Net: NetName=VCC Pin=R29-2
Added Net: Name=VCC
Added Class: Name=AMP_REG_0
Added Member To Class: ClassName=BCM_ECU Member=Component F1 0ZCH0075AF2E
Added Member To Class: ClassName=BYPASS_0 Member=Component F6_BYPASS_0 (F6) 0466003.NR
Added Member To Class: ClassName=BYPASS_1 Member=Component F6_BYPASS_1 (F6) 0466003.NR
Added Member To Class: ClassName=BYPASS_2 Member=Component F6_BYPASS_2 (F6) 0466003.NR
Added Member To Class: ClassName=BYPASS_3 Member=Component F6_BYPASS_3 (F6) 0466003.NR
Added Member To Class: ClassName=PWR_MGMT Member=Component R26 100k
Added Member To Class: ClassName=PWR_MGMT Member=Component R27 100k
Added Member To Class: ClassName=BYPASS_0 Member=Component R57_BYPASS_0 (R57) 100k
Added Member To Class: ClassName=BYPASS_1 Member=Component R57_BYPASS_1 (R57) 100k
Added Member To Class: ClassName=BYPASS_2 Member=Component R57_BYPASS_2 (R57) 100k
Added Member To Class: ClassName=BYPASS_3 Member=Component R57_BYPASS_3 (R57) 100k
Added Member To Class: ClassName=BCM_ECU Member=Component XF1 3557-2
Added Member To Class: ClassName=BCM_ECU Member=Component XF2 3557-2
Added Member To Class: ClassName=BCM_ECU Member=Component XF3 3557-2
Added Member To Class: ClassName=BCM_ECU Member=Component XF4 3557-2
Added Member To Class: ClassName=BCM_ECU Member=Component XF5 3557-2
Added Member To Class: ClassName=BCM_ECU Member=Component XF6 3557-2
